# WaveFront *.obj file (generated by Autodesk ATF)

mtllib Button_edu_ISS.mtl

g Body1

v 163.300000 -90.250000 2.300000
v 163.284808 -90.423648 2.300000
v 163.239693 -90.592020 2.300000
v 163.166025 -90.750000 2.300000
v 163.066044 -90.892788 2.300000
v 162.942788 -91.016044 2.300000
v 162.800000 -91.116025 2.300000
v 162.642020 -91.189693 2.300000
v 162.473648 -91.234808 2.300000
v 162.300000 -91.250000 2.300000
v 160.900000 -91.250000 2.300000
v 160.900000 -83.850000 2.300000
v 162.300000 -83.850000 2.300000
v 162.473648 -83.865192 2.300000
v 162.642020 -83.910307 2.300000
v 162.800000 -83.983975 2.300000
v 162.942788 -84.083956 2.300000
v 163.066044 -84.207212 2.300000
v 163.166025 -84.350000 2.300000
v 163.239693 -84.507980 2.300000
v 163.284808 -84.676352 2.300000
v 163.300000 -84.850000 2.300000
v 120.700000 -91.250000 2.300000
v 120.526352 -91.234808 2.300000
v 120.357980 -91.189693 2.300000
v 120.200000 -91.116025 2.300000
v 120.057212 -91.016044 2.300000
v 119.933956 -90.892788 2.300000
v 119.833975 -90.750000 2.300000
v 119.760307 -90.592020 2.300000
v 119.715192 -90.423648 2.300000
v 119.700000 -90.250000 2.300000
v 119.700000 -84.850000 2.300000
v 119.715192 -84.676352 2.300000
v 119.760307 -84.507980 2.300000
v 119.833975 -84.350000 2.300000
v 119.933956 -84.207212 2.300000
v 120.057212 -84.083956 2.300000
v 120.200000 -83.983975 2.300000
v 120.357980 -83.910307 2.300000
v 120.526352 -83.865192 2.300000
v 120.700000 -83.850000 2.300000
v 121.900000 -83.850000 2.300000
v 121.900000 -91.250000 2.300000
v 162.300000 -83.850000 9.600000
v 162.473648 -83.865192 9.600000
v 162.642020 -83.910307 9.600000
v 162.800000 -83.983975 9.600000
v 162.942788 -84.083956 9.600000
v 163.066044 -84.207212 9.600000
v 163.166025 -84.350000 9.600000
v 163.239693 -84.507980 9.600000
v 163.284808 -84.676352 9.600000
v 163.300000 -84.850000 9.600000
v 163.284808 -84.676352 5.950000
v 163.239693 -84.507980 5.950000
v 163.166025 -84.350000 5.950000
v 163.066044 -84.207212 5.950000
v 162.942788 -84.083956 5.950000
v 162.800000 -83.983975 5.950000
v 162.642020 -83.910307 5.950000
v 162.473648 -83.865192 5.950000
v 160.900000 -83.850000 -4.400000
v 162.500000 -83.850000 -4.400000
v 162.173484 -83.850000 -5.488386
v 161.453775 -83.850000 -6.567950
v 159.899075 -83.850000 -7.400000
v 158.700000 -83.850000 -7.400000
v 158.700000 -83.850000 6.600000
v 157.700000 -83.850000 7.266667
v 157.700000 -83.850000 9.600000
v 121.900000 -83.850000 -4.400000
v 120.700000 -83.850000 9.600000
v 125.300000 -83.850000 9.600000
v 125.300000 -83.850000 7.266667
v 124.300000 -83.850000 6.600000
v 124.300000 -83.850000 -7.400000
v 123.100925 -83.850000 -7.400000
v 121.546225 -83.850000 -6.567950
v 120.826516 -83.850000 -5.488386
v 120.500000 -83.850000 -4.400000
v 119.700000 -84.850000 9.600000
v 119.715192 -84.676352 9.600000
v 119.760307 -84.507980 9.600000
v 119.833975 -84.350000 9.600000
v 119.933956 -84.207212 9.600000
v 120.057212 -84.083956 9.600000
v 120.200000 -83.983975 9.600000
v 120.357980 -83.910307 9.600000
v 120.526352 -83.865192 9.600000
v 120.526352 -83.865192 5.950000
v 120.357980 -83.910307 5.950000
v 120.200000 -83.983975 5.950000
v 120.057212 -84.083956 5.950000
v 119.933956 -84.207212 5.950000
v 119.833975 -84.350000 5.950000
v 119.760307 -84.507980 5.950000
v 119.715192 -84.676352 5.950000
v 162.300000 -91.250000 6.600000
v 158.700000 -91.250000 6.600000
v 158.700000 -91.250000 -7.400000
v 159.899075 -91.250000 -7.400000
v 161.453775 -91.250000 -6.567950
v 162.173484 -91.250000 -5.488386
v 162.500000 -91.250000 -4.400000
v 160.900000 -91.250000 -4.400000
v 163.300000 -90.250000 6.342432
v 163.287528 -90.407900 6.455777
v 163.271279 -90.488015 6.504025
v 163.247756 -90.568855 6.544871
v 163.215440 -90.651839 6.577698
v 163.174086 -90.735287 6.602158
v 163.123756 -90.816891 6.617864
v 163.064593 -90.894355 6.624866
v 162.997760 -90.965907 6.625379
v 162.925082 -91.030276 6.621525
v 162.848401 -91.086209 6.615350
v 162.765842 -91.134256 6.608560
v 162.674745 -91.175818 6.602193
v 162.579460 -91.209226 6.597497
v 162.484429 -91.232772 6.595727
v 162.390704 -91.245878 6.597939
v 162.473648 -91.234808 4.462690
v 162.642020 -91.189693 4.462690
v 162.800000 -91.116025 4.462690
v 162.942788 -91.016044 4.462690
v 163.066044 -90.892788 4.462690
v 163.166025 -90.750000 4.462690
v 163.239693 -90.592020 4.462690
v 163.284808 -90.423648 4.462690
v 119.700000 -90.250000 6.342432
v 119.700000 -90.475320 6.526195
v 119.700000 -90.675030 6.704649
v 119.700000 -90.847272 6.876130
v 119.700000 -90.990440 7.039042
v 119.700000 -91.103200 7.191867
v 119.700000 -91.184501 7.333181
v 119.700000 -91.213107 7.399105
v 119.700000 -91.233587 7.461667
v 119.700000 -91.245894 7.520721
v 119.700000 -91.250000 7.576129
v 119.700000 -91.250000 9.600000
v 120.700000 -91.250000 6.600000
v 120.609296 -91.245878 6.597939
v 120.515571 -91.232772 6.595727
v 120.420540 -91.209226 6.597497
v 120.325255 -91.175818 6.602193
v 120.234158 -91.134256 6.608560
v 120.151599 -91.086209 6.615350
v 120.074918 -91.030276 6.621525
v 120.002240 -90.965907 6.625379
v 119.935407 -90.894355 6.624866
v 119.876244 -90.816891 6.617864
v 119.825914 -90.735287 6.602158
v 119.784560 -90.651839 6.577698
v 119.752244 -90.568855 6.544871
v 119.728721 -90.488015 6.504025
v 119.712472 -90.407900 6.455777
v 119.715192 -90.423648 4.462690
v 119.760307 -90.592020 4.462690
v 119.833975 -90.750000 4.462690
v 119.933956 -90.892788 4.462690
v 120.057212 -91.016044 4.462690
v 120.200000 -91.116025 4.462690
v 120.357980 -91.189693 4.462690
v 120.526352 -91.234808 4.462690
v 120.898051 -95.297742 9.600000
v 122.144127 -99.507737 9.600000
v 122.623567 -99.365833 10.600000
v 120.200000 -91.177558 10.600000
v 126.800000 -96.976251 10.600000
v 127.300000 -96.976251 9.600000
v 127.300000 -85.850000 9.600000
v 126.800000 -85.850000 10.600000
v 127.269616 -85.502704 9.600000
v 127.179385 -85.165960 9.600000
v 127.032051 -84.850000 9.600000
v 126.832089 -84.564425 9.600000
v 126.585575 -84.317911 9.600000
v 126.300000 -84.117949 9.600000
v 125.984040 -83.970615 9.600000
v 125.647296 -83.880384 9.600000
v 125.300000 -84.350000 10.600000
v 125.560472 -84.372788 10.600000
v 125.813030 -84.440461 10.600000
v 126.050000 -84.550962 10.600000
v 126.264181 -84.700933 10.600000
v 126.449067 -84.885819 10.600000
v 126.599038 -85.100000 10.600000
v 126.709539 -85.336970 10.600000
v 126.777212 -85.589528 10.600000
v 126.833853 -97.386276 10.600000
v 126.934496 -97.785195 10.600000
v 127.099203 -98.162207 10.600000
v 127.323513 -98.507100 10.600000
v 127.601351 -98.810534 10.600000
v 127.941081 -98.443677 9.600000
v 127.718810 -98.200930 9.600000
v 127.539362 -97.925016 9.600000
v 127.407597 -97.623407 9.600000
v 127.327083 -97.304271 9.600000
v 120.700000 -84.350000 10.600000
v 137.401110 -107.885662 10.600000
v 137.740840 -107.518806 9.600000
v 120.200000 -84.850000 10.600000
v 120.207596 -84.763176 10.600000
v 120.230154 -84.678990 10.600000
v 120.266987 -84.600000 10.600000
v 120.316978 -84.528606 10.600000
v 120.378606 -84.466978 10.600000
v 120.450000 -84.416987 10.600000
v 120.528990 -84.380154 10.600000
v 120.613176 -84.357596 10.600000
v 137.738508 -108.148281 10.600000
v 138.115721 -108.349568 10.600000
v 138.521717 -108.483635 10.600000
v 138.944619 -108.546562 10.600000
v 139.372060 -108.536506 10.600000
v 139.791536 -108.453763 10.600000
v 140.190777 -108.300753 10.600000
v 139.972574 -107.850878 9.600000
v 139.653180 -107.973286 9.600000
v 139.317600 -108.039481 9.600000
v 138.975647 -108.047525 9.600000
v 138.637325 -107.997184 9.600000
v 138.312529 -107.889931 9.600000
v 138.010758 -107.728901 9.600000
v 140.610379 -108.134939 10.600000
v 141.050102 -108.033927 10.600000
v 141.500000 -108.000000 10.600000
v 141.949898 -108.033927 10.600000
v 142.389621 -108.134939 10.600000
v 142.809223 -108.300753 10.600000
v 143.027426 -107.850878 9.600000
v 142.609527 -107.680520 9.600000
v 142.173182 -107.565349 9.600000
v 141.725644 -107.507281 9.600000
v 141.274356 -107.507281 9.600000
v 140.826818 -107.565349 9.600000
v 140.390473 -107.680520 9.600000
v 143.208464 -108.453763 10.600000
v 143.627940 -108.536506 10.600000
v 144.055381 -108.546562 10.600000
v 144.478283 -108.483635 10.600000
v 144.884279 -108.349568 10.600000
v 145.261492 -108.148281 10.600000
v 145.598890 -107.885662 10.600000
v 145.259160 -107.518806 9.600000
v 144.989242 -107.728901 9.600000
v 144.687471 -107.889931 9.600000
v 144.362675 -107.997184 9.600000
v 144.024353 -108.047525 9.600000
v 143.682400 -108.039481 9.600000
v 143.346820 -107.973286 9.600000
v 122.237153 -99.758863 9.600000
v 122.362896 -99.995309 9.600000
v 122.519102 -100.212836 9.600000
v 122.702969 -100.407544 9.600000
v 123.042698 -100.040687 10.600000
v 122.904798 -99.894657 10.600000
v 122.787644 -99.731511 10.600000
v 122.693337 -99.554177 10.600000
v 155.398649 -98.810534 10.600000
v 155.058919 -98.443677 9.600000
v 135.858919 -112.590695 9.600000
v 136.198649 -112.223839 10.600000
v 129.620674 -106.132263 10.600000
v 129.280944 -106.499120 9.600000
v 155.676487 -98.507100 10.600000
v 155.900797 -98.162207 10.600000
v 156.065504 -97.785195 10.600000
v 156.166147 -97.386276 10.600000
v 156.200000 -96.976251 10.600000
v 155.700000 -96.976251 9.600000
v 155.672917 -97.304271 9.600000
v 155.592403 -97.623407 9.600000
v 155.460638 -97.925016 9.600000
v 155.281190 -98.200930 9.600000
v 137.000000 -114.058121 10.600000
v 136.966147 -113.648097 10.600000
v 136.865504 -113.249177 10.600000
v 136.700797 -112.872165 10.600000
v 136.476487 -112.527272 10.600000
v 136.081190 -112.833442 9.600000
v 136.260638 -113.109356 9.600000
v 136.392403 -113.410966 9.600000
v 136.472917 -113.730102 9.600000
v 136.500000 -114.058121 9.600000
v 156.200000 -85.850000 10.600000
v 155.700000 -85.850000 9.600000
v 136.500000 -114.500000 9.600000
v 137.000000 -114.500000 10.600000
v 157.700000 -84.350000 10.600000
v 157.352704 -83.880384 9.600000
v 157.015960 -83.970615 9.600000
v 156.700000 -84.117949 9.600000
v 156.414425 -84.317911 9.600000
v 156.167911 -84.564425 9.600000
v 155.967949 -84.850000 9.600000
v 155.820615 -85.165960 9.600000
v 155.730384 -85.502704 9.600000
v 156.222788 -85.589528 10.600000
v 156.290461 -85.336970 10.600000
v 156.400962 -85.100000 10.600000
v 156.550933 -84.885819 10.600000
v 156.735819 -84.700933 10.600000
v 156.950000 -84.550962 10.600000
v 157.186970 -84.440461 10.600000
v 157.439528 -84.372788 10.600000
v 136.535625 -114.998102 9.600000
v 136.641775 -115.486064 9.600000
v 136.816288 -115.953953 9.600000
v 137.055613 -116.392243 9.600000
v 137.354876 -116.792013 9.600000
v 137.707987 -117.145124 9.600000
v 138.107757 -117.444387 9.600000
v 138.546047 -117.683712 9.600000
v 139.013936 -117.858225 9.600000
v 139.501898 -117.964375 9.600000
v 140.000000 -118.000000 9.600000
v 140.000000 -117.500000 10.600000
v 139.573055 -117.469464 10.600000
v 139.154802 -117.378479 10.600000
v 138.753755 -117.228896 10.600000
v 138.378078 -117.023761 10.600000
v 138.035418 -116.767249 10.600000
v 137.732751 -116.464582 10.600000
v 137.476239 -116.121922 10.600000
v 137.271104 -115.746245 10.600000
v 137.121521 -115.345198 10.600000
v 137.030536 -114.926945 10.600000
v 162.300000 -84.350000 10.600000
v 143.000000 -118.000000 9.600000
v 143.000000 -117.500000 10.600000
v 162.800000 -84.850000 10.600000
v 162.386824 -84.357596 10.600000
v 162.471010 -84.380154 10.600000
v 162.550000 -84.416987 10.600000
v 162.621394 -84.466978 10.600000
v 162.683022 -84.528606 10.600000
v 162.733013 -84.600000 10.600000
v 162.769846 -84.678990 10.600000
v 162.792404 -84.763176 10.600000
v 143.498102 -117.964375 9.600000
v 143.986064 -117.858225 9.600000
v 144.453953 -117.683712 9.600000
v 144.892243 -117.444387 9.600000
v 145.292013 -117.145124 9.600000
v 145.645124 -116.792013 9.600000
v 145.944387 -116.392243 9.600000
v 146.183712 -115.953953 9.600000
v 146.358225 -115.486064 9.600000
v 146.464375 -114.998102 9.600000
v 146.500000 -114.500000 9.600000
v 146.000000 -114.500000 10.600000
v 145.969464 -114.926945 10.600000
v 145.878479 -115.345198 10.600000
v 145.728896 -115.746245 10.600000
v 145.523761 -116.121922 10.600000
v 145.267249 -116.464582 10.600000
v 144.964582 -116.767249 10.600000
v 144.621922 -117.023761 10.600000
v 144.246245 -117.228896 10.600000
v 143.845198 -117.378479 10.600000
v 143.426945 -117.469464 10.600000
v 163.300000 -91.250000 9.600000
v 162.800000 -91.177558 10.600000
v 146.500000 -114.058121 9.600000
v 146.000000 -114.058121 10.600000
v 160.376433 -99.365833 10.600000
v 160.855873 -99.507737 9.600000
v 162.101949 -95.297742 9.600000
v 146.801351 -112.223839 10.600000
v 146.523513 -112.527272 10.600000
v 146.299203 -112.872165 10.600000
v 146.134496 -113.249177 10.600000
v 146.033853 -113.648097 10.600000
v 146.527083 -113.730102 9.600000
v 146.607597 -113.410966 9.600000
v 146.739362 -113.109356 9.600000
v 146.918810 -112.833442 9.600000
v 147.141081 -112.590695 9.600000
v 159.957302 -100.040687 10.600000
v 160.297031 -100.407544 9.600000
v 160.480898 -100.212836 9.600000
v 160.637104 -99.995309 9.600000
v 160.762847 -99.758863 9.600000
v 160.306663 -99.554177 10.600000
v 160.212356 -99.731511 10.600000
v 160.095202 -99.894657 10.600000
v 153.379326 -106.132263 10.600000
v 153.719056 -106.499120 9.600000
v 127.300000 -85.850000 8.600000
v 127.290369 -85.653966 8.593580
v 127.261571 -85.459819 8.574380
v 127.213881 -85.269431 8.542587
v 127.147759 -85.084633 8.498506
v 127.063843 -84.907207 8.442562
v 126.962939 -84.738860 8.375293
v 126.846021 -84.581213 8.297347
v 126.714214 -84.435786 8.209476
v 126.568787 -84.303979 8.112524
v 126.411140 -84.187061 8.007427
v 126.242793 -84.086157 7.895196
v 126.065367 -84.002241 7.776911
v 125.880569 -83.936119 7.653713
v 125.690181 -83.888429 7.526787
v 125.496034 -83.859631 7.397356
v 127.300000 -96.976251 8.600000
v 127.300000 -95.250000 8.600000
v 127.941081 -98.443677 8.600000
v 127.718810 -98.200930 8.600000
v 127.539362 -97.925016 8.600000
v 127.407597 -97.623407 8.600000
v 127.327083 -97.304271 8.600000
v 137.740840 -107.518806 8.600000
v 139.972574 -107.850878 8.600000
v 139.653180 -107.973286 8.600000
v 139.317600 -108.039481 8.600000
v 138.975647 -108.047525 8.600000
v 138.637325 -107.997184 8.600000
v 138.312529 -107.889931 8.600000
v 138.010758 -107.728901 8.600000
v 143.027426 -107.850878 8.600000
v 143.456503 -108.097916 8.600000
v 143.846429 -108.403027 8.600000
v 144.189400 -108.760106 8.600000
v 144.478554 -109.162007 8.600000
v 144.708104 -109.600689 8.600000
v 144.873456 -110.067372 8.600000
v 144.971302 -110.552719 8.600000
v 144.999684 -111.047015 8.600000
v 144.958034 -111.540371 8.600000
v 144.847185 -112.022914 8.600000
v 144.669356 -112.484987 8.600000
v 144.428104 -112.917343 8.600000
v 144.128258 -113.311332 8.600000
v 143.775819 -113.659069 8.600000
v 143.377837 -113.953596 8.600000
v 142.942279 -114.189017 8.600000
v 142.477859 -114.360624 8.600000
v 141.993871 -114.464981 8.600000
v 141.500000 -114.500000 8.600000
v 141.006129 -114.464981 8.600000
v 140.522141 -114.360624 8.600000
v 140.057721 -114.189017 8.600000
v 139.622163 -113.953596 8.600000
v 139.224181 -113.659069 8.600000
v 138.871742 -113.311332 8.600000
v 138.571896 -112.917343 8.600000
v 138.330644 -112.484987 8.600000
v 138.152815 -112.022914 8.600000
v 138.041966 -111.540371 8.600000
v 138.000316 -111.047015 8.600000
v 138.028698 -110.552719 8.600000
v 138.126544 -110.067372 8.600000
v 138.291896 -109.600689 8.600000
v 138.521446 -109.162007 8.600000
v 138.810600 -108.760106 8.600000
v 139.153571 -108.403027 8.600000
v 139.543497 -108.097916 8.600000
v 145.000000 -111.000000 8.200000
v 144.964375 -110.501898 8.200000
v 144.858225 -110.013936 8.200000
v 144.683712 -109.546047 8.200000
v 144.444387 -109.107757 8.200000
v 144.145124 -108.707987 8.200000
v 143.792013 -108.354876 8.200000
v 143.392243 -108.055613 8.200000
v 142.953953 -107.816288 8.200000
v 142.486064 -107.641775 8.200000
v 141.998102 -107.535625 8.200000
v 141.500000 -107.500000 8.200000
v 141.001898 -107.535625 8.200000
v 140.513936 -107.641775 8.200000
v 140.046047 -107.816288 8.200000
v 139.607757 -108.055613 8.200000
v 139.207987 -108.354876 8.200000
v 138.854876 -108.707987 8.200000
v 138.555613 -109.107757 8.200000
v 138.316288 -109.546047 8.200000
v 138.141775 -110.013936 8.200000
v 138.035625 -110.501898 8.200000
v 138.000000 -111.000000 8.200000
v 138.035625 -111.498102 8.200000
v 138.141775 -111.986064 8.200000
v 138.316288 -112.453953 8.200000
v 138.555613 -112.892243 8.200000
v 138.854876 -113.292013 8.200000
v 139.207987 -113.645124 8.200000
v 139.607757 -113.944387 8.200000
v 140.046047 -114.183712 8.200000
v 140.513936 -114.358225 8.200000
v 141.001898 -114.464375 8.200000
v 141.500000 -114.500000 8.200000
v 141.998102 -114.464375 8.200000
v 142.486064 -114.358225 8.200000
v 142.953953 -114.183712 8.200000
v 143.392243 -113.944387 8.200000
v 143.792013 -113.645124 8.200000
v 144.145124 -113.292013 8.200000
v 144.444387 -112.892243 8.200000
v 144.683712 -112.453953 8.200000
v 144.858225 -111.986064 8.200000
v 144.964375 -111.498102 8.200000
v 145.259160 -107.518806 8.600000
v 144.989242 -107.728901 8.600000
v 144.687471 -107.889931 8.600000
v 144.362675 -107.997184 8.600000
v 144.024353 -108.047525 8.600000
v 143.682400 -108.039481 8.600000
v 143.346820 -107.973286 8.600000
v 155.058919 -98.443677 8.600000
v 155.700000 -96.976251 8.600000
v 155.672917 -97.304271 8.600000
v 155.592403 -97.623407 8.600000
v 155.460638 -97.925016 8.600000
v 155.281190 -98.200930 8.600000
v 155.700000 -85.850000 8.600000
v 155.700000 -95.250000 8.600000
v 157.503966 -83.859631 7.397356
v 157.309819 -83.888429 7.526787
v 157.119431 -83.936119 7.653713
v 156.934633 -84.002241 7.776911
v 156.757207 -84.086157 7.895196
v 156.588860 -84.187061 8.007427
v 156.431213 -84.303979 8.112524
v 156.285786 -84.435786 8.209476
v 156.153979 -84.581213 8.297347
v 156.037061 -84.738860 8.375293
v 155.936157 -84.907207 8.442562
v 155.852241 -85.084633 8.498506
v 155.786119 -85.269431 8.542587
v 155.738429 -85.459819 8.574380
v 155.709631 -85.653966 8.593580
v 163.300000 -91.250000 7.576129
v 163.300000 -91.245894 7.520721
v 163.300000 -91.233587 7.461667
v 163.300000 -91.213107 7.399105
v 163.300000 -91.184501 7.333181
v 163.300000 -91.103200 7.191867
v 163.300000 -90.990440 7.039042
v 163.300000 -90.847272 6.876130
v 163.300000 -90.675030 6.704649
v 163.300000 -90.475320 6.526195
v 148.600000 -106.450000 10.600000
v 134.400000 -106.450000 10.600000
v 160.841306 -99.503426 9.426352
v 160.798046 -99.490622 9.257980
v 160.727408 -99.469714 9.100000
v 160.631538 -99.441338 8.957212
v 160.513349 -99.406357 8.833956
v 160.376433 -99.365833 8.733975
v 160.224949 -99.320996 8.660307
v 160.063501 -99.273211 8.615192
v 159.896993 -99.223928 8.600000
v 161.073197 -95.250000 8.600000
v 161.138316 -95.254048 8.602024
v 161.200776 -95.266175 8.608087
v 161.353243 -95.303478 8.641089
v 161.500314 -95.333348 8.698707
v 161.638215 -95.355019 8.779461
v 161.763406 -95.367934 8.881279
v 161.872671 -95.371761 9.001547
v 161.963208 -95.366403 9.137178
v 162.032691 -95.351997 9.284689
v 162.079337 -95.328912 9.440295
v 161.464344 -97.398428 9.426352
v 161.421084 -97.385624 9.257980
v 161.350445 -97.364716 9.100000
v 161.254576 -97.336341 8.957212
v 161.136387 -97.301359 8.833956
v 160.999471 -97.260835 8.733975
v 160.847987 -97.215998 8.660307
v 160.686538 -97.168213 8.615192
v 162.075366 -92.863709 7.421205
v 162.225790 -92.882254 7.473160
v 162.368389 -92.888051 7.545977
v 162.499503 -92.880953 7.637789
v 162.615765 -92.861140 7.746237
v 162.714193 -92.829123 7.868537
v 162.792258 -92.785721 8.001551
v 162.847957 -92.732051 8.141864
v 160.286709 -100.396397 9.426352
v 160.256055 -100.363296 9.257980
v 160.206001 -100.309245 9.100000
v 160.138068 -100.235888 8.957212
v 160.054320 -100.145453 8.833956
v 159.957302 -100.040687 8.733975
v 159.849961 -99.924776 8.660307
v 159.735559 -99.801239 8.615192
v 159.617572 -99.673831 8.600000
v 159.709505 -99.576477 8.600000
v 159.787608 -99.467714 8.600000
v 159.850480 -99.349491 8.600000
v 160.710899 -99.832693 9.426352
v 160.670603 -99.812405 9.257980
v 160.604805 -99.779276 9.100000
v 160.515504 -99.734314 8.957212
v 160.405414 -99.678885 8.833956
v 160.277879 -99.614673 8.733975
v 160.136775 -99.543629 8.660307
v 159.986389 -99.467912 8.615192
v 160.524050 -100.133543 9.426352
v 160.488001 -100.106416 9.257980
v 160.429138 -100.062122 9.100000
v 160.349250 -100.002005 8.957212
v 160.250763 -99.927893 8.833956
v 160.136670 -99.842038 8.733975
v 160.010438 -99.747048 8.660307
v 159.875902 -99.645809 8.615192
v 147.130758 -112.579548 9.426352
v 147.100104 -112.546447 9.257980
v 147.050051 -112.492396 9.100000
v 146.982118 -112.419039 8.957212
v 146.898370 -112.328604 8.833956
v 146.801351 -112.223839 8.733975
v 146.694010 -112.107927 8.660307
v 146.579608 -111.984390 8.615192
v 146.461621 -111.856982 8.600000
v 153.039597 -105.765407 8.600000
v 149.761948 -110.142918 9.426352
v 152.393139 -107.706288 9.426352
v 155.024329 -105.269658 9.426352
v 157.655519 -102.833027 9.426352
v 149.731295 -110.109817 9.257980
v 152.362485 -107.673186 9.257980
v 154.993675 -105.236556 9.257980
v 157.624865 -102.799926 9.257980
v 149.681241 -110.055766 9.100000
v 152.312431 -107.619136 9.100000
v 154.943621 -105.182506 9.100000
v 157.574811 -102.745875 9.100000
v 149.613308 -109.982409 8.957212
v 152.244498 -107.545779 8.957212
v 154.875688 -105.109148 8.957212
v 157.506878 -102.672518 8.957212
v 149.529560 -109.891974 8.833956
v 152.160750 -107.455343 8.833956
v 154.791940 -105.018713 8.833956
v 157.423130 -102.582083 8.833956
v 149.432541 -109.787208 8.733975
v 152.063731 -107.350578 8.733975
v 154.694921 -104.913948 8.733975
v 157.326111 -102.477318 8.733975
v 149.325200 -109.671297 8.660307
v 151.956390 -107.234666 8.660307
v 154.587580 -104.798036 8.660307
v 157.218771 -102.361406 8.660307
v 149.210798 -109.547760 8.615192
v 151.841988 -107.111130 8.615192
v 154.473179 -104.674499 8.615192
v 157.104369 -102.237869 8.615192
v 146.484808 -114.058121 9.426352
v 146.439693 -114.058121 9.257980
v 146.366025 -114.058121 9.100000
v 146.266044 -114.058121 8.957212
v 146.142788 -114.058121 8.833956
v 146.000000 -114.058121 8.733975
v 145.842020 -114.058121 8.660307
v 145.673648 -114.058121 8.615192
v 145.500000 -114.058121 8.600000
v 145.528231 -113.647529 8.600000
v 145.612391 -113.244664 8.600000
v 145.750897 -112.857108 8.600000
v 145.941142 -112.492156 8.600000
v 146.179546 -112.156676 8.600000
v 145.700245 -113.671295 8.615192
v 145.867032 -113.694339 8.660307
v 146.023525 -113.715961 8.733975
v 146.164969 -113.735503 8.833956
v 146.287066 -113.752373 8.957212
v 146.386106 -113.766057 9.100000
v 146.459080 -113.776139 9.257980
v 146.503771 -113.782314 9.426352
v 145.779533 -113.291749 8.615192
v 145.941598 -113.337403 8.660307
v 146.093659 -113.380240 8.733975
v 146.231097 -113.418957 8.833956
v 146.349736 -113.452379 8.957212
v 146.445972 -113.479489 9.100000
v 146.516879 -113.499464 9.257980
v 146.560304 -113.511697 9.426352
v 145.910022 -112.926626 8.615192
v 146.064313 -112.994032 8.660307
v 146.209081 -113.057277 8.733975
v 146.339927 -113.114440 8.833956
v 146.452875 -113.163785 8.957212
v 146.544495 -113.203811 9.100000
v 146.612001 -113.233303 9.257980
v 146.653343 -113.251364 9.426352
v 146.089256 -112.582799 8.615192
v 146.232869 -112.670687 8.660307
v 146.367618 -112.753150 8.733975
v 146.489409 -112.827684 8.833956
v 146.594542 -112.892023 8.957212
v 146.679821 -112.944211 9.100000
v 146.742655 -112.982665 9.257980
v 146.781136 -113.006214 9.426352
v 146.313860 -112.266737 8.615192
v 146.444093 -112.373454 8.660307
v 146.566288 -112.473584 8.733975
v 146.676732 -112.564085 8.833956
v 146.772069 -112.642207 8.957212
v 146.849403 -112.705576 9.100000
v 146.906384 -112.752268 9.257980
v 146.941280 -112.780862 9.426352
v 146.484808 -114.500000 9.426352
v 146.439693 -114.500000 9.257980
v 146.366025 -114.500000 9.100000
v 146.266044 -114.500000 8.957212
v 146.142788 -114.500000 8.833956
v 146.000000 -114.500000 8.733975
v 145.842020 -114.500000 8.660307
v 145.673648 -114.500000 8.615192
v 145.500000 -114.500000 8.600000
v 143.000000 -117.984808 9.426352
v 143.000000 -117.939693 9.257980
v 143.000000 -117.866025 9.100000
v 143.000000 -117.766044 8.957212
v 143.000000 -117.642788 8.833956
v 143.000000 -117.500000 8.733975
v 143.000000 -117.342020 8.660307
v 143.000000 -117.173648 8.615192
v 143.000000 -117.000000 8.600000
v 143.391086 -116.969221 8.600000
v 143.772542 -116.877641 8.600000
v 144.134976 -116.727516 8.600000
v 144.469463 -116.522542 8.600000
v 144.767767 -116.267767 8.600000
v 145.022542 -115.969463 8.600000
v 145.227516 -115.634976 8.600000
v 145.377641 -115.272542 8.600000
v 145.469221 -114.891086 8.600000
v 143.380500 -117.146434 8.615192
v 143.404462 -117.313092 8.660307
v 143.426945 -117.469464 8.733975
v 143.447265 -117.610799 8.833956
v 143.464807 -117.732801 8.957212
v 143.479035 -117.831764 9.100000
v 143.489519 -117.904682 9.257980
v 143.495940 -117.949337 9.426352
v 143.753254 -117.065347 8.615192
v 143.800690 -117.226898 8.660307
v 143.845198 -117.378479 8.733975
v 143.885426 -117.515483 8.833956
v 143.920151 -117.633747 8.957212
v 143.948319 -117.729678 9.100000
v 143.969073 -117.800361 9.257980
v 143.981784 -117.843649 9.426352
v 144.110674 -116.932036 8.615192
v 144.180618 -117.085192 8.660307
v 144.246245 -117.228896 8.733975
v 144.305561 -117.358780 8.833956
v 144.356764 -117.470899 8.957212
v 144.398297 -117.561844 9.100000
v 144.428900 -117.628854 9.257980
v 144.447641 -117.669893 9.426352
v 144.445483 -116.749216 8.615192
v 144.536512 -116.890859 8.660307
v 144.621922 -117.023761 8.733975
v 144.699119 -117.143881 8.833956
v 144.765757 -117.247571 8.957212
v 144.819811 -117.331681 9.100000
v 144.859638 -117.393654 9.257980
v 144.884029 -117.431607 9.426352
v 144.750867 -116.520608 8.615192
v 144.861127 -116.647856 8.660307
v 144.964582 -116.767249 8.733975
v 145.058088 -116.875160 8.833956
v 145.138804 -116.968312 8.957212
v 145.204278 -117.043872 9.100000
v 145.252520 -117.099546 9.257980
v 145.282064 -117.133642 9.426352
v 145.020608 -116.250867 8.615192
v 145.147856 -116.361127 8.660307
v 145.267249 -116.464582 8.733975
v 145.375160 -116.558088 8.833956
v 145.468312 -116.638804 8.957212
v 145.543872 -116.704278 9.100000
v 145.599546 -116.752520 9.257980
v 145.633642 -116.782064 9.426352
v 145.249216 -115.945483 8.615192
v 145.390859 -116.036512 8.660307
v 145.523761 -116.121922 8.733975
v 145.643881 -116.199119 8.833956
v 145.747571 -116.265757 8.957212
v 145.831681 -116.319811 9.100000
v 145.893654 -116.359638 9.257980
v 145.931607 -116.384029 9.426352
v 145.432036 -115.610674 8.615192
v 145.585192 -115.680618 8.660307
v 145.728896 -115.746245 8.733975
v 145.858780 -115.805561 8.833956
v 145.970899 -115.856764 8.957212
v 146.061844 -115.898297 9.100000
v 146.128854 -115.928900 9.257980
v 146.169893 -115.947641 9.426352
v 145.565347 -115.253254 8.615192
v 145.726898 -115.300690 8.660307
v 145.878479 -115.345198 8.733975
v 146.015483 -115.385426 8.833956
v 146.133747 -115.420151 8.957212
v 146.229678 -115.448319 9.100000
v 146.300361 -115.469073 9.257980
v 146.343649 -115.481784 9.426352
v 145.646434 -114.880500 8.615192
v 145.813092 -114.904462 8.660307
v 145.969464 -114.926945 8.733975
v 146.110799 -114.947265 8.833956
v 146.232801 -114.964807 8.957212
v 146.331764 -114.979035 9.100000
v 146.404682 -114.989519 9.257980
v 146.449337 -114.995940 9.426352
v 140.000000 -117.984808 9.426352
v 140.000000 -117.939693 9.257980
v 140.000000 -117.866025 9.100000
v 140.000000 -117.766044 8.957212
v 140.000000 -117.642788 8.833956
v 140.000000 -117.500000 8.733975
v 140.000000 -117.342020 8.660307
v 140.000000 -117.173648 8.615192
v 140.000000 -117.000000 8.600000
v 136.515192 -114.500000 9.426352
v 136.560307 -114.500000 9.257980
v 136.633975 -114.500000 9.100000
v 136.733956 -114.500000 8.957212
v 136.857212 -114.500000 8.833956
v 137.000000 -114.500000 8.733975
v 137.157980 -114.500000 8.660307
v 137.326352 -114.500000 8.615192
v 137.500000 -114.500000 8.600000
v 137.530779 -114.891086 8.600000
v 137.622359 -115.272542 8.600000
v 137.772484 -115.634976 8.600000
v 137.977458 -115.969463 8.600000
v 138.232233 -116.267767 8.600000
v 138.530537 -116.522542 8.600000
v 138.865024 -116.727516 8.600000
v 139.227458 -116.877641 8.600000
v 139.608914 -116.969221 8.600000
v 137.353566 -114.880500 8.615192
v 137.186908 -114.904462 8.660307
v 137.030536 -114.926945 8.733975
v 136.889201 -114.947265 8.833956
v 136.767199 -114.964807 8.957212
v 136.668236 -114.979035 9.100000
v 136.595318 -114.989519 9.257980
v 136.550663 -114.995940 9.426352
v 137.434653 -115.253254 8.615192
v 137.273102 -115.300690 8.660307
v 137.121521 -115.345198 8.733975
v 136.984517 -115.385426 8.833956
v 136.866253 -115.420151 8.957212
v 136.770322 -115.448319 9.100000
v 136.699639 -115.469073 9.257980
v 136.656351 -115.481784 9.426352
v 137.567964 -115.610674 8.615192
v 137.414808 -115.680618 8.660307
v 137.271104 -115.746245 8.733975
v 137.141220 -115.805561 8.833956
v 137.029101 -115.856764 8.957212
v 136.938156 -115.898297 9.100000
v 136.871146 -115.928900 9.257980
v 136.830107 -115.947641 9.426352
v 137.750784 -115.945483 8.615192
v 137.609141 -116.036512 8.660307
v 137.476239 -116.121922 8.733975
v 137.356119 -116.199119 8.833956
v 137.252429 -116.265757 8.957212
v 137.168319 -116.319811 9.100000
v 137.106346 -116.359638 9.257980
v 137.068393 -116.384029 9.426352
v 137.979392 -116.250867 8.615192
v 137.852144 -116.361127 8.660307
v 137.732751 -116.464582 8.733975
v 137.624840 -116.558088 8.833956
v 137.531688 -116.638804 8.957212
v 137.456128 -116.704278 9.100000
v 137.400454 -116.752520 9.257980
v 137.366358 -116.782064 9.426352
v 138.249133 -116.520608 8.615192
v 138.138873 -116.647856 8.660307
v 138.035418 -116.767249 8.733975
v 137.941912 -116.875160 8.833956
v 137.861196 -116.968312 8.957212
v 137.795722 -117.043872 9.100000
v 137.747480 -117.099546 9.257980
v 137.717936 -117.133642 9.426352
v 138.554517 -116.749216 8.615192
v 138.463488 -116.890859 8.660307
v 138.378078 -117.023761 8.733975
v 138.300881 -117.143881 8.833956
v 138.234243 -117.247571 8.957212
v 138.180189 -117.331681 9.100000
v 138.140362 -117.393654 9.257980
v 138.115971 -117.431607 9.426352
v 138.889326 -116.932036 8.615192
v 138.819382 -117.085192 8.660307
v 138.753755 -117.228896 8.733975
v 138.694439 -117.358780 8.833956
v 138.643236 -117.470899 8.957212
v 138.601703 -117.561844 9.100000
v 138.571100 -117.628854 9.257980
v 138.552359 -117.669893 9.426352
v 139.246746 -117.065347 8.615192
v 139.199310 -117.226898 8.660307
v 139.154802 -117.378479 8.733975
v 139.114574 -117.515483 8.833956
v 139.079849 -117.633747 8.957212
v 139.051681 -117.729678 9.100000
v 139.030927 -117.800361 9.257980
v 139.018216 -117.843649 9.426352
v 139.619500 -117.146434 8.615192
v 139.595538 -117.313092 8.660307
v 139.573055 -117.469464 8.733975
v 139.552735 -117.610799 8.833956
v 139.535193 -117.732801 8.957212
v 139.520965 -117.831764 9.100000
v 139.510481 -117.904682 9.257980
v 139.504060 -117.949337 9.426352
v 136.515192 -114.058121 9.426352
v 136.560307 -114.058121 9.257980
v 136.633975 -114.058121 9.100000
v 136.733956 -114.058121 8.957212
v 136.857212 -114.058121 8.833956
v 137.000000 -114.058121 8.733975
v 137.157980 -114.058121 8.660307
v 137.326352 -114.058121 8.615192
v 137.500000 -114.058121 8.600000
v 135.869242 -112.579548 9.426352
v 135.899896 -112.546447 9.257980
v 135.949949 -112.492396 9.100000
v 136.017882 -112.419039 8.957212
v 136.101630 -112.328604 8.833956
v 136.198649 -112.223839 8.733975
v 136.305990 -112.107927 8.660307
v 136.420392 -111.984390 8.615192
v 136.538379 -111.856982 8.600000
v 136.820454 -112.156676 8.600000
v 137.058858 -112.492156 8.600000
v 137.249103 -112.857108 8.600000
v 137.387609 -113.244664 8.600000
v 137.471769 -113.647529 8.600000
v 136.686140 -112.266737 8.615192
v 136.555907 -112.373454 8.660307
v 136.433712 -112.473584 8.733975
v 136.323268 -112.564085 8.833956
v 136.227931 -112.642207 8.957212
v 136.150597 -112.705576 9.100000
v 136.093616 -112.752268 9.257980
v 136.058720 -112.780862 9.426352
v 136.910744 -112.582799 8.615192
v 136.767131 -112.670687 8.660307
v 136.632382 -112.753150 8.733975
v 136.510591 -112.827684 8.833956
v 136.405458 -112.892023 8.957212
v 136.320179 -112.944211 9.100000
v 136.257345 -112.982665 9.257980
v 136.218864 -113.006214 9.426352
v 137.089978 -112.926626 8.615192
v 136.935687 -112.994032 8.660307
v 136.790919 -113.057277 8.733975
v 136.660073 -113.114440 8.833956
v 136.547125 -113.163785 8.957212
v 136.455505 -113.203811 9.100000
v 136.387999 -113.233303 9.257980
v 136.346657 -113.251364 9.426352
v 137.220467 -113.291749 8.615192
v 137.058402 -113.337403 8.660307
v 136.906341 -113.380240 8.733975
v 136.768903 -113.418957 8.833956
v 136.650264 -113.452379 8.957212
v 136.554028 -113.479489 9.100000
v 136.483121 -113.499464 9.257980
v 136.439696 -113.511697 9.426352
v 137.299755 -113.671295 8.615192
v 137.132968 -113.694339 8.660307
v 136.976475 -113.715961 8.733975
v 136.835031 -113.735503 8.833956
v 136.712934 -113.752373 8.957212
v 136.613894 -113.766057 9.100000
v 136.540920 -113.776139 9.257980
v 136.496229 -113.782314 9.426352
v 122.713291 -100.396397 9.426352
v 122.743945 -100.363296 9.257980
v 122.793999 -100.309245 9.100000
v 122.861932 -100.235888 8.957212
v 122.945680 -100.145453 8.833956
v 123.042698 -100.040687 8.733975
v 123.150039 -99.924776 8.660307
v 123.264441 -99.801239 8.615192
v 123.382428 -99.673831 8.600000
v 129.960403 -105.765407 8.600000
v 125.344481 -102.833027 9.426352
v 127.975671 -105.269658 9.426352
v 130.606861 -107.706288 9.426352
v 133.238052 -110.142918 9.426352
v 125.375135 -102.799926 9.257980
v 128.006325 -105.236556 9.257980
v 130.637515 -107.673186 9.257980
v 133.268705 -110.109817 9.257980
v 125.425189 -102.745875 9.100000
v 128.056379 -105.182506 9.100000
v 130.687569 -107.619136 9.100000
v 133.318759 -110.055766 9.100000
v 125.493122 -102.672518 8.957212
v 128.124312 -105.109148 8.957212
v 130.755502 -107.545779 8.957212
v 133.386692 -109.982409 8.957212
v 125.576870 -102.582083 8.833956
v 128.208060 -105.018713 8.833956
v 130.839250 -107.455343 8.833956
v 133.470440 -109.891974 8.833956
v 125.673889 -102.477318 8.733975
v 128.305079 -104.913948 8.733975
v 130.936269 -107.350578 8.733975
v 133.567459 -109.787208 8.733975
v 125.781229 -102.361406 8.660307
v 128.412420 -104.798036 8.660307
v 131.043610 -107.234666 8.660307
v 133.674800 -109.671297 8.660307
v 125.895631 -102.237869 8.615192
v 128.526821 -104.674499 8.615192
v 131.158012 -107.111130 8.615192
v 133.789202 -109.547760 8.615192
v 122.158694 -99.503426 9.426352
v 122.201954 -99.490622 9.257980
v 122.272592 -99.469714 9.100000
v 122.368462 -99.441338 8.957212
v 122.486651 -99.406357 8.833956
v 122.623567 -99.365833 8.733975
v 122.775051 -99.320996 8.660307
v 122.936499 -99.273211 8.615192
v 123.103007 -99.223928 8.600000
v 123.149520 -99.349491 8.600000
v 123.212392 -99.467714 8.600000
v 123.290495 -99.576477 8.600000
v 122.475950 -100.133543 9.426352
v 122.511999 -100.106416 9.257980
v 122.570862 -100.062122 9.100000
v 122.650750 -100.002005 8.957212
v 122.749237 -99.927893 8.833956
v 122.863330 -99.842038 8.733975
v 122.989562 -99.747048 8.660307
v 123.124098 -99.645809 8.615192
v 122.289101 -99.832693 9.426352
v 122.329397 -99.812405 9.257980
v 122.395195 -99.779276 9.100000
v 122.484496 -99.734314 8.957212
v 122.594586 -99.678885 8.833956
v 122.722121 -99.614673 8.733975
v 122.863225 -99.543629 8.660307
v 123.013611 -99.467912 8.615192
v 121.926803 -95.250000 8.600000
v 120.920663 -95.328912 9.440295
v 120.967309 -95.351997 9.284689
v 121.036792 -95.366403 9.137178
v 121.127329 -95.371761 9.001547
v 121.236594 -95.367934 8.881279
v 121.361785 -95.355019 8.779461
v 121.499686 -95.333348 8.698707
v 121.646757 -95.303478 8.641089
v 121.799224 -95.266175 8.608087
v 121.861684 -95.254048 8.602024
v 122.313462 -97.168213 8.615192
v 122.152013 -97.215998 8.660307
v 122.000529 -97.260835 8.733975
v 121.863613 -97.301359 8.833956
v 121.745424 -97.336341 8.957212
v 121.649555 -97.364716 9.100000
v 121.578916 -97.385624 9.257980
v 121.535656 -97.398428 9.426352
v 120.152043 -92.732051 8.141864
v 120.207742 -92.785721 8.001551
v 120.285807 -92.829123 7.868537
v 120.384235 -92.861140 7.746237
v 120.500497 -92.880953 7.637789
v 120.631611 -92.888051 7.545977
v 120.774210 -92.882254 7.473160
v 120.924634 -92.863709 7.421205
v 134.975601 -106.125000 8.600000
v 148.024399 -106.125000 8.600000
v 124.300000 -91.250000 6.600000
v 124.300000 -91.250000 -7.400000
v 123.100925 -91.250000 -7.400000
v 121.546225 -91.250000 -6.567950
v 121.900000 -91.250000 -4.400000
v 120.500000 -91.250000 -4.400000
v 120.826516 -91.250000 -5.488386
v 143.000000 -111.000000 6.200000
v 142.977212 -110.739528 6.200000
v 142.909539 -110.486970 6.200000
v 142.799038 -110.250000 6.200000
v 142.649067 -110.035819 6.200000
v 142.464181 -109.850933 6.200000
v 142.250000 -109.700962 6.200000
v 142.013030 -109.590461 6.200000
v 141.760472 -109.522788 6.200000
v 141.500000 -109.500000 6.200000
v 141.239528 -109.522788 6.200000
v 140.986970 -109.590461 6.200000
v 140.750000 -109.700962 6.200000
v 140.535819 -109.850933 6.200000
v 140.350933 -110.035819 6.200000
v 140.200962 -110.250000 6.200000
v 140.090461 -110.486970 6.200000
v 140.022788 -110.739528 6.200000
v 140.000000 -111.000000 6.200000
v 140.022788 -111.260472 6.200000
v 140.090461 -111.513030 6.200000
v 140.200962 -111.750000 6.200000
v 140.350933 -111.964181 6.200000
v 140.535819 -112.149067 6.200000
v 140.750000 -112.299038 6.200000
v 140.986970 -112.409539 6.200000
v 141.239528 -112.477212 6.200000
v 141.500000 -112.500000 6.200000
v 141.760472 -112.477212 6.200000
v 142.013030 -112.409539 6.200000
v 142.250000 -112.299038 6.200000
v 142.464181 -112.149067 6.200000
v 142.649067 -111.964181 6.200000
v 142.799038 -111.750000 6.200000
v 142.909539 -111.513030 6.200000
v 142.977212 -111.260472 6.200000
v 143.347296 -111.000000 6.230384
v 143.684040 -111.000000 6.320615
v 144.000000 -111.000000 6.467949
v 144.285575 -111.000000 6.667911
v 144.532089 -111.000000 6.914425
v 144.732051 -111.000000 7.200000
v 144.879385 -111.000000 7.515960
v 144.969616 -111.000000 7.852704
v 142.709722 -112.396093 6.230384
v 140.103907 -112.209722 6.230384
v 140.290278 -109.603907 6.230384
v 142.896093 -109.790278 6.230384
v 143.328494 -110.737102 6.230384
v 143.661810 -110.689179 6.320615
v 143.974554 -110.644213 6.467949
v 144.257222 -110.603571 6.667911
v 144.501227 -110.568489 6.914425
v 144.699153 -110.540031 7.200000
v 144.844988 -110.519063 7.515960
v 144.934300 -110.506222 7.852704
v 143.272468 -110.479556 6.230384
v 143.595571 -110.384685 6.320615
v 143.898732 -110.295669 6.467949
v 144.172740 -110.215213 6.667911
v 144.409268 -110.145762 6.914425
v 144.601130 -110.089426 7.200000
v 144.742496 -110.047917 7.515960
v 144.829072 -110.022496 7.852704
v 143.180360 -110.232605 6.230384
v 143.486673 -110.092717 6.320615
v 143.774080 -109.961462 6.467949
v 144.033848 -109.842830 6.667911
v 144.258085 -109.740425 6.914425
v 144.439977 -109.657358 7.200000
v 144.573997 -109.596153 7.515960
v 144.656073 -109.558670 7.852704
v 143.054045 -110.001276 6.230384
v 143.337332 -109.819219 6.320615
v 143.603134 -109.648398 6.467949
v 143.843375 -109.494004 6.667911
v 144.050755 -109.360729 6.914425
v 144.218974 -109.252621 7.200000
v 144.342920 -109.172966 7.515960
v 144.418826 -109.124184 7.852704
v 143.150588 -109.569758 6.320615
v 143.389374 -109.362848 6.467949
v 143.605197 -109.175836 6.667911
v 143.791500 -109.014404 6.914425
v 143.942621 -108.883457 7.200000
v 144.053969 -108.786973 7.515960
v 144.122160 -108.727885 7.852704
v 142.498724 -109.445955 6.230384
v 142.680781 -109.162668 6.320615
v 142.851602 -108.896866 6.467949
v 143.005996 -108.656625 6.667911
v 143.139271 -108.449245 6.914425
v 143.247379 -108.281026 7.200000
v 143.327034 -108.157080 7.515960
v 143.375816 -108.081174 7.852704
v 143.772115 -108.377840 7.852704
v 143.713027 -108.446031 7.515960
v 143.616543 -108.557379 7.200000
v 143.485596 -108.708500 6.914425
v 143.324164 -108.894803 6.667911
v 143.137152 -109.110626 6.467949
v 142.930242 -109.349412 6.320615
v 142.709722 -109.603907 6.230384
v 142.267395 -109.319640 6.230384
v 142.407283 -109.013327 6.320615
v 142.538538 -108.725920 6.467949
v 142.657170 -108.466152 6.667911
v 142.759575 -108.241915 6.914425
v 142.842642 -108.060023 7.200000
v 142.903847 -107.926003 7.515960
v 142.941330 -107.843927 7.852704
v 142.020444 -109.227532 6.230384
v 142.115315 -108.904429 6.320615
v 142.204331 -108.601268 6.467949
v 142.284787 -108.327260 6.667911
v 142.354238 -108.090732 6.914425
v 142.410574 -107.898870 7.200000
v 142.452083 -107.757504 7.515960
v 142.477504 -107.670928 7.852704
v 141.762898 -109.171506 6.230384
v 141.810821 -108.838190 6.320615
v 141.855787 -108.525446 6.467949
v 141.896429 -108.242778 6.667911
v 141.931511 -107.998773 6.914425
v 141.959969 -107.800847 7.200000
v 141.980937 -107.655012 7.515960
v 141.993778 -107.565700 7.852704
v 141.237102 -109.171506 6.230384
v 141.189179 -108.838190 6.320615
v 141.144213 -108.525446 6.467949
v 141.103571 -108.242778 6.667911
v 141.068489 -107.998773 6.914425
v 141.040031 -107.800847 7.200000
v 141.019063 -107.655012 7.515960
v 141.006222 -107.565700 7.852704
v 141.500000 -107.530384 7.852704
v 141.500000 -107.620615 7.515960
v 141.500000 -107.767949 7.200000
v 141.500000 -107.967911 6.914425
v 141.500000 -108.214425 6.667911
v 141.500000 -108.500000 6.467949
v 141.500000 -108.815960 6.320615
v 141.500000 -109.152704 6.230384
v 140.979556 -109.227532 6.230384
v 140.884685 -108.904429 6.320615
v 140.795669 -108.601268 6.467949
v 140.715213 -108.327260 6.667911
v 140.645762 -108.090732 6.914425
v 140.589426 -107.898870 7.200000
v 140.547917 -107.757504 7.515960
v 140.522496 -107.670928 7.852704
v 140.732605 -109.319640 6.230384
v 140.592717 -109.013327 6.320615
v 140.461462 -108.725920 6.467949
v 140.342830 -108.466152 6.667911
v 140.240425 -108.241915 6.914425
v 140.157358 -108.060023 7.200000
v 140.096153 -107.926003 7.515960
v 140.058670 -107.843927 7.852704
v 140.501276 -109.445955 6.230384
v 140.319219 -109.162668 6.320615
v 140.148398 -108.896866 6.467949
v 139.994004 -108.656625 6.667911
v 139.860729 -108.449245 6.914425
v 139.752621 -108.281026 7.200000
v 139.672966 -108.157080 7.515960
v 139.624184 -108.081174 7.852704
v 140.069758 -109.349412 6.320615
v 139.862848 -109.110626 6.467949
v 139.675836 -108.894803 6.667911
v 139.514404 -108.708500 6.914425
v 139.383457 -108.557379 7.200000
v 139.286973 -108.446031 7.515960
v 139.227885 -108.377840 7.852704
v 139.945955 -110.001276 6.230384
v 139.662668 -109.819219 6.320615
v 139.396866 -109.648398 6.467949
v 139.156625 -109.494004 6.667911
v 138.949245 -109.360729 6.914425
v 138.781026 -109.252621 7.200000
v 138.657080 -109.172966 7.515960
v 138.581174 -109.124184 7.852704
v 138.877840 -108.727885 7.852704
v 138.946031 -108.786973 7.515960
v 139.057379 -108.883457 7.200000
v 139.208500 -109.014404 6.914425
v 139.394803 -109.175836 6.667911
v 139.610626 -109.362848 6.467949
v 139.849412 -109.569758 6.320615
v 140.103907 -109.790278 6.230384
v 139.819640 -110.232605 6.230384
v 139.513327 -110.092717 6.320615
v 139.225920 -109.961462 6.467949
v 138.966152 -109.842830 6.667911
v 138.741915 -109.740425 6.914425
v 138.560023 -109.657358 7.200000
v 138.426003 -109.596153 7.515960
v 138.343927 -109.558670 7.852704
v 139.727532 -110.479556 6.230384
v 139.404429 -110.384685 6.320615
v 139.101268 -110.295669 6.467949
v 138.827260 -110.215213 6.667911
v 138.590732 -110.145762 6.914425
v 138.398870 -110.089426 7.200000
v 138.257504 -110.047917 7.515960
v 138.170928 -110.022496 7.852704
v 139.671506 -110.737102 6.230384
v 139.338190 -110.689179 6.320615
v 139.025446 -110.644213 6.467949
v 138.742778 -110.603571 6.667911
v 138.498773 -110.568489 6.914425
v 138.300847 -110.540031 7.200000
v 138.155012 -110.519063 7.515960
v 138.065700 -110.506222 7.852704
v 139.671506 -111.262898 6.230384
v 139.338190 -111.310821 6.320615
v 139.025446 -111.355787 6.467949
v 138.742778 -111.396429 6.667911
v 138.498773 -111.431511 6.914425
v 138.300847 -111.459969 7.200000
v 138.155012 -111.480937 7.515960
v 138.065700 -111.493778 7.852704
v 138.030384 -111.000000 7.852704
v 138.120615 -111.000000 7.515960
v 138.267949 -111.000000 7.200000
v 138.467911 -111.000000 6.914425
v 138.714425 -111.000000 6.667911
v 139.000000 -111.000000 6.467949
v 139.315960 -111.000000 6.320615
v 139.652704 -111.000000 6.230384
v 139.727532 -111.520444 6.230384
v 139.404429 -111.615315 6.320615
v 139.101268 -111.704331 6.467949
v 138.827260 -111.784787 6.667911
v 138.590732 -111.854238 6.914425
v 138.398870 -111.910574 7.200000
v 138.257504 -111.952083 7.515960
v 138.170928 -111.977504 7.852704
v 139.819640 -111.767395 6.230384
v 139.513327 -111.907283 6.320615
v 139.225920 -112.038538 6.467949
v 138.966152 -112.157170 6.667911
v 138.741915 -112.259575 6.914425
v 138.560023 -112.342642 7.200000
v 138.426003 -112.403847 7.515960
v 138.343927 -112.441330 7.852704
v 139.945955 -111.998724 6.230384
v 139.662668 -112.180781 6.320615
v 139.396866 -112.351602 6.467949
v 139.156625 -112.505996 6.667911
v 138.949245 -112.639271 6.914425
v 138.781026 -112.747379 7.200000
v 138.657080 -112.827034 7.515960
v 138.581174 -112.875816 7.852704
v 139.849412 -112.430242 6.320615
v 139.610626 -112.637152 6.467949
v 139.394803 -112.824164 6.667911
v 139.208500 -112.985596 6.914425
v 139.057379 -113.116543 7.200000
v 138.946031 -113.213027 7.515960
v 138.877840 -113.272115 7.852704
v 140.501276 -112.554045 6.230384
v 140.319219 -112.837332 6.320615
v 140.148398 -113.103134 6.467949
v 139.994004 -113.343375 6.667911
v 139.860729 -113.550755 6.914425
v 139.752621 -113.718974 7.200000
v 139.672966 -113.842920 7.515960
v 139.624184 -113.918826 7.852704
v 139.227885 -113.622160 7.852704
v 139.286973 -113.553969 7.515960
v 139.383457 -113.442621 7.200000
v 139.514404 -113.291500 6.914425
v 139.675836 -113.105197 6.667911
v 139.862848 -112.889374 6.467949
v 140.069758 -112.650588 6.320615
v 140.290278 -112.396093 6.230384
v 140.732605 -112.680360 6.230384
v 140.592717 -112.986673 6.320615
v 140.461462 -113.274080 6.467949
v 140.342830 -113.533848 6.667911
v 140.240425 -113.758085 6.914425
v 140.157358 -113.939977 7.200000
v 140.096153 -114.073997 7.515960
v 140.058670 -114.156073 7.852704
v 140.979556 -112.772468 6.230384
v 140.884685 -113.095571 6.320615
v 140.795669 -113.398732 6.467949
v 140.715213 -113.672740 6.667911
v 140.645762 -113.909268 6.914425
v 140.589426 -114.101130 7.200000
v 140.547917 -114.242496 7.515960
v 140.522496 -114.329072 7.852704
v 141.237102 -112.828494 6.230384
v 141.189179 -113.161810 6.320615
v 141.144213 -113.474554 6.467949
v 141.103571 -113.757222 6.667911
v 141.068489 -114.001227 6.914425
v 141.040031 -114.199153 7.200000
v 141.019063 -114.344988 7.515960
v 141.006222 -114.434300 7.852704
v 141.762898 -112.828494 6.230384
v 141.810821 -113.161810 6.320615
v 141.855787 -113.474554 6.467949
v 141.896429 -113.757222 6.667911
v 141.931511 -114.001227 6.914425
v 141.959969 -114.199153 7.200000
v 141.980937 -114.344988 7.515960
v 141.993778 -114.434300 7.852704
v 141.500000 -114.469616 7.852704
v 141.500000 -114.379385 7.515960
v 141.500000 -114.232051 7.200000
v 141.500000 -114.032089 6.914425
v 141.500000 -113.785575 6.667911
v 141.500000 -113.500000 6.467949
v 141.500000 -113.184040 6.320615
v 141.500000 -112.847296 6.230384
v 142.020444 -112.772468 6.230384
v 142.115315 -113.095571 6.320615
v 142.204331 -113.398732 6.467949
v 142.284787 -113.672740 6.667911
v 142.354238 -113.909268 6.914425
v 142.410574 -114.101130 7.200000
v 142.452083 -114.242496 7.515960
v 142.477504 -114.329072 7.852704
v 142.267395 -112.680360 6.230384
v 142.407283 -112.986673 6.320615
v 142.538538 -113.274080 6.467949
v 142.657170 -113.533848 6.667911
v 142.759575 -113.758085 6.914425
v 142.842642 -113.939977 7.200000
v 142.903847 -114.073997 7.515960
v 142.941330 -114.156073 7.852704
v 142.498724 -112.554045 6.230384
v 142.680781 -112.837332 6.320615
v 142.851602 -113.103134 6.467949
v 143.005996 -113.343375 6.667911
v 143.139271 -113.550755 6.914425
v 143.247379 -113.718974 7.200000
v 143.327034 -113.842920 7.515960
v 143.375816 -113.918826 7.852704
v 142.930242 -112.650588 6.320615
v 143.137152 -112.889374 6.467949
v 143.324164 -113.105197 6.667911
v 143.485596 -113.291500 6.914425
v 143.616543 -113.442621 7.200000
v 143.713027 -113.553969 7.515960
v 143.772115 -113.622160 7.852704
v 143.054045 -111.998724 6.230384
v 143.337332 -112.180781 6.320615
v 143.603134 -112.351602 6.467949
v 143.843375 -112.505996 6.667911
v 144.050755 -112.639271 6.914425
v 144.218974 -112.747379 7.200000
v 144.342920 -112.827034 7.515960
v 144.418826 -112.875816 7.852704
v 144.122160 -113.272115 7.852704
v 144.053969 -113.213027 7.515960
v 143.942621 -113.116543 7.200000
v 143.791500 -112.985596 6.914425
v 143.605197 -112.824164 6.667911
v 143.389374 -112.637152 6.467949
v 143.150588 -112.430242 6.320615
v 142.896093 -112.209722 6.230384
v 143.180360 -111.767395 6.230384
v 143.486673 -111.907283 6.320615
v 143.774080 -112.038538 6.467949
v 144.033848 -112.157170 6.667911
v 144.258085 -112.259575 6.914425
v 144.439977 -112.342642 7.200000
v 144.573997 -112.403847 7.515960
v 144.656073 -112.441330 7.852704
v 143.272468 -111.520444 6.230384
v 143.595571 -111.615315 6.320615
v 143.898732 -111.704331 6.467949
v 144.172740 -111.784787 6.667911
v 144.409268 -111.854238 6.914425
v 144.601130 -111.910574 7.200000
v 144.742496 -111.952083 7.515960
v 144.829072 -111.977504 7.852704
v 143.328494 -111.262898 6.230384
v 143.661810 -111.310821 6.320615
v 143.974554 -111.355787 6.467949
v 144.257222 -111.396429 6.667911
v 144.501227 -111.431511 6.914425
v 144.699153 -111.459969 7.200000
v 144.844988 -111.480937 7.515960
v 144.934300 -111.493778 7.852704
vt -0.258481 0.082635 0.000000
vt -0.253969 0.065798 0.000000
vt -0.260000 0.100000 0.000000
vt -0.246603 0.050000 0.000000
vt -0.236604 0.035721 0.000000
vt -0.224279 0.023396 0.000000
vt -0.210000 0.013397 0.000000
vt -0.194202 0.006031 0.000000
vt -0.177365 0.001519 0.000000
vt -0.177365 0.738481 0.000000
vt -0.194202 0.733969 0.000000
vt -0.260000 0.640000 0.000000
vt -0.210000 0.726603 0.000000
vt -0.224279 0.716604 0.000000
vt -0.160000 0.740000 0.000000
vt -0.160000 0.000000 0.000000
vt -0.020000 0.000000 0.000000
vt -0.020000 0.740000 0.000000
vt -0.236604 0.704279 0.000000
vt -0.246603 0.690000 0.000000
vt -0.253969 0.674202 0.000000
vt -0.258481 0.657365 0.000000
vt 0.040000 0.000000 0.000000
vt 0.160000 0.000000 0.000000
vt 0.160000 0.740000 0.000000
vt 0.177365 0.001519 0.000000
vt 0.177365 0.738481 0.000000
vt 0.194202 0.006031 0.000000
vt 0.194202 0.733969 0.000000
vt 0.210000 0.013397 0.000000
vt 0.210000 0.726603 0.000000
vt 0.260000 0.100000 0.000000
vt 0.260000 0.640000 0.000000
vt 0.224279 0.023396 0.000000
vt 0.236604 0.035721 0.000000
vt 0.246603 0.050000 0.000000
vt 0.253969 0.065798 0.000000
vt 0.258481 0.082635 0.000000
vt 0.258481 0.657365 0.000000
vt 0.253969 0.674202 0.000000
vt 0.246603 0.690000 0.000000
vt 0.236604 0.704279 0.000000
vt 0.224279 0.716604 0.000000
vt 0.040000 0.740000 0.000000
vt -0.785000 -0.078540 0.000000
vt -0.055000 -0.078540 0.000000
vt -0.420000 -0.061087 0.000000
vt -0.055000 -0.061087 0.000000
vt -0.420000 -0.043633 0.000000
vt -0.055000 -0.043633 0.000000
vt -0.420000 -0.026180 0.000000
vt -0.055000 -0.026180 0.000000
vt -0.420000 -0.008727 0.000000
vt -0.055000 -0.008727 0.000000
vt -0.420000 0.008727 0.000000
vt -0.055000 0.008727 0.000000
vt -0.420000 0.026180 0.000000
vt -0.055000 0.026180 0.000000
vt -0.420000 0.043633 0.000000
vt -0.055000 0.043633 0.000000
vt -0.420000 0.061087 0.000000
vt -0.055000 0.061087 0.000000
vt -0.055000 0.078540 0.000000
vt -0.785000 0.078540 0.000000
vt -0.785000 0.061087 0.000000
vt -0.785000 0.043633 0.000000
vt -0.785000 0.026180 0.000000
vt -0.785000 0.008727 0.000000
vt -0.785000 -0.008727 0.000000
vt -0.785000 -0.026180 0.000000
vt -0.785000 -0.043633 0.000000
vt -0.785000 -0.061087 0.000000
vt -0.070000 -2.065000 0.000000
vt -0.070000 -1.925000 0.000000
vt -0.800000 -2.065000 0.000000
vt -0.500000 -1.705000 0.000000
vt -0.800000 -1.605000 0.000000
vt -0.566667 -1.605000 0.000000
vt 0.900000 -1.705000 0.000000
vt 0.600000 -1.925000 0.000000
vt 0.900000 -1.824907 0.000000
vt 0.816795 -1.980377 0.000000
vt 0.708839 -2.052348 0.000000
vt 0.600000 -2.085000 0.000000
vt 0.070000 -1.945000 0.000000
vt -0.900000 -1.705000 0.000000
vt -0.600000 -1.945000 0.000000
vt -0.900000 -1.824907 0.000000
vt -0.816795 -1.980377 0.000000
vt 0.070000 -2.065000 0.000000
vt 0.800000 -2.065000 0.000000
vt 0.500000 -1.705000 0.000000
vt 0.800000 -1.605000 0.000000
vt 0.566667 -1.605000 0.000000
vt -0.708839 -2.052348 0.000000
vt -0.600000 -2.085000 0.000000
vt -0.785000 -0.078540 0.000000
vt -0.055000 -0.078540 0.000000
vt -0.420000 -0.061087 0.000000
vt -0.055000 -0.061087 0.000000
vt -0.420000 -0.043633 0.000000
vt -0.055000 -0.043633 0.000000
vt -0.420000 -0.026180 0.000000
vt -0.055000 -0.026180 0.000000
vt -0.420000 -0.008727 0.000000
vt -0.055000 -0.008727 0.000000
vt -0.420000 0.008727 0.000000
vt -0.055000 0.008727 0.000000
vt -0.420000 0.026180 0.000000
vt -0.055000 0.026180 0.000000
vt -0.420000 0.043633 0.000000
vt -0.055000 0.043633 0.000000
vt -0.420000 0.061087 0.000000
vt -0.055000 0.061087 0.000000
vt -0.055000 0.078540 0.000000
vt -0.785000 0.078540 0.000000
vt -0.785000 0.061087 0.000000
vt -0.785000 0.043633 0.000000
vt -0.785000 0.026180 0.000000
vt -0.785000 0.008727 0.000000
vt -0.785000 -0.008727 0.000000
vt -0.785000 -0.026180 0.000000
vt -0.785000 -0.043633 0.000000
vt -0.785000 -0.061087 0.000000
vt -2.065000 -0.070000 0.000000
vt -2.065000 -0.500000 0.000000
vt -1.925000 -0.070000 0.000000
vt -1.705000 -0.500000 0.000000
vt -1.925000 0.600000 0.000000
vt -1.824907 0.900000 0.000000
vt -1.980377 0.816795 0.000000
vt -1.705000 0.900000 0.000000
vt -2.052348 0.708839 0.000000
vt -2.085000 0.600000 0.000000
vt -0.055000 -0.061087 0.000000
vt -0.271269 -0.061087 0.000000
vt -0.055000 -0.078540 0.000000
vt -0.484794 -0.069457 0.000000
vt -0.485000 -0.078540 0.000000
vt -0.271269 -0.043633 0.000000
vt -0.055000 -0.043633 0.000000
vt -0.271269 -0.026180 0.000000
vt -0.055000 -0.026180 0.000000
vt -0.271269 -0.008727 0.000000
vt -0.055000 -0.008727 0.000000
vt -0.271269 0.008727 0.000000
vt -0.055000 0.008727 0.000000
vt -0.271269 0.026180 0.000000
vt -0.055000 0.026180 0.000000
vt -0.271269 0.043633 0.000000
vt -0.055000 0.043633 0.000000
vt -0.271269 0.061087 0.000000
vt -0.055000 0.061087 0.000000
vt -0.055000 0.078540 0.000000
vt -0.459243 0.078540 0.000000
vt -0.470578 0.062685 0.000000
vt -0.475402 0.054508 0.000000
vt -0.479487 0.046086 0.000000
vt -0.482770 0.037177 0.000000
vt -0.485216 0.027858 0.000000
vt -0.486786 0.018265 0.000000
vt -0.487487 0.008513 0.000000
vt -0.487538 -0.001284 0.000000
vt -0.487153 -0.010998 0.000000
vt -0.486535 -0.020494 0.000000
vt -0.485856 -0.030053 0.000000
vt -0.485219 -0.040078 0.000000
vt -0.484750 -0.050191 0.000000
vt -0.484573 -0.059989 0.000000
vt 0.040000 0.100000 0.000000
vt 0.444243 0.100000 0.000000
vt 0.040000 0.640000 0.000000
vt 0.770000 0.640000 0.000000
vt 0.770000 0.000000 0.000000
vt 0.462620 0.077468 0.000000
vt 0.480465 0.057497 0.000000
vt 0.567613 0.000000 0.000000
vt 0.497613 0.040273 0.000000
vt 0.513904 0.025956 0.000000
vt 0.529187 0.014680 0.000000
vt 0.543318 0.006550 0.000000
vt 0.549911 0.003689 0.000000
vt 0.556167 0.001641 0.000000
vt 0.562072 0.000411 0.000000
vt -0.055000 -0.061087 0.000000
vt -0.271269 -0.061087 0.000000
vt -0.055000 -0.078540 0.000000
vt -0.470578 -0.062685 0.000000
vt -0.459243 -0.078540 0.000000
vt -0.271269 -0.043633 0.000000
vt -0.055000 -0.043633 0.000000
vt -0.271269 -0.026180 0.000000
vt -0.055000 -0.026180 0.000000
vt -0.271269 -0.008727 0.000000
vt -0.055000 -0.008727 0.000000
vt -0.271269 0.008727 0.000000
vt -0.055000 0.008727 0.000000
vt -0.271269 0.026180 0.000000
vt -0.055000 0.026180 0.000000
vt -0.271269 0.043633 0.000000
vt -0.055000 0.043633 0.000000
vt -0.271269 0.061087 0.000000
vt -0.055000 0.061087 0.000000
vt -0.055000 0.078540 0.000000
vt -0.485000 0.078540 0.000000
vt -0.484794 0.069457 0.000000
vt -0.484573 0.059989 0.000000
vt -0.484750 0.050191 0.000000
vt -0.485219 0.040078 0.000000
vt -0.485856 0.030053 0.000000
vt -0.486535 0.020494 0.000000
vt -0.487153 0.010998 0.000000
vt -0.487538 0.001284 0.000000
vt -0.487487 -0.008513 0.000000
vt -0.486786 -0.018265 0.000000
vt -0.485216 -0.027858 0.000000
vt -0.482770 -0.037177 0.000000
vt -0.479487 -0.046086 0.000000
vt -0.475402 -0.054508 0.000000
vt -0.670000 0.000000 0.000000
vt -0.000000 0.000000 0.000000
vt -0.670000 0.740000 0.000000
vt -0.000000 0.740000 0.000000
vt -0.115525 0.446757 0.000000
vt -0.060132 0.028275 0.000000
vt -0.003738 0.454247 0.000000
vt 0.108318 -0.392310 0.000000
vt -0.002519 -0.406981 0.000000
vt -0.055902 -0.942625 0.000000
vt 0.055902 -0.942625 0.000000
vt -0.055902 0.170000 0.000000
vt 0.055902 0.170000 0.000000
vt 0.055902 0.137445 0.000000
vt -0.055902 0.137445 0.000000
vt 0.055902 0.106901 0.000000
vt -0.055902 0.106901 0.000000
vt 0.055902 0.076358 0.000000
vt -0.055902 0.076358 0.000000
vt 0.055902 0.045815 0.000000
vt -0.055902 0.045815 0.000000
vt 0.055902 0.015272 0.000000
vt -0.055902 0.015272 0.000000
vt 0.055902 -0.015272 0.000000
vt -0.055902 -0.015272 0.000000
vt 0.055902 -0.045815 0.000000
vt -0.055902 -0.045815 0.000000
vt 0.055902 -0.076358 0.000000
vt -0.055902 -0.076358 0.000000
vt 0.055902 -0.106901 0.000000
vt -0.055902 -0.106901 0.000000
vt 0.055902 -0.137445 0.000000
vt -0.055902 -0.137445 0.000000
vt -0.055902 -0.092674 0.000000
vt 0.055902 -0.092674 0.000000
vt -0.055902 -0.055605 0.000000
vt 0.055902 -0.055605 0.000000
vt -0.055902 -0.018535 0.000000
vt 0.055902 -0.018535 0.000000
vt -0.055902 0.018535 0.000000
vt 0.055902 0.018535 0.000000
vt -0.055902 0.055605 0.000000
vt 0.055902 0.055605 0.000000
vt -0.055902 0.092674 0.000000
vt 0.055902 0.092674 0.000000
vt 0.055902 -0.522500 0.000000
vt -0.055902 -0.522500 0.000000
vt 0.055902 -0.982500 0.000000
vt -0.055902 -0.982500 0.000000
vt 0.887917 -1.710083 0.000000
vt 0.307089 -0.507348 0.000000
vt 0.787239 -1.758703 0.000000
vt 0.206411 -0.555968 0.000000
vt 0.055902 0.058905 0.000000
vt -0.055902 0.058905 0.000000
vt 0.055902 0.045815 0.000000
vt -0.055902 0.045815 0.000000
vt 0.055902 0.032725 0.000000
vt -0.055902 0.032725 0.000000
vt 0.055902 0.019635 0.000000
vt -0.055902 0.019635 0.000000
vt 0.055902 0.006545 0.000000
vt -0.055902 0.006545 0.000000
vt 0.055902 -0.006545 0.000000
vt -0.055902 -0.006545 0.000000
vt 0.055902 -0.019635 0.000000
vt -0.055902 -0.019635 0.000000
vt 0.055902 -0.032725 0.000000
vt -0.055902 -0.032725 0.000000
vt 0.055902 -0.045815 0.000000
vt -0.055902 -0.045815 0.000000
vt 0.055902 -0.058905 0.000000
vt -0.055902 -0.058905 0.000000
vt -0.055902 -0.134846 0.000000
vt 0.055902 -0.134846 0.000000
vt -0.055902 -0.096318 0.000000
vt 0.055902 -0.096318 0.000000
vt -0.055902 -0.057791 0.000000
vt 0.055902 -0.057791 0.000000
vt -0.055902 -0.019264 0.000000
vt 0.055902 -0.019264 0.000000
vt -0.055902 0.019264 0.000000
vt 0.055902 0.019264 0.000000
vt -0.055902 0.057791 0.000000
vt 0.055902 0.057791 0.000000
vt -0.055902 0.096318 0.000000
vt 0.055902 0.096318 0.000000
vt -0.055902 0.134846 0.000000
vt 0.055902 0.134846 0.000000
vt 0.055902 0.640000 0.000000
vt -0.055902 0.640000 0.000000
vt 0.055902 0.007244 0.000000
vt -0.055902 0.000000 0.000000
vt -0.055902 0.363738 0.000000
vt 0.055902 0.363738 0.000000
vt -0.055902 0.405673 0.000000
vt 0.055902 0.412662 0.000000
vt -0.055902 0.447607 0.000000
vt 0.055902 0.461585 0.000000
vt -0.055902 0.489542 0.000000
vt 0.055902 0.510509 0.000000
vt -0.055902 0.531476 0.000000
vt 0.055902 0.559432 0.000000
vt -0.055902 0.573411 0.000000
vt 0.055902 0.608356 0.000000
vt -0.055902 0.615345 0.000000
vt 0.055902 0.657279 0.000000
vt -0.055902 0.657279 0.000000
vt -0.055902 -0.134846 0.000000
vt 0.055902 -0.134846 0.000000
vt -0.055902 -0.096318 0.000000
vt 0.055902 -0.096318 0.000000
vt -0.055902 -0.057791 0.000000
vt 0.055902 -0.057791 0.000000
vt -0.055902 -0.019264 0.000000
vt 0.055902 -0.019264 0.000000
vt -0.055902 0.019264 0.000000
vt 0.055902 0.019264 0.000000
vt -0.055902 0.057791 0.000000
vt 0.055902 0.057791 0.000000
vt -0.055902 0.096318 0.000000
vt 0.055902 0.096318 0.000000
vt -0.055902 0.134846 0.000000
vt 0.055902 0.134846 0.000000
vt 0.055902 0.046901 0.000000
vt -0.055902 0.046901 0.000000
vt 0.055902 0.023450 0.000000
vt -0.055902 0.023450 0.000000
vt -0.055902 0.000000 0.000000
vt -0.055902 -0.023450 0.000000
vt 0.055902 -0.023450 0.000000
vt 0.055902 0.000000 0.000000
vt -0.055902 -0.046901 0.000000
vt 0.055902 -0.046901 0.000000
vt 0.833872 1.598171 0.000000
vt 0.733194 1.646791 0.000000
vt 0.253044 0.395436 0.000000
vt 0.152366 0.444056 0.000000
vt 0.604414 -1.123027 0.000000
vt 0.214540 -0.315705 0.000000
vt 0.503736 -1.171647 0.000000
vt 0.113862 -0.364325 0.000000
vt -0.175334 0.491617 0.000000
vt -0.276012 0.442997 0.000000
vt -0.055902 -0.092674 0.000000
vt 0.055902 -0.092674 0.000000
vt -0.055902 -0.055605 0.000000
vt 0.055902 -0.055605 0.000000
vt -0.055902 -0.018535 0.000000
vt 0.055902 -0.018535 0.000000
vt -0.055902 0.018535 0.000000
vt 0.055902 0.018535 0.000000
vt -0.055902 0.055605 0.000000
vt 0.055902 0.055605 0.000000
vt -0.055902 0.092674 0.000000
vt 0.055902 0.092674 0.000000
vt -0.055902 -0.092674 0.000000
vt 0.055902 -0.092674 0.000000
vt -0.055902 -0.055605 0.000000
vt 0.055902 -0.055605 0.000000
vt -0.055902 -0.018535 0.000000
vt 0.055902 -0.018535 0.000000
vt -0.055902 0.018535 0.000000
vt 0.055902 0.018535 0.000000
vt -0.055902 0.055605 0.000000
vt 0.055902 0.055605 0.000000
vt -0.055902 0.092674 0.000000
vt 0.055902 0.092674 0.000000
vt -0.055902 -0.242625 0.000000
vt 0.055902 -0.242625 0.000000
vt -0.055902 0.870000 0.000000
vt 0.055902 0.870000 0.000000
vt -0.055902 -0.987500 0.000000
vt 0.055902 -0.987500 0.000000
vt -0.055902 -0.943312 0.000000
vt 0.055902 -0.943312 0.000000
vt 0.055902 0.137445 0.000000
vt -0.055902 0.137445 0.000000
vt 0.055902 0.106901 0.000000
vt -0.055902 0.106901 0.000000
vt 0.055902 0.076358 0.000000
vt -0.055902 0.076358 0.000000
vt 0.055902 0.045815 0.000000
vt -0.055902 0.045815 0.000000
vt 0.055902 0.015272 0.000000
vt -0.055902 0.015272 0.000000
vt 0.055902 -0.015272 0.000000
vt -0.055902 -0.015272 0.000000
vt 0.055902 -0.045815 0.000000
vt -0.055902 -0.045815 0.000000
vt 0.055902 -0.076358 0.000000
vt -0.055902 -0.076358 0.000000
vt 0.055902 -0.106901 0.000000
vt -0.055902 -0.106901 0.000000
vt 0.055902 -0.137445 0.000000
vt -0.055902 -0.137445 0.000000
vt 0.055902 0.255254 0.000000
vt -0.055902 0.255254 0.000000
vt 0.055902 0.208845 0.000000
vt -0.055902 0.208845 0.000000
vt 0.055902 0.162435 0.000000
vt -0.055902 0.162435 0.000000
vt 0.055902 0.116025 0.000000
vt -0.055902 0.116025 0.000000
vt 0.055902 0.069615 0.000000
vt -0.055902 0.069615 0.000000
vt 0.055902 0.023205 0.000000
vt -0.055902 0.023205 0.000000
vt 0.055902 -0.023205 0.000000
vt -0.055902 -0.023205 0.000000
vt 0.055902 -0.069615 0.000000
vt -0.055902 -0.069615 0.000000
vt 0.055902 -0.116025 0.000000
vt -0.055902 -0.116025 0.000000
vt 0.055902 -0.162435 0.000000
vt -0.055902 -0.162435 0.000000
vt 0.055902 -0.208845 0.000000
vt -0.055902 -0.208845 0.000000
vt 0.055902 -0.255254 0.000000
vt -0.055902 -0.255254 0.000000
vt -0.055902 2.702500 0.000000
vt 0.055902 2.702500 0.000000
vt -0.055902 3.162500 0.000000
vt 0.055902 3.162500 0.000000
vt 0.055902 0.990000 0.000000
vt -0.055902 0.990000 0.000000
vt 0.055902 0.690000 0.000000
vt -0.055902 0.690000 0.000000
vt 0.055902 0.058905 0.000000
vt -0.055902 0.058905 0.000000
vt 0.055902 0.045815 0.000000
vt -0.055902 0.045815 0.000000
vt 0.055902 0.032725 0.000000
vt -0.055902 0.032725 0.000000
vt 0.055902 0.019635 0.000000
vt -0.055902 0.019635 0.000000
vt 0.055902 0.006545 0.000000
vt -0.055902 0.006545 0.000000
vt 0.055902 -0.006545 0.000000
vt -0.055902 -0.006545 0.000000
vt 0.055902 -0.019635 0.000000
vt -0.055902 -0.019635 0.000000
vt 0.055902 -0.032725 0.000000
vt -0.055902 -0.032725 0.000000
vt 0.055902 -0.045815 0.000000
vt -0.055902 -0.045815 0.000000
vt 0.055902 -0.058905 0.000000
vt -0.055902 -0.058905 0.000000
vt 0.055902 0.255254 0.000000
vt -0.055902 0.255254 0.000000
vt 0.055902 0.208845 0.000000
vt -0.055902 0.208845 0.000000
vt 0.055902 0.162435 0.000000
vt -0.055902 0.162435 0.000000
vt 0.055902 0.116025 0.000000
vt -0.055902 0.116025 0.000000
vt 0.055902 0.069615 0.000000
vt -0.055902 0.069615 0.000000
vt 0.055902 0.023205 0.000000
vt -0.055902 0.023205 0.000000
vt 0.055902 -0.023205 0.000000
vt -0.055902 -0.023205 0.000000
vt 0.055902 -0.069615 0.000000
vt -0.055902 -0.069615 0.000000
vt 0.055902 -0.116025 0.000000
vt -0.055902 -0.116025 0.000000
vt 0.055902 -0.162435 0.000000
vt -0.055902 -0.162435 0.000000
vt 0.055902 -0.208845 0.000000
vt -0.055902 -0.208845 0.000000
vt 0.055902 -0.255254 0.000000
vt -0.055902 -0.255254 0.000000
vt 0.055902 0.000000 0.000000
vt 0.055902 0.640000 0.000000
vt -0.055902 0.007244 0.000000
vt -0.055902 0.640000 0.000000
vt 0.055902 -1.184094 0.000000
vt -0.055902 -1.184094 0.000000
vt 0.055902 -1.228281 0.000000
vt -0.055902 -1.228281 0.000000
vt 0.136606 0.606020 0.000000
vt 0.024819 0.613509 0.000000
vt 0.081213 0.187538 0.000000
vt -0.087237 -0.233048 0.000000
vt 0.023600 -0.247719 0.000000
vt -0.055902 -0.092674 0.000000
vt 0.055902 -0.092674 0.000000
vt -0.055902 -0.055605 0.000000
vt 0.055902 -0.055605 0.000000
vt -0.055902 -0.018535 0.000000
vt 0.055902 -0.018535 0.000000
vt -0.055902 0.018535 0.000000
vt 0.055902 0.018535 0.000000
vt -0.055902 0.055605 0.000000
vt 0.055902 0.055605 0.000000
vt -0.055902 0.092674 0.000000
vt 0.055902 0.092674 0.000000
vt -0.055902 0.046901 0.000000
vt -0.055902 0.023450 0.000000
vt 0.055902 0.046901 0.000000
vt 0.055902 0.023450 0.000000
vt -0.055902 -0.000000 0.000000
vt 0.055902 -0.000000 0.000000
vt -0.055902 -0.023450 0.000000
vt 0.055902 -0.023450 0.000000
vt 0.055902 -0.046901 0.000000
vt -0.055902 -0.046901 0.000000
vt 0.550768 1.011941 0.000000
vt 0.450090 1.060561 0.000000
vt 0.160894 0.204619 0.000000
vt 0.060216 0.253239 0.000000
vt -0.228980 -0.602703 0.000000
vt -0.329658 -0.554083 0.000000
vt 0.116667 -0.157080 0.000000
vt 0.350000 -0.157080 0.000000
vt 0.129736 -0.137445 0.000000
vt 0.350000 -0.122173 0.000000
vt 0.142679 -0.117810 0.000000
vt 0.155371 -0.098175 0.000000
vt 0.350000 -0.087266 0.000000
vt 0.167691 -0.078540 0.000000
vt 0.179520 -0.058905 0.000000
vt 0.350000 -0.052360 0.000000
vt 0.190743 -0.039270 0.000000
vt 0.350000 -0.017453 0.000000
vt 0.201252 -0.019635 0.000000
vt 0.210948 0.000000 0.000000
vt 0.350000 0.017453 0.000000
vt 0.219735 0.019635 0.000000
vt 0.227529 0.039270 0.000000
vt 0.350000 0.052360 0.000000
vt 0.234256 0.058905 0.000000
vt 0.239851 0.078540 0.000000
vt 0.350000 0.087266 0.000000
vt 0.244259 0.098175 0.000000
vt 0.350000 0.122173 0.000000
vt 0.247438 0.117810 0.000000
vt 0.249358 0.137445 0.000000
vt 0.350000 0.157080 0.000000
vt 0.250000 0.157080 0.000000
vt 0.200000 0.200000 0.000000
vt 0.200000 0.100000 0.000000
vt 1.140000 0.200000 0.000000
vt 1.312625 0.100000 0.000000
vt 1.312625 0.200000 0.000000
vt 0.200000 0.082377 0.000000
vt 0.100000 0.082377 0.000000
vt 0.200000 0.049426 0.000000
vt 0.100000 0.049426 0.000000
vt 0.200000 0.016475 0.000000
vt 0.100000 0.016475 0.000000
vt 0.200000 -0.016475 0.000000
vt 0.100000 -0.016475 0.000000
vt 0.200000 -0.049426 0.000000
vt 0.100000 -0.049426 0.000000
vt 0.200000 -0.082377 0.000000
vt 0.100000 -0.082377 0.000000
vt 0.087375 0.100000 0.000000
vt 1.423014 0.100000 0.000000
vt 0.087375 0.200000 0.000000
vt 1.423014 0.200000 0.000000
vt 0.200000 0.119863 0.000000
vt 0.100000 0.119863 0.000000
vt 0.200000 0.085616 0.000000
vt 0.100000 0.085616 0.000000
vt 0.200000 0.051370 0.000000
vt 0.100000 0.051370 0.000000
vt 0.200000 0.017123 0.000000
vt 0.100000 0.017123 0.000000
vt 0.200000 -0.017123 0.000000
vt 0.100000 -0.017123 0.000000
vt 0.200000 -0.051370 0.000000
vt 0.100000 -0.051370 0.000000
vt 0.200000 -0.085616 0.000000
vt 0.100000 -0.085616 0.000000
vt 0.200000 -0.119863 0.000000
vt 0.100000 -0.119863 0.000000
vt -0.200000 0.757392 0.000000
vt -0.240000 0.749698 0.000000
vt -0.200000 0.707839 0.000000
vt -0.240000 0.699718 0.000000
vt -0.100000 0.707839 0.000000
vt -0.100000 0.662679 0.000000
vt -0.240000 0.649738 0.000000
vt -0.100000 0.617519 0.000000
vt -0.240000 0.599759 0.000000
vt -0.100000 0.572359 0.000000
vt -0.240000 0.549779 0.000000
vt -0.100000 0.527199 0.000000
vt -0.240000 0.499799 0.000000
vt -0.100000 0.482038 0.000000
vt -0.240000 0.449819 0.000000
vt -0.100000 0.436878 0.000000
vt -0.240000 0.399839 0.000000
vt -0.100000 0.391718 0.000000
vt -0.200000 0.391718 0.000000
vt -0.240000 0.349859 0.000000
vt -0.200000 0.342166 0.000000
vt -0.240000 0.299879 0.000000
vt -0.200000 0.292613 0.000000
vt -0.240000 0.249899 0.000000
vt -0.200000 0.243061 0.000000
vt -0.240000 0.199920 0.000000
vt -0.200000 0.193508 0.000000
vt -0.240000 0.149940 0.000000
vt -0.200000 0.143956 0.000000
vt -0.240000 0.099960 0.000000
vt -0.200000 0.094403 0.000000
vt -0.240000 0.049980 0.000000
vt -0.200000 0.044851 0.000000
vt -0.240000 0.000000 0.000000
vt -0.200000 -0.004702 0.000000
vt -0.240000 -0.049980 0.000000
vt -0.200000 -0.054254 0.000000
vt -0.240000 -0.099960 0.000000
vt -0.200000 -0.103807 0.000000
vt -0.240000 -0.149940 0.000000
vt -0.200000 -0.153359 0.000000
vt -0.240000 -0.199920 0.000000
vt -0.200000 -0.202911 0.000000
vt -0.240000 -0.249899 0.000000
vt -0.200000 -0.252464 0.000000
vt -0.240000 -0.299879 0.000000
vt -0.200000 -0.302016 0.000000
vt -0.240000 -0.349859 0.000000
vt -0.200000 -0.351569 0.000000
vt -0.240000 -0.399839 0.000000
vt -0.200000 -0.401121 0.000000
vt -0.240000 -0.449819 0.000000
vt -0.200000 -0.450674 0.000000
vt -0.240000 -0.499799 0.000000
vt -0.200000 -0.500226 0.000000
vt -0.240000 -0.549779 0.000000
vt -0.200000 -0.549779 0.000000
vt -0.200000 -0.599331 0.000000
vt -0.240000 -0.599759 0.000000
vt -0.200000 -0.648884 0.000000
vt -0.240000 -0.649738 0.000000
vt -0.200000 -0.698436 0.000000
vt -0.240000 -0.699718 0.000000
vt -0.200000 -0.747989 0.000000
vt -0.240000 -0.749698 0.000000
vt -0.200000 -0.797541 0.000000
vt -0.240000 -0.799678 0.000000
vt -0.200000 -0.847093 0.000000
vt -0.240000 -0.849658 0.000000
vt -0.200000 -0.896646 0.000000
vt -0.240000 -0.899638 0.000000
vt -0.200000 -0.946198 0.000000
vt -0.240000 -0.949618 0.000000
vt -0.200000 -0.995751 0.000000
vt -0.240000 -0.999598 0.000000
vt -0.200000 -1.045303 0.000000
vt -0.240000 -1.049578 0.000000
vt -0.200000 -1.094856 0.000000
vt -0.240000 -1.099557 0.000000
vt -0.200000 -1.144408 0.000000
vt -0.200000 1.054707 0.000000
vt -0.240000 1.099557 0.000000
vt -0.240000 1.049578 0.000000
vt -0.200000 1.005154 0.000000
vt -0.240000 0.999598 0.000000
vt -0.200000 0.955602 0.000000
vt -0.240000 0.949618 0.000000
vt -0.200000 0.906049 0.000000
vt -0.240000 0.899638 0.000000
vt -0.200000 0.856497 0.000000
vt -0.240000 0.849658 0.000000
vt -0.200000 0.806944 0.000000
vt -0.240000 0.799678 0.000000
vt 0.200000 0.119863 0.000000
vt 0.100000 0.119863 0.000000
vt 0.200000 0.085616 0.000000
vt 0.100000 0.085616 0.000000
vt 0.200000 0.051370 0.000000
vt 0.100000 0.051370 0.000000
vt 0.200000 0.017123 0.000000
vt 0.100000 0.017123 0.000000
vt 0.200000 -0.017123 0.000000
vt 0.100000 -0.017123 0.000000
vt 0.200000 -0.051370 0.000000
vt 0.100000 -0.051370 0.000000
vt 0.200000 -0.085616 0.000000
vt 0.100000 -0.085616 0.000000
vt 0.200000 -0.119863 0.000000
vt 0.100000 -0.119863 0.000000
vt 0.162348 0.100000 0.000000
vt 1.497987 0.100000 0.000000
vt 0.162348 0.200000 0.000000
vt 1.497987 0.200000 0.000000
vt 0.200000 0.082377 0.000000
vt 0.100000 0.082377 0.000000
vt 0.200000 0.049426 0.000000
vt 0.100000 0.049426 0.000000
vt 0.200000 0.016475 0.000000
vt 0.100000 0.016475 0.000000
vt 0.200000 -0.016475 0.000000
vt 0.100000 -0.016475 0.000000
vt 0.200000 -0.049426 0.000000
vt 0.100000 -0.049426 0.000000
vt 0.200000 -0.082377 0.000000
vt 0.100000 -0.082377 0.000000
vt 0.087375 0.200000 0.000000
vt 0.087375 0.100000 0.000000
vt 0.260000 0.200000 0.000000
vt 1.200000 0.100000 0.000000
vt 1.200000 0.200000 0.000000
vt 0.250000 -0.157080 0.000000
vt 0.350000 -0.157080 0.000000
vt 0.249358 -0.137445 0.000000
vt 0.350000 -0.122173 0.000000
vt 0.247438 -0.117810 0.000000
vt 0.244259 -0.098175 0.000000
vt 0.350000 -0.087266 0.000000
vt 0.239851 -0.078540 0.000000
vt 0.350000 -0.052360 0.000000
vt 0.234256 -0.058905 0.000000
vt 0.227529 -0.039270 0.000000
vt 0.350000 -0.017453 0.000000
vt 0.219735 -0.019635 0.000000
vt 0.210948 -0.000000 0.000000
vt 0.350000 0.017453 0.000000
vt 0.201252 0.019635 0.000000
vt 0.190743 0.039270 0.000000
vt 0.350000 0.052360 0.000000
vt 0.179520 0.058905 0.000000
vt 0.167691 0.078540 0.000000
vt 0.350000 0.087266 0.000000
vt 0.155371 0.098175 0.000000
vt 0.350000 0.122173 0.000000
vt 0.142679 0.117810 0.000000
vt 0.129736 0.137445 0.000000
vt 0.350000 0.157080 0.000000
vt 0.116667 0.157080 0.000000
vt -0.040000 0.100000 0.000000
vt -0.040000 0.640000 0.000000
vt -0.444243 0.100000 0.000000
vt -0.770000 0.640000 0.000000
vt -0.770000 0.000000 0.000000
vt -0.567613 0.000000 0.000000
vt -0.480465 0.057497 0.000000
vt -0.462620 0.077468 0.000000
vt -0.562072 0.000411 0.000000
vt -0.556167 0.001641 0.000000
vt -0.549911 0.003689 0.000000
vt -0.543318 0.006550 0.000000
vt -0.529187 0.014680 0.000000
vt -0.513904 0.025956 0.000000
vt -0.497613 0.040273 0.000000
vt -0.000000 0.100000 0.000000
vt 0.422132 0.100000 0.000000
vt -0.000000 0.302387 0.000000
vt 0.710000 0.540000 0.000000
vt 0.050000 0.007244 0.000000
vt 0.710000 -0.572625 0.000000
vt 0.292357 -0.811583 0.000000
vt 0.713385 -0.613628 0.000000
vt 0.723450 -0.653520 0.000000
vt 0.739920 -0.691221 0.000000
vt 0.299334 -0.830418 0.000000
vt 0.308764 -0.848151 0.000000
vt 0.707721 0.566047 0.000000
vt 0.560000 0.690000 0.000000
vt 0.050000 0.640000 0.000000
vt 0.700954 0.591303 0.000000
vt 0.689904 0.615000 0.000000
vt 0.674907 0.636418 0.000000
vt 0.656418 0.654907 0.000000
vt 0.635000 0.669904 0.000000
vt 0.611303 0.680954 0.000000
vt 0.586047 0.687721 0.000000
vt 0.100000 0.690000 0.000000
vt 0.050760 0.648682 0.000000
vt 0.053015 0.657101 0.000000
vt 0.056699 0.665000 0.000000
vt 0.061698 0.672139 0.000000
vt 0.067861 0.678302 0.000000
vt 0.075000 0.683301 0.000000
vt 0.082899 0.686985 0.000000
vt 0.091318 0.689240 0.000000
vt 0.320480 -0.864466 0.000000
vt 0.334270 -0.879069 0.000000
vt 0.762351 -0.725710 0.000000
vt 0.790135 -0.756053 0.000000
vt 0.992067 -1.488226 0.000000
vt 1.470000 -1.520000 0.000000
vt 1.649865 -2.097384 0.000000
vt 1.770111 -1.663566 0.000000
vt 1.803851 -1.689828 0.000000
vt 1.841572 -1.709957 0.000000
vt 1.882172 -1.723364 0.000000
vt 1.924462 -1.729656 0.000000
vt 1.677649 -2.127727 0.000000
vt 1.967206 -1.728651 0.000000
vt 1.700080 -2.162217 0.000000
vt 2.009154 -1.720376 0.000000
vt 1.716550 -2.199918 0.000000
vt 2.643450 -2.199918 0.000000
vt 2.633385 -2.239810 0.000000
vt 1.726615 -2.239810 0.000000
vt 2.630000 -2.280812 0.000000
vt 1.730000 -2.280812 0.000000
vt 2.330000 -2.625000 0.000000
vt 2.030000 -2.625000 0.000000
vt 1.730000 -2.325000 0.000000
vt 1.733054 -2.367694 0.000000
vt 1.742152 -2.409520 0.000000
vt 1.757110 -2.449625 0.000000
vt 1.777624 -2.487192 0.000000
vt 1.803275 -2.521458 0.000000
vt 1.833542 -2.551725 0.000000
vt 1.867808 -2.577376 0.000000
vt 1.905375 -2.597890 0.000000
vt 1.945480 -2.612848 0.000000
vt 1.987306 -2.621946 0.000000
vt 2.372694 -2.621946 0.000000
vt 2.414520 -2.612848 0.000000
vt 2.454625 -2.597890 0.000000
vt 2.492192 -2.577376 0.000000
vt 2.526458 -2.551725 0.000000
vt 2.556725 -2.521458 0.000000
vt 2.582376 -2.487192 0.000000
vt 2.602890 -2.449625 0.000000
vt 2.617848 -2.409520 0.000000
vt 2.626946 -2.367694 0.000000
vt 2.630000 -2.325000 0.000000
vt 2.350846 -1.720376 0.000000
vt 2.659920 -2.162217 0.000000
vt 2.392794 -1.728651 0.000000
vt 2.682351 -2.127727 0.000000
vt 2.435538 -1.729656 0.000000
vt 2.710135 -2.097384 0.000000
vt 2.477828 -1.723364 0.000000
vt 2.518428 -1.709957 0.000000
vt 2.556149 -1.689828 0.000000
vt 2.589889 -1.663566 0.000000
vt 2.890000 -1.520000 0.000000
vt 3.569865 -0.756053 0.000000
vt 3.367933 -1.488226 0.000000
vt 4.025730 -0.879069 0.000000
vt 4.039520 -0.864466 0.000000
vt 3.620080 -0.691221 0.000000
vt 3.597649 -0.725710 0.000000
vt 4.051236 -0.848151 0.000000
vt 4.060666 -0.830418 0.000000
vt 4.067643 -0.811583 0.000000
vt 4.310000 0.007244 0.000000
vt 3.650000 -0.572625 0.000000
vt 3.646615 -0.613628 0.000000
vt 3.636550 -0.653520 0.000000
vt 3.650000 0.540000 0.000000
vt 4.310000 0.640000 0.000000
vt 3.800000 0.690000 0.000000
vt 4.260000 0.690000 0.000000
vt 4.309240 0.648682 0.000000
vt 4.306985 0.657101 0.000000
vt 4.303301 0.665000 0.000000
vt 4.298302 0.672139 0.000000
vt 4.292139 0.678302 0.000000
vt 4.285000 0.683301 0.000000
vt 4.277101 0.686985 0.000000
vt 4.268682 0.689240 0.000000
vt 3.773953 0.687721 0.000000
vt 3.748697 0.680954 0.000000
vt 3.725000 0.669904 0.000000
vt 3.703582 0.654907 0.000000
vt 3.685093 0.636418 0.000000
vt 3.670096 0.615000 0.000000
vt 3.659046 0.591303 0.000000
vt 3.652279 0.566047 0.000000
vt 2.049078 -1.705075 0.000000
vt 2.310922 -1.705075 0.000000
vt 2.091038 -1.688494 0.000000
vt 2.268962 -1.688494 0.000000
vt 2.135010 -1.678393 0.000000
vt 2.224990 -1.678393 0.000000
vt 2.180000 -1.675000 0.000000
vt 0.351079 0.078540 0.000000
vt -0.087974 0.078540 0.000000
vt 0.347448 0.062501 0.000000
vt 0.131552 0.061087 0.000000
vt 0.343911 0.046461 0.000000
vt 0.131552 0.043633 0.000000
vt 0.340558 0.030422 0.000000
vt 0.131552 0.026180 0.000000
vt 0.337474 0.014383 0.000000
vt 0.131552 0.008727 0.000000
vt 0.334740 -0.001656 0.000000
vt 0.131552 -0.008727 0.000000
vt 0.332426 -0.017695 0.000000
vt 0.131552 -0.026180 0.000000
vt 0.330590 -0.033735 0.000000
vt 0.131552 -0.043633 0.000000
vt 0.329280 -0.049774 0.000000
vt 0.131552 -0.061087 0.000000
vt 0.328530 -0.065813 0.000000
vt 0.327920 -0.072176 0.000000
vt 0.326460 -0.078540 0.000000
vt -0.087974 -0.078540 0.000000
vt -0.087974 -0.061087 0.000000
vt -0.087974 -0.043633 0.000000
vt -0.087974 -0.026180 0.000000
vt -0.087974 -0.008727 0.000000
vt -0.087974 0.008727 0.000000
vt -0.087974 0.026180 0.000000
vt -0.087974 0.043633 0.000000
vt -0.087974 0.061087 0.000000
vt 0.449709 -0.072176 0.000000
vt 0.453337 -0.063430 0.000000
vt -0.015258 -0.072176 0.000000
vt 0.266163 -0.056137 0.000000
vt -0.016008 -0.056137 0.000000
vt 0.266163 -0.040098 0.000000
vt -0.017318 -0.040098 0.000000
vt 0.266163 -0.024059 0.000000
vt -0.019154 -0.024059 0.000000
vt 0.266163 -0.008020 0.000000
vt -0.021468 -0.008020 0.000000
vt 0.266163 0.008020 0.000000
vt -0.024202 0.008020 0.000000
vt 0.266163 0.024059 0.000000
vt -0.027286 0.024059 0.000000
vt 0.266163 0.040098 0.000000
vt -0.030639 0.040098 0.000000
vt 0.266163 0.056137 0.000000
vt -0.034176 0.056137 0.000000
vt -0.037807 0.072176 0.000000
vt 0.433084 0.067349 0.000000
vt 0.430334 0.072176 0.000000
vt 0.457728 -0.054672 0.000000
vt 0.462852 -0.045948 0.000000
vt 0.468502 -0.037649 0.000000
vt 0.474475 -0.030161 0.000000
vt 0.481007 -0.023245 0.000000
vt 0.488266 -0.016784 0.000000
vt 0.496185 -0.011024 0.000000
vt 0.504700 -0.006228 0.000000
vt 0.513723 -0.002626 0.000000
vt 0.523054 -0.000249 0.000000
vt 0.532475 0.000900 0.000000
vt 0.542707 0.004586 0.000000
vt 0.541833 0.000842 0.000000
vt 0.551261 -0.000254 0.000000
vt 0.570133 -0.005070 0.000000
vt 0.517724 0.014241 0.000000
vt 0.495418 0.023897 0.000000
vt 0.475996 0.033553 0.000000
vt 0.459639 0.043209 0.000000
vt 0.446500 0.052865 0.000000
vt 0.441177 0.057693 0.000000
vt 0.436701 0.062521 0.000000
vt -0.000000 -0.049125 0.000000
vt -0.000000 -0.072000 0.000000
vt 0.017453 -0.049125 0.000000
vt 0.017453 -0.079625 0.000000
vt 0.034907 -0.079625 0.000000
vt 0.034907 -0.110126 0.000000
vt 0.052360 -0.110126 0.000000
vt 0.052360 -0.140626 0.000000
vt 0.069813 -0.140626 0.000000
vt -0.000000 -0.094875 0.000000
vt 0.017453 -0.110126 0.000000
vt 0.034907 -0.140626 0.000000
vt -0.000000 -0.117751 0.000000
vt 0.017453 -0.140626 0.000000
vt -0.000000 -0.140626 0.000000
vt 0.069813 -0.110126 0.000000
vt 0.087266 -0.140626 0.000000
vt 0.087266 -0.110126 0.000000
vt 0.104720 -0.140626 0.000000
vt 0.104720 -0.110126 0.000000
vt 0.122173 -0.140626 0.000000
vt 0.122173 -0.110126 0.000000
vt 0.139626 -0.140626 0.000000
vt 0.139626 -0.110126 0.000000
vt 0.157080 -0.117751 0.000000
vt 0.157080 -0.094875 0.000000
vt 0.157080 -0.140626 0.000000
vt 0.139626 -0.079625 0.000000
vt 0.157080 -0.072000 0.000000
vt 0.139626 -0.049125 0.000000
vt 0.157080 -0.049125 0.000000
vt 0.122173 -0.049125 0.000000
vt 0.122173 -0.079625 0.000000
vt 0.104720 -0.049125 0.000000
vt 0.104720 -0.079625 0.000000
vt 0.087266 -0.049125 0.000000
vt 0.087266 -0.079625 0.000000
vt 0.069813 -0.049125 0.000000
vt 0.069813 -0.079625 0.000000
vt 0.052360 -0.049125 0.000000
vt 0.052360 -0.079625 0.000000
vt 0.034907 -0.049125 0.000000
vt -0.216833 0.078540 0.000000
vt -1.113365 0.078540 0.000000
vt -0.754752 0.061087 0.000000
vt -1.113365 0.061087 0.000000
vt -0.754752 0.043633 0.000000
vt -1.113365 0.043633 0.000000
vt -0.754752 0.026180 0.000000
vt -1.113365 0.026180 0.000000
vt -0.754752 0.008727 0.000000
vt -1.113365 0.008727 0.000000
vt -0.754752 -0.008727 0.000000
vt -1.113365 -0.008727 0.000000
vt -0.754752 -0.026180 0.000000
vt -1.113365 -0.026180 0.000000
vt -0.754752 -0.043633 0.000000
vt -1.113365 -0.043633 0.000000
vt -0.754752 -0.061087 0.000000
vt -1.113365 -0.061087 0.000000
vt -1.113365 -0.078540 0.000000
vt -0.216833 -0.078540 0.000000
vt -0.396139 -0.061087 0.000000
vt -0.396139 -0.043633 0.000000
vt -0.396139 -0.026180 0.000000
vt -0.396139 -0.008727 0.000000
vt -0.396139 0.008727 0.000000
vt -0.396139 0.026180 0.000000
vt -0.396139 0.043633 0.000000
vt -0.396139 0.061087 0.000000
vt -0.037526 0.061087 0.000000
vt 0.321087 0.061087 0.000000
vt 0.321087 0.043633 0.000000
vt 0.679700 0.043633 0.000000
vt 0.679700 0.026180 0.000000
vt 0.321087 0.026180 0.000000
vt 0.679700 0.008727 0.000000
vt 0.321087 0.008727 0.000000
vt 0.679700 -0.008727 0.000000
vt 0.321087 -0.008727 0.000000
vt 0.679700 -0.026180 0.000000
vt 0.321087 -0.026180 0.000000
vt 0.679700 -0.043633 0.000000
vt 0.321087 -0.043633 0.000000
vt 0.679700 -0.061087 0.000000
vt 0.321087 -0.061087 0.000000
vt 0.679700 -0.078540 0.000000
vt -0.037526 -0.061087 0.000000
vt 0.679700 0.061087 0.000000
vt 0.679700 0.078540 0.000000
vt -0.037526 0.043633 0.000000
vt -0.037526 0.026180 0.000000
vt -0.037526 0.008727 0.000000
vt -0.037526 -0.008727 0.000000
vt -0.037526 -0.026180 0.000000
vt -0.037526 -0.043633 0.000000
vt 0.314159 0.037776 0.000000
vt 0.314159 0.000000 0.000000
vt 0.331613 0.031480 0.000000
vt 0.331613 0.000000 0.000000
vt 0.349066 0.000000 0.000000
vt 0.349066 0.031480 0.000000
vt 0.366519 0.000000 0.000000
vt 0.366519 0.031480 0.000000
vt 0.383972 0.000000 0.000000
vt 0.383972 0.031480 0.000000
vt 0.401426 0.000000 0.000000
vt 0.401426 0.031480 0.000000
vt 0.418879 0.000000 0.000000
vt 0.418879 0.031480 0.000000
vt 0.436332 0.000000 0.000000
vt 0.436332 0.031480 0.000000
vt 0.453786 0.000000 0.000000
vt 0.453786 0.031480 0.000000
vt 0.471239 0.000000 0.000000
vt 0.471239 0.031480 0.000000
vt 0.453786 0.062961 0.000000
vt 0.471239 0.062961 0.000000
vt 0.453786 0.094441 0.000000
vt 0.471239 0.094441 0.000000
vt 0.453786 0.125921 0.000000
vt 0.471239 0.125921 0.000000
vt 0.453786 0.157401 0.000000
vt 0.471239 0.157401 0.000000
vt 0.471239 0.188882 0.000000
vt 0.453786 0.188882 0.000000
vt 0.436332 0.157401 0.000000
vt 0.436332 0.125921 0.000000
vt 0.436332 0.094441 0.000000
vt 0.436332 0.062961 0.000000
vt 0.436332 0.188882 0.000000
vt 0.418879 0.157401 0.000000
vt 0.418879 0.125921 0.000000
vt 0.418879 0.094441 0.000000
vt 0.418879 0.062961 0.000000
vt 0.418879 0.188882 0.000000
vt 0.401426 0.157401 0.000000
vt 0.401426 0.125921 0.000000
vt 0.401426 0.094441 0.000000
vt 0.401426 0.062961 0.000000
vt 0.401426 0.188882 0.000000
vt 0.383972 0.157401 0.000000
vt 0.383972 0.125921 0.000000
vt 0.383972 0.094441 0.000000
vt 0.383972 0.062961 0.000000
vt 0.383972 0.188882 0.000000
vt 0.366519 0.157401 0.000000
vt 0.366519 0.125921 0.000000
vt 0.366519 0.094441 0.000000
vt 0.366519 0.062961 0.000000
vt 0.366519 0.188882 0.000000
vt 0.349066 0.188882 0.000000
vt 0.349066 0.157401 0.000000
vt 0.331613 0.188882 0.000000
vt 0.331613 0.157401 0.000000
vt 0.314159 0.188882 0.000000
vt 0.314159 0.151105 0.000000
vt 0.331613 0.125921 0.000000
vt 0.314159 0.113329 0.000000
vt 0.331613 0.094441 0.000000
vt 0.314159 0.075553 0.000000
vt 0.331613 0.062961 0.000000
vt 0.349066 0.062961 0.000000
vt 0.349066 0.094441 0.000000
vt 0.349066 0.125921 0.000000
vt -0.700344 0.078540 0.000000
vt -0.744531 0.078540 0.000000
vt -0.700344 0.061087 0.000000
vt -0.744531 0.061087 0.000000
vt -0.700344 0.043633 0.000000
vt -0.744531 0.043633 0.000000
vt -0.700344 0.026180 0.000000
vt -0.744531 0.026180 0.000000
vt -0.700344 0.008727 0.000000
vt -0.744531 0.008727 0.000000
vt -0.700344 -0.008727 0.000000
vt -0.744531 -0.008727 0.000000
vt -0.700344 -0.026180 0.000000
vt -0.744531 -0.026180 0.000000
vt -0.700344 -0.043633 0.000000
vt -0.744531 -0.043633 0.000000
vt -0.700344 -0.061087 0.000000
vt -0.744531 -0.061087 0.000000
vt -0.700344 -0.078540 0.000000
vt -0.744531 -0.078540 0.000000
vt -0.000000 -0.503771 0.000000
vt 0.017453 -0.503771 0.000000
vt -0.000000 -0.457974 0.000000
vt 0.017453 -0.457974 0.000000
vt -0.000000 -0.412176 0.000000
vt 0.017453 -0.412176 0.000000
vt -0.000000 -0.366379 0.000000
vt 0.017453 -0.366379 0.000000
vt -0.000000 -0.320582 0.000000
vt 0.017453 -0.320582 0.000000
vt -0.000000 -0.274784 0.000000
vt 0.017453 -0.274784 0.000000
vt -0.000000 -0.228987 0.000000
vt 0.017453 -0.228987 0.000000
vt -0.000000 -0.183190 0.000000
vt 0.017453 -0.183190 0.000000
vt -0.000000 -0.137392 0.000000
vt 0.017453 -0.137392 0.000000
vt -0.000000 -0.091595 0.000000
vt 0.017453 -0.091595 0.000000
vt -0.000000 -0.045797 0.000000
vt 0.017453 -0.045797 0.000000
vt -0.000000 0.000000 0.000000
vt 0.017453 0.000000 0.000000
vt 0.034907 -0.045797 0.000000
vt 0.034907 0.000000 0.000000
vt 0.052360 -0.045797 0.000000
vt 0.052360 0.000000 0.000000
vt 0.069813 -0.045797 0.000000
vt 0.069813 0.000000 0.000000
vt 0.087266 -0.045797 0.000000
vt 0.087266 0.000000 0.000000
vt 0.104720 -0.045797 0.000000
vt 0.104720 0.000000 0.000000
vt 0.122173 -0.045797 0.000000
vt 0.122173 0.000000 0.000000
vt 0.139626 -0.045797 0.000000
vt 0.139626 0.000000 0.000000
vt 0.157080 0.000000 0.000000
vt 0.157080 -0.050377 0.000000
vt 0.139626 -0.091595 0.000000
vt 0.157080 -0.100754 0.000000
vt 0.139626 -0.137392 0.000000
vt 0.157080 -0.151131 0.000000
vt 0.139626 -0.183190 0.000000
vt 0.157080 -0.201508 0.000000
vt 0.139626 -0.228987 0.000000
vt 0.157080 -0.251886 0.000000
vt 0.139626 -0.274784 0.000000
vt 0.157080 -0.302263 0.000000
vt 0.139626 -0.320582 0.000000
vt 0.157080 -0.352640 0.000000
vt 0.139626 -0.366379 0.000000
vt 0.157080 -0.403017 0.000000
vt 0.139626 -0.412176 0.000000
vt 0.157080 -0.453394 0.000000
vt 0.139626 -0.457974 0.000000
vt 0.157080 -0.503771 0.000000
vt 0.139626 -0.503771 0.000000
vt 0.122173 -0.457974 0.000000
vt 0.122173 -0.503771 0.000000
vt 0.104720 -0.457974 0.000000
vt 0.104720 -0.503771 0.000000
vt 0.087266 -0.457974 0.000000
vt 0.087266 -0.503771 0.000000
vt 0.069813 -0.457974 0.000000
vt 0.069813 -0.503771 0.000000
vt 0.052360 -0.457974 0.000000
vt 0.052360 -0.503771 0.000000
vt 0.034907 -0.457974 0.000000
vt 0.034907 -0.503771 0.000000
vt 0.122173 -0.412176 0.000000
vt 0.122173 -0.366379 0.000000
vt 0.122173 -0.320582 0.000000
vt 0.122173 -0.274784 0.000000
vt 0.122173 -0.228987 0.000000
vt 0.122173 -0.183190 0.000000
vt 0.122173 -0.137392 0.000000
vt 0.122173 -0.091595 0.000000
vt 0.104720 -0.412176 0.000000
vt 0.104720 -0.366379 0.000000
vt 0.104720 -0.320582 0.000000
vt 0.104720 -0.274784 0.000000
vt 0.104720 -0.228987 0.000000
vt 0.104720 -0.183190 0.000000
vt 0.104720 -0.137392 0.000000
vt 0.104720 -0.091595 0.000000
vt 0.087266 -0.412176 0.000000
vt 0.087266 -0.366379 0.000000
vt 0.087266 -0.320582 0.000000
vt 0.087266 -0.274784 0.000000
vt 0.087266 -0.228987 0.000000
vt 0.087266 -0.183190 0.000000
vt 0.087266 -0.137392 0.000000
vt 0.087266 -0.091595 0.000000
vt 0.069813 -0.412176 0.000000
vt 0.069813 -0.366379 0.000000
vt 0.069813 -0.320582 0.000000
vt 0.069813 -0.274784 0.000000
vt 0.069813 -0.228987 0.000000
vt 0.069813 -0.183190 0.000000
vt 0.069813 -0.137392 0.000000
vt 0.069813 -0.091595 0.000000
vt 0.052360 -0.412176 0.000000
vt 0.052360 -0.366379 0.000000
vt 0.052360 -0.320582 0.000000
vt 0.052360 -0.274784 0.000000
vt 0.052360 -0.228987 0.000000
vt 0.052360 -0.183190 0.000000
vt 0.052360 -0.137392 0.000000
vt 0.052360 -0.091595 0.000000
vt 0.034907 -0.412176 0.000000
vt 0.034907 -0.366379 0.000000
vt 0.034907 -0.320582 0.000000
vt 0.034907 -0.274784 0.000000
vt 0.034907 -0.228987 0.000000
vt 0.034907 -0.183190 0.000000
vt 0.034907 -0.137392 0.000000
vt 0.034907 -0.091595 0.000000
vt -0.100000 0.078540 0.000000
vt -0.400000 0.078540 0.000000
vt -0.100000 0.061087 0.000000
vt -0.400000 0.061087 0.000000
vt -0.100000 0.043633 0.000000
vt -0.400000 0.043633 0.000000
vt -0.100000 0.026180 0.000000
vt -0.400000 0.026180 0.000000
vt -0.100000 0.008727 0.000000
vt -0.400000 0.008727 0.000000
vt -0.100000 -0.008727 0.000000
vt -0.400000 -0.008727 0.000000
vt -0.100000 -0.026180 0.000000
vt -0.400000 -0.026180 0.000000
vt -0.100000 -0.043633 0.000000
vt -0.400000 -0.043633 0.000000
vt -0.100000 -0.061087 0.000000
vt -0.400000 -0.061087 0.000000
vt -0.100000 -0.078540 0.000000
vt -0.400000 -0.078540 0.000000
vt -0.000000 -1.007542 0.000000
vt 0.017453 -1.007542 0.000000
vt -0.000000 -0.961745 0.000000
vt 0.017453 -0.961745 0.000000
vt -0.000000 -0.915948 0.000000
vt 0.017453 -0.915948 0.000000
vt -0.000000 -0.870150 0.000000
vt 0.017453 -0.870150 0.000000
vt -0.000000 -0.824353 0.000000
vt 0.017453 -0.824353 0.000000
vt -0.000000 -0.778555 0.000000
vt 0.017453 -0.778555 0.000000
vt -0.000000 -0.732758 0.000000
vt 0.017453 -0.732758 0.000000
vt -0.000000 -0.686961 0.000000
vt 0.017453 -0.686961 0.000000
vt -0.000000 -0.641163 0.000000
vt 0.017453 -0.641163 0.000000
vt -0.000000 -0.595366 0.000000
vt 0.017453 -0.595366 0.000000
vt -0.000000 -0.549569 0.000000
vt 0.017453 -0.549569 0.000000
vt -0.000000 -0.503771 0.000000
vt 0.017453 -0.503771 0.000000
vt 0.034907 -0.549569 0.000000
vt 0.034907 -0.503771 0.000000
vt 0.052360 -0.549569 0.000000
vt 0.052360 -0.503771 0.000000
vt 0.069813 -0.549569 0.000000
vt 0.069813 -0.503771 0.000000
vt 0.087266 -0.549569 0.000000
vt 0.087266 -0.503771 0.000000
vt 0.104720 -0.549569 0.000000
vt 0.104720 -0.503771 0.000000
vt 0.122173 -0.549569 0.000000
vt 0.122173 -0.503771 0.000000
vt 0.139626 -0.549569 0.000000
vt 0.139626 -0.503771 0.000000
vt 0.157080 -0.503771 0.000000
vt 0.157080 -0.554148 0.000000
vt 0.139626 -0.595366 0.000000
vt 0.157080 -0.604525 0.000000
vt 0.139626 -0.641163 0.000000
vt 0.157080 -0.654903 0.000000
vt 0.139626 -0.686961 0.000000
vt 0.157080 -0.705280 0.000000
vt 0.139626 -0.732758 0.000000
vt 0.157080 -0.755657 0.000000
vt 0.139626 -0.778555 0.000000
vt 0.157080 -0.806034 0.000000
vt 0.139626 -0.824353 0.000000
vt 0.157080 -0.856411 0.000000
vt 0.139626 -0.870150 0.000000
vt 0.157080 -0.906788 0.000000
vt 0.139626 -0.915948 0.000000
vt 0.157080 -0.957165 0.000000
vt 0.139626 -0.961745 0.000000
vt 0.157080 -1.007542 0.000000
vt 0.139626 -1.007542 0.000000
vt 0.122173 -0.961745 0.000000
vt 0.122173 -1.007542 0.000000
vt 0.104720 -0.961745 0.000000
vt 0.104720 -1.007542 0.000000
vt 0.087266 -0.961745 0.000000
vt 0.087266 -1.007542 0.000000
vt 0.069813 -0.961745 0.000000
vt 0.069813 -1.007542 0.000000
vt 0.052360 -0.961745 0.000000
vt 0.052360 -1.007542 0.000000
vt 0.034907 -0.961745 0.000000
vt 0.034907 -1.007542 0.000000
vt 0.122173 -0.915948 0.000000
vt 0.122173 -0.870150 0.000000
vt 0.122173 -0.824353 0.000000
vt 0.122173 -0.778555 0.000000
vt 0.122173 -0.732758 0.000000
vt 0.122173 -0.686961 0.000000
vt 0.122173 -0.641163 0.000000
vt 0.122173 -0.595366 0.000000
vt 0.104720 -0.915948 0.000000
vt 0.104720 -0.870150 0.000000
vt 0.104720 -0.824353 0.000000
vt 0.104720 -0.778555 0.000000
vt 0.104720 -0.732758 0.000000
vt 0.104720 -0.686961 0.000000
vt 0.104720 -0.641163 0.000000
vt 0.104720 -0.595366 0.000000
vt 0.087266 -0.915948 0.000000
vt 0.087266 -0.870150 0.000000
vt 0.087266 -0.824353 0.000000
vt 0.087266 -0.778555 0.000000
vt 0.087266 -0.732758 0.000000
vt 0.087266 -0.686961 0.000000
vt 0.087266 -0.641163 0.000000
vt 0.087266 -0.595366 0.000000
vt 0.069813 -0.915948 0.000000
vt 0.069813 -0.870150 0.000000
vt 0.069813 -0.824353 0.000000
vt 0.069813 -0.778555 0.000000
vt 0.069813 -0.732758 0.000000
vt 0.069813 -0.686961 0.000000
vt 0.069813 -0.641163 0.000000
vt 0.069813 -0.595366 0.000000
vt 0.052360 -0.915948 0.000000
vt 0.052360 -0.870150 0.000000
vt 0.052360 -0.824353 0.000000
vt 0.052360 -0.778555 0.000000
vt 0.052360 -0.732758 0.000000
vt 0.052360 -0.686961 0.000000
vt 0.052360 -0.641163 0.000000
vt 0.052360 -0.595366 0.000000
vt 0.034907 -0.915948 0.000000
vt 0.034907 -0.870150 0.000000
vt 0.034907 -0.824353 0.000000
vt 0.034907 -0.778555 0.000000
vt 0.034907 -0.732758 0.000000
vt 0.034907 -0.686961 0.000000
vt 0.034907 -0.641163 0.000000
vt 0.034907 -0.595366 0.000000
vt 0.503750 0.078540 0.000000
vt 0.459562 0.078540 0.000000
vt 0.503750 0.061087 0.000000
vt 0.459562 0.061087 0.000000
vt 0.503750 0.043633 0.000000
vt 0.459562 0.043633 0.000000
vt 0.503750 0.026180 0.000000
vt 0.459562 0.026180 0.000000
vt 0.503750 0.008727 0.000000
vt 0.459562 0.008727 0.000000
vt 0.503750 -0.008727 0.000000
vt 0.459562 -0.008727 0.000000
vt 0.503750 -0.026180 0.000000
vt 0.459562 -0.026180 0.000000
vt 0.503750 -0.043633 0.000000
vt 0.459562 -0.043633 0.000000
vt 0.503750 -0.061087 0.000000
vt 0.459562 -0.061087 0.000000
vt 0.503750 -0.078540 0.000000
vt 0.459562 -0.078540 0.000000
vt 0.314159 0.569228 0.000000
vt 0.314159 0.531452 0.000000
vt 0.331613 0.562932 0.000000
vt 0.331613 0.531452 0.000000
vt 0.349066 0.531452 0.000000
vt 0.349066 0.562932 0.000000
vt 0.366519 0.531452 0.000000
vt 0.366519 0.562932 0.000000
vt 0.383972 0.531452 0.000000
vt 0.383972 0.562932 0.000000
vt 0.401426 0.531452 0.000000
vt 0.401426 0.562932 0.000000
vt 0.418879 0.531452 0.000000
vt 0.418879 0.562932 0.000000
vt 0.436332 0.531452 0.000000
vt 0.436332 0.562932 0.000000
vt 0.453786 0.531452 0.000000
vt 0.453786 0.562932 0.000000
vt 0.471239 0.531452 0.000000
vt 0.471239 0.562932 0.000000
vt 0.453786 0.594412 0.000000
vt 0.471239 0.594412 0.000000
vt 0.453786 0.625893 0.000000
vt 0.471239 0.625893 0.000000
vt 0.453786 0.657373 0.000000
vt 0.471239 0.657373 0.000000
vt 0.453786 0.688853 0.000000
vt 0.471239 0.688853 0.000000
vt 0.453786 0.720334 0.000000
vt 0.471239 0.720334 0.000000
vt 0.436332 0.720334 0.000000
vt 0.436332 0.688853 0.000000
vt 0.436332 0.657373 0.000000
vt 0.436332 0.625893 0.000000
vt 0.436332 0.594412 0.000000
vt 0.418879 0.720334 0.000000
vt 0.418879 0.688853 0.000000
vt 0.418879 0.657373 0.000000
vt 0.418879 0.625893 0.000000
vt 0.418879 0.594412 0.000000
vt 0.401426 0.720334 0.000000
vt 0.401426 0.688853 0.000000
vt 0.401426 0.657373 0.000000
vt 0.401426 0.625893 0.000000
vt 0.401426 0.594412 0.000000
vt 0.383972 0.720334 0.000000
vt 0.383972 0.688853 0.000000
vt 0.383972 0.657373 0.000000
vt 0.383972 0.625893 0.000000
vt 0.383972 0.594412 0.000000
vt 0.366519 0.720334 0.000000
vt 0.366519 0.688853 0.000000
vt 0.366519 0.657373 0.000000
vt 0.366519 0.625893 0.000000
vt 0.366519 0.594412 0.000000
vt 0.349066 0.720334 0.000000
vt 0.349066 0.688853 0.000000
vt 0.349066 0.657373 0.000000
vt 0.349066 0.625893 0.000000
vt 0.349066 0.594412 0.000000
vt 0.331613 0.720334 0.000000
vt 0.331613 0.688853 0.000000
vt 0.331613 0.657373 0.000000
vt 0.331613 0.625893 0.000000
vt 0.331613 0.594412 0.000000
vt 0.314159 0.720334 0.000000
vt 0.314159 0.682557 0.000000
vt 0.314159 0.644781 0.000000
vt 0.314159 0.607005 0.000000
vt -0.750848 0.078540 0.000000
vt -1.647381 0.078540 0.000000
vt -1.288768 0.061087 0.000000
vt -1.647381 0.061087 0.000000
vt -1.288768 0.043633 0.000000
vt -1.647381 0.043633 0.000000
vt -1.288768 0.026180 0.000000
vt -1.647381 0.026180 0.000000
vt -1.288768 0.008727 0.000000
vt -1.647381 0.008727 0.000000
vt -1.288768 -0.008727 0.000000
vt -1.647381 -0.008727 0.000000
vt -1.288768 -0.026180 0.000000
vt -1.647381 -0.026180 0.000000
vt -1.288768 -0.043633 0.000000
vt -1.647381 -0.043633 0.000000
vt -1.288768 -0.061087 0.000000
vt -1.647381 -0.061087 0.000000
vt -1.647381 -0.078540 0.000000
vt -0.750848 -0.078540 0.000000
vt -0.930155 -0.061087 0.000000
vt -0.930155 -0.043633 0.000000
vt -0.930155 -0.026180 0.000000
vt -0.930155 -0.008727 0.000000
vt -0.930155 0.008727 0.000000
vt -0.930155 0.026180 0.000000
vt -0.930155 0.043633 0.000000
vt -0.930155 0.061087 0.000000
vt -0.571542 0.061087 0.000000
vt -0.212929 0.061087 0.000000
vt -0.212929 0.043633 0.000000
vt 0.145684 0.043633 0.000000
vt 0.145684 0.026180 0.000000
vt -0.212929 0.026180 0.000000
vt 0.145684 0.008727 0.000000
vt -0.212929 0.008727 0.000000
vt 0.145684 -0.008727 0.000000
vt -0.212929 -0.008727 0.000000
vt 0.145684 -0.026180 0.000000
vt -0.212929 -0.026180 0.000000
vt 0.145684 -0.043633 0.000000
vt -0.212929 -0.043633 0.000000
vt 0.145684 -0.061087 0.000000
vt -0.212929 -0.061087 0.000000
vt 0.145684 -0.078540 0.000000
vt -0.571542 -0.061087 0.000000
vt 0.145684 0.061087 0.000000
vt 0.145684 0.078540 0.000000
vt -0.571542 0.043633 0.000000
vt -0.571542 0.026180 0.000000
vt -0.571542 0.008727 0.000000
vt -0.571542 -0.008727 0.000000
vt -0.571542 -0.026180 0.000000
vt -0.571542 -0.043633 0.000000
vt -0.000000 -0.395677 0.000000
vt -0.000000 -0.418552 0.000000
vt 0.017453 -0.395677 0.000000
vt 0.017453 -0.426178 0.000000
vt 0.034907 -0.426178 0.000000
vt 0.034907 -0.456678 0.000000
vt 0.052360 -0.456678 0.000000
vt 0.052360 -0.487179 0.000000
vt 0.069813 -0.487179 0.000000
vt -0.000000 -0.441428 0.000000
vt 0.017453 -0.456678 0.000000
vt 0.034907 -0.487179 0.000000
vt -0.000000 -0.464303 0.000000
vt 0.017453 -0.487179 0.000000
vt -0.000000 -0.487179 0.000000
vt 0.069813 -0.456678 0.000000
vt 0.087266 -0.487179 0.000000
vt 0.087266 -0.456678 0.000000
vt 0.104720 -0.487179 0.000000
vt 0.104720 -0.456678 0.000000
vt 0.122173 -0.487179 0.000000
vt 0.122173 -0.456678 0.000000
vt 0.139626 -0.487179 0.000000
vt 0.139626 -0.456678 0.000000
vt 0.157080 -0.464303 0.000000
vt 0.157080 -0.441428 0.000000
vt 0.157080 -0.487179 0.000000
vt 0.139626 -0.426178 0.000000
vt 0.157080 -0.418552 0.000000
vt 0.139626 -0.395677 0.000000
vt 0.157080 -0.395677 0.000000
vt 0.122173 -0.395677 0.000000
vt 0.122173 -0.426178 0.000000
vt 0.104720 -0.395677 0.000000
vt 0.104720 -0.426178 0.000000
vt 0.087266 -0.395677 0.000000
vt 0.087266 -0.426178 0.000000
vt 0.069813 -0.395677 0.000000
vt 0.069813 -0.426178 0.000000
vt 0.052360 -0.395677 0.000000
vt 0.052360 -0.426178 0.000000
vt 0.034907 -0.395677 0.000000
vt -0.784513 -0.078540 0.000000
vt -0.370079 -0.078540 0.000000
vt -0.785973 -0.072176 0.000000
vt -0.589606 -0.061087 0.000000
vt -0.786583 -0.065813 0.000000
vt -0.787333 -0.049774 0.000000
vt -0.589606 -0.043633 0.000000
vt -0.788643 -0.033735 0.000000
vt -0.589606 -0.026180 0.000000
vt -0.790479 -0.017695 0.000000
vt -0.589606 -0.008727 0.000000
vt -0.792794 -0.001656 0.000000
vt -0.589606 0.008727 0.000000
vt -0.795528 0.014383 0.000000
vt -0.589606 0.026180 0.000000
vt -0.798611 0.030422 0.000000
vt -0.589606 0.043633 0.000000
vt -0.801965 0.046461 0.000000
vt -0.589606 0.061087 0.000000
vt -0.805502 0.062501 0.000000
vt -0.809133 0.078540 0.000000
vt -0.370079 0.078540 0.000000
vt -0.370079 0.061087 0.000000
vt -0.370079 0.043633 0.000000
vt -0.370079 0.026180 0.000000
vt -0.370079 0.008727 0.000000
vt -0.370079 -0.008727 0.000000
vt -0.370079 -0.026180 0.000000
vt -0.370079 -0.043633 0.000000
vt -0.370079 -0.061087 0.000000
vt 0.843370 -0.072176 0.000000
vt 0.846120 -0.067349 0.000000
vt 0.375229 -0.072176 0.000000
vt 0.849737 -0.062521 0.000000
vt 0.378859 -0.056137 0.000000
vt 0.679199 -0.056137 0.000000
vt 0.382397 -0.040098 0.000000
vt 0.679199 -0.040098 0.000000
vt 0.385750 -0.024059 0.000000
vt 0.679199 -0.024059 0.000000
vt 0.388834 -0.008020 0.000000
vt 0.679199 -0.008020 0.000000
vt 0.391568 0.008020 0.000000
vt 0.679199 0.008020 0.000000
vt 0.393882 0.024059 0.000000
vt 0.679199 0.024059 0.000000
vt 0.395718 0.040098 0.000000
vt 0.679199 0.040098 0.000000
vt 0.397028 0.056137 0.000000
vt 0.679199 0.056137 0.000000
vt 0.397778 0.072176 0.000000
vt 0.866372 0.063430 0.000000
vt 0.862745 0.072176 0.000000
vt 0.854213 -0.057693 0.000000
vt 0.859536 -0.052865 0.000000
vt 0.872675 -0.043209 0.000000
vt 0.889032 -0.033553 0.000000
vt 0.908454 -0.023897 0.000000
vt 0.930760 -0.014241 0.000000
vt 0.955743 -0.004586 0.000000
vt 0.945511 -0.000900 0.000000
vt 0.954868 -0.000842 0.000000
vt 0.964297 0.000254 0.000000
vt 0.983169 0.005070 0.000000
vt 0.936090 0.000249 0.000000
vt 0.926759 0.002626 0.000000
vt 0.917736 0.006228 0.000000
vt 0.909221 0.011024 0.000000
vt 0.901302 0.016784 0.000000
vt 0.894043 0.023245 0.000000
vt 0.887511 0.030161 0.000000
vt 0.881538 0.037649 0.000000
vt 0.875888 0.045948 0.000000
vt 0.870764 0.054672 0.000000
vt -2.081570 0.224068 0.000000
vt -1.962578 -0.225415 0.000000
vt -2.072500 0.223607 0.000000
vt -1.956332 -0.224059 0.000000
vt -1.949820 -0.223607 0.000000
vt -1.412500 -0.223607 0.000000
vt -1.712500 0.223607 0.000000
vt 1.420000 -0.567500 0.000000
vt 1.957320 -0.567500 0.000000
vt 1.420000 -0.394875 0.000000
vt 1.839699 -0.170107 0.000000
vt 1.417292 -0.362073 0.000000
vt 1.409240 -0.330159 0.000000
vt 1.396064 -0.299998 0.000000
vt 1.811757 -0.125117 0.000000
vt 1.378119 -0.272407 0.000000
vt 1.355892 -0.248132 0.000000
vt 1.153960 0.484041 0.000000
vt 0.652440 0.520000 0.000000
vt 0.496162 1.093198 0.000000
vt 0.337346 0.914237 0.000000
vt 0.347130 0.962772 0.000000
vt 0.349968 1.012202 0.000000
vt 0.345803 1.061537 0.000000
vt 0.467955 1.123168 0.000000
vt 0.334719 1.109791 0.000000
vt 0.444114 1.156716 0.000000
vt 0.316936 1.155999 0.000000
vt 0.425090 1.193211 0.000000
vt 0.292810 1.199234 0.000000
vt 0.411239 1.231966 0.000000
vt 0.402823 1.272253 0.000000
vt 1.835048 -0.157551 0.000000
vt 1.828761 -0.145729 0.000000
vt 1.820951 -0.134852 0.000000
vt 0.262826 1.238633 0.000000
vt 0.400000 1.313312 0.000000
vt 0.227582 1.273407 0.000000
vt 0.400000 1.357500 0.000000
vt 0.187784 1.302860 0.000000
vt 0.396922 1.396609 0.000000
vt 0.387764 1.434754 0.000000
vt 0.144228 1.326402 0.000000
vt 0.372752 1.470998 0.000000
vt 0.352254 1.504446 0.000000
vt 0.326777 1.534277 0.000000
vt 0.296946 1.559754 0.000000
vt 0.097786 1.343562 0.000000
vt 0.263498 1.580252 0.000000
vt 0.227254 1.595264 0.000000
vt 0.189109 1.604422 0.000000
vt 0.150000 1.607500 0.000000
vt 0.049387 1.353998 0.000000
vt 0.000000 1.357500 0.000000
vt -0.150000 1.607500 0.000000
vt -0.049387 1.353998 0.000000
vt -0.097786 1.343562 0.000000
vt -0.189109 1.604422 0.000000
vt -0.227254 1.595264 0.000000
vt -0.263498 1.580252 0.000000
vt -0.296946 1.559754 0.000000
vt -0.144228 1.326402 0.000000
vt -0.326777 1.534277 0.000000
vt -0.352254 1.504446 0.000000
vt -0.372752 1.470998 0.000000
vt -0.387764 1.434754 0.000000
vt -0.187784 1.302860 0.000000
vt -0.396922 1.396609 0.000000
vt -0.400000 1.357500 0.000000
vt -0.227582 1.273407 0.000000
vt -0.400000 1.313312 0.000000
vt -0.262826 1.238633 0.000000
vt -0.402823 1.272253 0.000000
vt -0.292810 1.199234 0.000000
vt -0.411239 1.231966 0.000000
vt -0.425090 1.193211 0.000000
vt -0.316936 1.155999 0.000000
vt -0.444114 1.156716 0.000000
vt -0.334719 1.109791 0.000000
vt -0.467955 1.123168 0.000000
vt -0.345803 1.061537 0.000000
vt -0.496162 1.093198 0.000000
vt -0.349968 1.012202 0.000000
vt -0.347130 0.962772 0.000000
vt -0.337346 0.914237 0.000000
vt -0.652440 0.520000 0.000000
vt -0.375916 0.659381 0.000000
vt -1.355892 -0.248132 0.000000
vt -1.153960 0.484041 0.000000
vt -1.811757 -0.125117 0.000000
vt -1.820951 -0.134852 0.000000
vt -1.828761 -0.145729 0.000000
vt -1.835048 -0.157551 0.000000
vt -1.839699 -0.170107 0.000000
vt -1.957320 -0.567500 0.000000
vt -1.420000 -0.394875 0.000000
vt -1.417292 -0.362073 0.000000
vt -1.409240 -0.330159 0.000000
vt -1.420000 -0.567500 0.000000
vt -1.396064 -0.299998 0.000000
vt -1.378119 -0.272407 0.000000
vt -0.320810 0.867569 0.000000
vt -0.348924 0.680390 0.000000
vt -0.297855 0.823701 0.000000
vt -0.318747 0.696493 0.000000
vt -0.268940 0.783511 0.000000
vt -0.286267 0.707218 0.000000
vt -0.252435 0.712253 0.000000
vt -0.234643 0.747803 0.000000
vt -0.218240 0.711448 0.000000
vt -0.195650 0.717292 0.000000
vt -0.184682 0.704829 0.000000
vt -0.152743 0.692588 0.000000
vt 0.375916 0.659381 0.000000
vt 0.320810 0.867569 0.000000
vt 0.348924 0.680390 0.000000
vt 0.297855 0.823701 0.000000
vt 0.318747 0.696493 0.000000
vt 0.268940 0.783511 0.000000
vt 0.286267 0.707218 0.000000
vt 0.252435 0.712253 0.000000
vt 0.234643 0.747803 0.000000
vt 0.218240 0.711448 0.000000
vt 0.195650 0.717292 0.000000
vt 0.184682 0.704829 0.000000
vt 0.152743 0.692588 0.000000
vt 2.081570 0.224068 0.000000
vt 2.072500 0.223607 0.000000
vt 1.962578 -0.225415 0.000000
vt 1.956332 -0.224059 0.000000
vt 1.949820 -0.223607 0.000000
vt 1.712500 0.223607 0.000000
vt 1.412500 -0.223607 0.000000
vt 0.493975 0.100000 0.000000
vt 0.916107 0.100000 0.000000
vt 0.916107 0.302387 0.000000
vt 0.179120 1.043353 0.000000
vt 0.175659 1.062768 0.000000
vt 0.180278 1.023750 0.000000
vt 0.169927 1.081807 0.000000
vt 0.161980 1.100287 0.000000
vt 0.151895 1.118029 0.000000
vt 0.139768 1.134864 0.000000
vt 0.125716 1.150629 0.000000
vt 0.109875 1.165171 0.000000
vt 0.092397 1.178352 0.000000
vt 0.073450 1.190044 0.000000
vt 0.180278 0.083750 0.000000
vt 0.053217 1.200134 0.000000
vt -0.180278 0.483750 0.000000
vt 0.031893 1.208526 0.000000
vt 0.009683 1.215138 0.000000
vt -0.013199 1.219907 0.000000
vt -0.036532 1.222787 0.000000
vt -0.060093 1.223750 0.000000
vt -0.180278 1.223750 0.000000
vt 0.180278 1.223750 0.000000
vt 0.060093 1.223750 0.000000
vt 0.180278 0.483750 0.000000
vt 0.036532 1.222787 0.000000
vt 0.013199 1.219907 0.000000
vt -0.009683 1.215138 0.000000
vt -0.031893 1.208526 0.000000
vt -0.053217 1.200134 0.000000
vt -0.180278 0.083750 0.000000
vt -0.073450 1.190044 0.000000
vt -0.180278 1.023750 0.000000
vt -0.092397 1.178352 0.000000
vt -0.109875 1.165171 0.000000
vt -0.125716 1.150629 0.000000
vt -0.139768 1.134864 0.000000
vt -0.151895 1.118029 0.000000
vt -0.161980 1.100287 0.000000
vt -0.169927 1.081807 0.000000
vt -0.175659 1.062768 0.000000
vt -0.179120 1.043353 0.000000
vt 0.400000 0.000000 0.000000
vt 1.800000 0.000000 0.000000
vt 0.400000 0.740000 0.000000
vt 1.800000 0.740000 0.000000
vt 0.088167 0.740000 0.000000
vt -0.088167 0.740000 0.000000
vt 0.088167 0.000000 0.000000
vt -0.088167 0.000000 0.000000
vt 1.945000 0.600000 0.000000
vt 1.705000 -0.500000 0.000000
vt 1.945000 -0.070000 0.000000
vt 2.065000 -0.500000 0.000000
vt 2.065000 -0.070000 0.000000
vt 2.085000 0.600000 0.000000
vt 2.052348 0.708839 0.000000
vt 1.980377 0.816795 0.000000
vt 1.824907 0.900000 0.000000
vt 1.705000 0.900000 0.000000
vt 0.119907 0.740000 0.000000
vt 0.000000 0.740000 0.000000
vt 0.119907 0.000000 0.000000
vt 0.000000 0.000000 0.000000
vt 0.088167 0.740000 0.000000
vt -0.088167 0.740000 0.000000
vt 0.088167 0.000000 0.000000
vt -0.088167 0.000000 0.000000
vt -0.119907 0.000000 0.000000
vt -0.000000 0.000000 0.000000
vt -0.119907 0.740000 0.000000
vt -0.000000 0.740000 0.000000
vt -0.314159 0.864665 0.000000
vt -0.279253 0.873912 0.000000
vt -0.314159 0.915527 0.000000
vt -0.279253 0.915527 0.000000
vt -0.314159 -0.915527 0.000000
vt -0.279253 -0.915527 0.000000
vt -0.279253 -0.873912 0.000000
vt -0.244346 -0.915527 0.000000
vt -0.244346 -0.873912 0.000000
vt -0.209440 -0.915527 0.000000
vt -0.209440 -0.873912 0.000000
vt -0.174533 -0.915527 0.000000
vt -0.174533 -0.873912 0.000000
vt -0.139626 -0.915527 0.000000
vt -0.139626 -0.873912 0.000000
vt -0.104720 -0.915527 0.000000
vt -0.104720 -0.873912 0.000000
vt -0.069813 -0.915527 0.000000
vt -0.069813 -0.873912 0.000000
vt -0.034907 -0.915527 0.000000
vt -0.034907 -0.873912 0.000000
vt -0.000000 -0.915527 0.000000
vt -0.000000 -0.873912 0.000000
vt -0.279253 0.832297 0.000000
vt -0.314159 0.813802 0.000000
vt -0.279253 0.790683 0.000000
vt -0.314159 0.762939 0.000000
vt -0.279253 0.749068 0.000000
vt -0.314159 0.712077 0.000000
vt -0.279253 0.707453 0.000000
vt -0.314159 0.661214 0.000000
vt -0.279253 0.665838 0.000000
vt -0.279253 0.624223 0.000000
vt -0.244346 0.624223 0.000000
vt -0.244346 0.582608 0.000000
vt -0.209440 0.582608 0.000000
vt -0.209440 0.540993 0.000000
vt -0.174533 0.540993 0.000000
vt -0.174533 0.499378 0.000000
vt -0.139626 0.499378 0.000000
vt -0.139626 0.457764 0.000000
vt -0.104720 0.457764 0.000000
vt -0.104720 0.416149 0.000000
vt -0.069813 0.416149 0.000000
vt -0.069813 0.374534 0.000000
vt -0.034907 0.374534 0.000000
vt -0.034907 0.332919 0.000000
vt 0.000000 0.332919 0.000000
vt 0.000000 0.291304 0.000000
vt -0.034907 0.291304 0.000000
vt 0.000000 0.249689 0.000000
vt -0.034907 0.249689 0.000000
vt 0.000000 0.208074 0.000000
vt -0.034907 0.208074 0.000000
vt 0.000000 0.166459 0.000000
vt -0.034907 0.166459 0.000000
vt 0.000000 0.124845 0.000000
vt -0.034907 0.124845 0.000000
vt 0.000000 0.083230 0.000000
vt -0.034907 0.083230 0.000000
vt 0.000000 0.041615 0.000000
vt -0.034907 0.041615 0.000000
vt 0.000000 0.000000 0.000000
vt -0.034907 0.000000 0.000000
vt 0.000000 -0.041615 0.000000
vt -0.034907 -0.041615 0.000000
vt 0.000000 -0.083230 0.000000
vt -0.034907 -0.083230 0.000000
vt 0.000000 -0.124845 0.000000
vt -0.034907 -0.124845 0.000000
vt 0.000000 -0.166459 0.000000
vt -0.034907 -0.166459 0.000000
vt -0.000000 -0.208074 0.000000
vt -0.034907 -0.208074 0.000000
vt -0.000000 -0.249689 0.000000
vt -0.034907 -0.249689 0.000000
vt -0.000000 -0.291304 0.000000
vt -0.034907 -0.291304 0.000000
vt -0.000000 -0.332919 0.000000
vt -0.034907 -0.332919 0.000000
vt -0.000000 -0.374534 0.000000
vt -0.034907 -0.374534 0.000000
vt -0.000000 -0.416149 0.000000
vt -0.034907 -0.416149 0.000000
vt -0.000000 -0.457764 0.000000
vt -0.034907 -0.457764 0.000000
vt -0.000000 -0.499378 0.000000
vt -0.034907 -0.499378 0.000000
vt -0.000000 -0.540993 0.000000
vt -0.034907 -0.540993 0.000000
vt -0.000000 -0.582608 0.000000
vt -0.034907 -0.582608 0.000000
vt -0.000000 -0.624223 0.000000
vt -0.034907 -0.624223 0.000000
vt -0.000000 -0.665838 0.000000
vt -0.034907 -0.665838 0.000000
vt -0.000000 -0.707453 0.000000
vt -0.034907 -0.707453 0.000000
vt -0.000000 -0.749068 0.000000
vt -0.034907 -0.749068 0.000000
vt -0.000000 -0.790683 0.000000
vt -0.034907 -0.790683 0.000000
vt -0.000000 -0.832297 0.000000
vt -0.034907 -0.832297 0.000000
vt -0.314159 0.610351 0.000000
vt -0.279253 0.582608 0.000000
vt -0.244346 0.540993 0.000000
vt -0.209440 0.499378 0.000000
vt -0.174533 0.457764 0.000000
vt -0.139626 0.416149 0.000000
vt -0.104720 0.374534 0.000000
vt -0.069813 0.332919 0.000000
vt -0.314159 0.559489 0.000000
vt -0.279253 0.540993 0.000000
vt -0.244346 0.499378 0.000000
vt -0.209440 0.457764 0.000000
vt -0.174533 0.416149 0.000000
vt -0.139626 0.374534 0.000000
vt -0.104720 0.332919 0.000000
vt -0.069813 0.291304 0.000000
vt -0.314159 0.508626 0.000000
vt -0.279253 0.499378 0.000000
vt -0.244346 0.457764 0.000000
vt -0.209440 0.416149 0.000000
vt -0.174533 0.374534 0.000000
vt -0.139626 0.332919 0.000000
vt -0.104720 0.291304 0.000000
vt -0.069813 0.249689 0.000000
vt -0.314159 0.457764 0.000000
vt -0.279253 0.457764 0.000000
vt -0.244346 0.416149 0.000000
vt -0.209440 0.374534 0.000000
vt -0.174533 0.332919 0.000000
vt -0.139626 0.291304 0.000000
vt -0.104720 0.249689 0.000000
vt -0.069813 0.208074 0.000000
vt -0.279253 0.416149 0.000000
vt -0.314159 0.406901 0.000000
vt -0.279253 0.374534 0.000000
vt -0.314159 0.356038 0.000000
vt -0.279253 0.332919 0.000000
vt -0.314159 0.305176 0.000000
vt -0.279253 0.291304 0.000000
vt -0.314159 0.254313 0.000000
vt -0.279253 0.249689 0.000000
vt -0.314159 0.203450 0.000000
vt -0.279253 0.208074 0.000000
vt -0.279253 0.166459 0.000000
vt -0.244346 0.166459 0.000000
vt -0.244346 0.124845 0.000000
vt -0.209440 0.124845 0.000000
vt -0.209440 0.083230 0.000000
vt -0.174533 0.083230 0.000000
vt -0.174533 0.041615 0.000000
vt -0.139626 0.041615 0.000000
vt -0.139626 0.000000 0.000000
vt -0.104720 0.000000 0.000000
vt -0.104720 -0.041615 0.000000
vt -0.069813 -0.041615 0.000000
vt -0.069813 -0.083230 0.000000
vt -0.314159 0.152588 0.000000
vt -0.279253 0.124845 0.000000
vt -0.244346 0.083230 0.000000
vt -0.209440 0.041615 0.000000
vt -0.174533 0.000000 0.000000
vt -0.139626 -0.041615 0.000000
vt -0.104720 -0.083230 0.000000
vt -0.069813 -0.124845 0.000000
vt -0.314159 0.101725 0.000000
vt -0.279253 0.083230 0.000000
vt -0.244346 0.041615 0.000000
vt -0.209440 0.000000 0.000000
vt -0.174533 -0.041615 0.000000
vt -0.139626 -0.083230 0.000000
vt -0.104720 -0.124845 0.000000
vt -0.069813 -0.166459 0.000000
vt -0.314159 0.050863 0.000000
vt -0.279253 0.041615 0.000000
vt -0.244346 0.000000 0.000000
vt -0.209440 -0.041615 0.000000
vt -0.174533 -0.083230 0.000000
vt -0.139626 -0.124845 0.000000
vt -0.104720 -0.166459 0.000000
vt -0.069813 -0.208074 0.000000
vt -0.314159 0.000000 0.000000
vt -0.279253 0.000000 0.000000
vt -0.244346 -0.041615 0.000000
vt -0.209440 -0.083230 0.000000
vt -0.174533 -0.124845 0.000000
vt -0.139626 -0.166459 0.000000
vt -0.104720 -0.208074 0.000000
vt -0.069813 -0.249689 0.000000
vt -0.279253 -0.041615 0.000000
vt -0.314159 -0.050863 0.000000
vt -0.279253 -0.083230 0.000000
vt -0.314159 -0.101725 0.000000
vt -0.279253 -0.124845 0.000000
vt -0.314159 -0.152588 0.000000
vt -0.279253 -0.166459 0.000000
vt -0.314159 -0.203450 0.000000
vt -0.279253 -0.208074 0.000000
vt -0.314159 -0.254313 0.000000
vt -0.279253 -0.249689 0.000000
vt -0.279253 -0.291304 0.000000
vt -0.244346 -0.291304 0.000000
vt -0.244346 -0.332919 0.000000
vt -0.209440 -0.332919 0.000000
vt -0.209440 -0.374534 0.000000
vt -0.174533 -0.374534 0.000000
vt -0.174533 -0.416149 0.000000
vt -0.139626 -0.416149 0.000000
vt -0.139626 -0.457764 0.000000
vt -0.104720 -0.457764 0.000000
vt -0.104720 -0.499378 0.000000
vt -0.069813 -0.499378 0.000000
vt -0.069813 -0.540993 0.000000
vt -0.314159 -0.305176 0.000000
vt -0.279253 -0.332919 0.000000
vt -0.244346 -0.374534 0.000000
vt -0.209440 -0.416149 0.000000
vt -0.174533 -0.457764 0.000000
vt -0.139626 -0.499378 0.000000
vt -0.104720 -0.540993 0.000000
vt -0.069813 -0.582608 0.000000
vt -0.314159 -0.356038 0.000000
vt -0.279253 -0.374534 0.000000
vt -0.244346 -0.416149 0.000000
vt -0.209440 -0.457764 0.000000
vt -0.174533 -0.499378 0.000000
vt -0.139626 -0.540993 0.000000
vt -0.104720 -0.582608 0.000000
vt -0.069813 -0.624223 0.000000
vt -0.314159 -0.406901 0.000000
vt -0.279253 -0.416149 0.000000
vt -0.244346 -0.457764 0.000000
vt -0.209440 -0.499378 0.000000
vt -0.174533 -0.540993 0.000000
vt -0.139626 -0.582608 0.000000
vt -0.104720 -0.624223 0.000000
vt -0.069813 -0.665838 0.000000
vt -0.314159 -0.457764 0.000000
vt -0.279253 -0.457764 0.000000
vt -0.244346 -0.499378 0.000000
vt -0.209440 -0.540993 0.000000
vt -0.174533 -0.582608 0.000000
vt -0.139626 -0.624223 0.000000
vt -0.104720 -0.665838 0.000000
vt -0.069813 -0.707453 0.000000
vt -0.279253 -0.499378 0.000000
vt -0.314159 -0.508626 0.000000
vt -0.279253 -0.540993 0.000000
vt -0.314159 -0.559489 0.000000
vt -0.279253 -0.582608 0.000000
vt -0.314159 -0.610351 0.000000
vt -0.279253 -0.624223 0.000000
vt -0.314159 -0.661214 0.000000
vt -0.279253 -0.665838 0.000000
vt -0.314159 -0.712077 0.000000
vt -0.279253 -0.707453 0.000000
vt -0.279253 -0.749068 0.000000
vt -0.244346 -0.749068 0.000000
vt -0.244346 -0.790683 0.000000
vt -0.209440 -0.790683 0.000000
vt -0.209440 -0.832297 0.000000
vt -0.174533 -0.832297 0.000000
vt -0.314159 -0.762939 0.000000
vt -0.279253 -0.790683 0.000000
vt -0.244346 -0.832297 0.000000
vt -0.314159 -0.813802 0.000000
vt -0.279253 -0.832297 0.000000
vt -0.314159 -0.864665 0.000000
vt 0.000000 0.374534 0.000000
vt -0.034907 0.416149 0.000000
vt -0.069813 0.457764 0.000000
vt -0.104720 0.499378 0.000000
vt -0.139626 0.540993 0.000000
vt -0.174533 0.582608 0.000000
vt -0.209440 0.624223 0.000000
vt -0.244346 0.665838 0.000000
vt 0.000000 0.416149 0.000000
vt -0.034907 0.457764 0.000000
vt -0.069813 0.499378 0.000000
vt -0.104720 0.540993 0.000000
vt -0.139626 0.582608 0.000000
vt -0.174533 0.624223 0.000000
vt -0.209440 0.665838 0.000000
vt -0.244346 0.707453 0.000000
vt 0.000000 0.457764 0.000000
vt -0.034907 0.499378 0.000000
vt -0.069813 0.540993 0.000000
vt -0.104720 0.582608 0.000000
vt -0.139626 0.624223 0.000000
vt -0.174533 0.665838 0.000000
vt -0.209440 0.707453 0.000000
vt -0.244346 0.749068 0.000000
vt 0.000000 0.499378 0.000000
vt -0.034907 0.540993 0.000000
vt -0.069813 0.582608 0.000000
vt -0.104720 0.624223 0.000000
vt -0.139626 0.665838 0.000000
vt -0.174533 0.707453 0.000000
vt -0.209440 0.749068 0.000000
vt -0.244346 0.790683 0.000000
vt 0.000000 0.540993 0.000000
vt -0.034907 0.582608 0.000000
vt -0.069813 0.624223 0.000000
vt -0.104720 0.665838 0.000000
vt -0.139626 0.707453 0.000000
vt -0.174533 0.749068 0.000000
vt -0.209440 0.790683 0.000000
vt -0.244346 0.832297 0.000000
vt -0.000000 0.582608 0.000000
vt -0.034907 0.624223 0.000000
vt -0.069813 0.665838 0.000000
vt -0.104720 0.707453 0.000000
vt -0.139626 0.749068 0.000000
vt -0.174533 0.790683 0.000000
vt -0.209440 0.832297 0.000000
vt -0.244346 0.873912 0.000000
vt -0.000000 0.624223 0.000000
vt -0.034907 0.665838 0.000000
vt -0.069813 0.707453 0.000000
vt -0.104720 0.749068 0.000000
vt -0.139626 0.790683 0.000000
vt -0.174533 0.832297 0.000000
vt -0.209440 0.873912 0.000000
vt -0.244346 0.915527 0.000000
vt -0.000000 0.665838 0.000000
vt -0.034907 0.707453 0.000000
vt -0.069813 0.749068 0.000000
vt -0.104720 0.790683 0.000000
vt -0.139626 0.832297 0.000000
vt -0.174533 0.873912 0.000000
vt -0.209440 0.915527 0.000000
vt -0.000000 0.707453 0.000000
vt -0.034907 0.749068 0.000000
vt -0.069813 0.790683 0.000000
vt -0.104720 0.832297 0.000000
vt -0.139626 0.873912 0.000000
vt -0.174533 0.915527 0.000000
vt -0.000000 0.749068 0.000000
vt -0.034907 0.790683 0.000000
vt -0.069813 0.832297 0.000000
vt -0.104720 0.873912 0.000000
vt -0.139626 0.915527 0.000000
vt -0.000000 0.790683 0.000000
vt -0.034907 0.832297 0.000000
vt -0.069813 0.873912 0.000000
vt -0.104720 0.915527 0.000000
vt -0.000000 0.832297 0.000000
vt -0.034907 0.873912 0.000000
vt -0.069813 0.915527 0.000000
vt -0.000000 0.873912 0.000000
vt -0.034907 0.915527 0.000000
vt -0.000000 0.915527 0.000000
vt -0.244346 0.374534 0.000000
vt -0.209440 0.332919 0.000000
vt -0.174533 0.291304 0.000000
vt -0.139626 0.249689 0.000000
vt -0.104720 0.208074 0.000000
vt -0.069813 0.166459 0.000000
vt -0.244346 0.332919 0.000000
vt -0.209440 0.291304 0.000000
vt -0.174533 0.249689 0.000000
vt -0.139626 0.208074 0.000000
vt -0.104720 0.166459 0.000000
vt -0.069813 0.124845 0.000000
vt -0.244346 0.291304 0.000000
vt -0.209440 0.249689 0.000000
vt -0.174533 0.208074 0.000000
vt -0.139626 0.166459 0.000000
vt -0.104720 0.124845 0.000000
vt -0.069813 0.083230 0.000000
vt -0.244346 0.249689 0.000000
vt -0.209440 0.208074 0.000000
vt -0.174533 0.166459 0.000000
vt -0.139626 0.124845 0.000000
vt -0.104720 0.083230 0.000000
vt -0.069813 0.041615 0.000000
vt -0.244346 0.208074 0.000000
vt -0.209440 0.166459 0.000000
vt -0.174533 0.124845 0.000000
vt -0.139626 0.083230 0.000000
vt -0.104720 0.041615 0.000000
vt -0.069813 0.000000 0.000000
vt -0.244346 -0.083230 0.000000
vt -0.209440 -0.124845 0.000000
vt -0.174533 -0.166459 0.000000
vt -0.139626 -0.208074 0.000000
vt -0.104720 -0.249689 0.000000
vt -0.069813 -0.291304 0.000000
vt -0.244346 -0.124845 0.000000
vt -0.209440 -0.166459 0.000000
vt -0.174533 -0.208074 0.000000
vt -0.139626 -0.249689 0.000000
vt -0.104720 -0.291304 0.000000
vt -0.069813 -0.332919 0.000000
vt -0.244346 -0.166459 0.000000
vt -0.209440 -0.208074 0.000000
vt -0.174533 -0.249689 0.000000
vt -0.139626 -0.291304 0.000000
vt -0.104720 -0.332919 0.000000
vt -0.069813 -0.374534 0.000000
vt -0.244346 -0.208074 0.000000
vt -0.209440 -0.249689 0.000000
vt -0.174533 -0.291304 0.000000
vt -0.139626 -0.332919 0.000000
vt -0.104720 -0.374534 0.000000
vt -0.069813 -0.416149 0.000000
vt -0.244346 -0.249689 0.000000
vt -0.209440 -0.291304 0.000000
vt -0.174533 -0.332919 0.000000
vt -0.139626 -0.374534 0.000000
vt -0.104720 -0.416149 0.000000
vt -0.069813 -0.457764 0.000000
vt -0.244346 -0.540993 0.000000
vt -0.209440 -0.582608 0.000000
vt -0.174533 -0.624223 0.000000
vt -0.139626 -0.665838 0.000000
vt -0.104720 -0.707453 0.000000
vt -0.069813 -0.749068 0.000000
vt -0.244346 -0.582608 0.000000
vt -0.209440 -0.624223 0.000000
vt -0.174533 -0.665838 0.000000
vt -0.139626 -0.707453 0.000000
vt -0.104720 -0.749068 0.000000
vt -0.069813 -0.790683 0.000000
vt -0.244346 -0.624223 0.000000
vt -0.209440 -0.665838 0.000000
vt -0.174533 -0.707453 0.000000
vt -0.139626 -0.749068 0.000000
vt -0.104720 -0.790683 0.000000
vt -0.069813 -0.832297 0.000000
vt -0.244346 -0.665838 0.000000
vt -0.209440 -0.707453 0.000000
vt -0.174533 -0.749068 0.000000
vt -0.139626 -0.790683 0.000000
vt -0.104720 -0.832297 0.000000
vt -0.244346 -0.707453 0.000000
vt -0.209440 -0.749068 0.000000
vt -0.174533 -0.790683 0.000000
vt -0.139626 -0.832297 0.000000
vt 0.147721 0.026047 0.000000
vt -0.147721 0.026047 0.000000
vt 0.150000 0.000000 0.000000
vt -0.150000 0.000000 0.000000
vt 0.147721 -0.026047 0.000000
vt -0.147721 -0.026047 0.000000
vt 0.140954 -0.051303 0.000000
vt -0.140954 -0.051303 0.000000
vt 0.129904 -0.075000 0.000000
vt -0.129904 -0.075000 0.000000
vt 0.114907 -0.096418 0.000000
vt -0.114907 -0.096418 0.000000
vt 0.096418 -0.114907 0.000000
vt -0.096418 -0.114907 0.000000
vt 0.075000 -0.129904 0.000000
vt -0.075000 -0.129904 0.000000
vt 0.051303 -0.140954 0.000000
vt -0.051303 -0.140954 0.000000
vt 0.026047 -0.147721 0.000000
vt -0.026047 -0.147721 0.000000
vt -0.000000 -0.150000 0.000000
vt -0.140954 0.051303 0.000000
vt 0.140954 0.051303 0.000000
vt -0.129904 0.075000 0.000000
vt 0.129904 0.075000 0.000000
vt -0.114907 0.096418 0.000000
vt 0.114907 0.096418 0.000000
vt -0.096418 0.114907 0.000000
vt 0.096418 0.114907 0.000000
vt -0.075000 0.129904 0.000000
vt 0.075000 0.129904 0.000000
vt -0.051303 0.140954 0.000000
vt 0.051303 0.140954 0.000000
vt -0.026047 0.147721 0.000000
vt 0.026047 0.147721 0.000000
vt -0.000000 0.150000 0.000000
vt -0.400000 0.740000 0.000000
vt -1.800000 0.740000 0.000000
vt -0.400000 0.000000 0.000000
vt -1.800000 0.000000 0.000000
vt -0.160000 0.000000 0.000000
vt -0.000000 0.000000 0.000000
vt -0.160000 0.740000 0.000000
vt -0.000000 0.740000 0.000000
vt -0.113631 0.000000 0.000000
vt -0.000000 0.000000 0.000000
vt -0.113631 0.740000 0.000000
vt -0.000000 0.740000 0.000000
vt -0.100000 0.740000 0.000000
vt -0.229747 0.740000 0.000000
vt -0.100000 0.000000 0.000000
vt -0.229747 0.000000 0.000000
vt 0.000000 0.000000 0.000000
vt 0.670000 0.000000 0.000000
vt 0.000000 0.740000 0.000000
vt 0.670000 0.740000 0.000000
vt 0.000000 0.000000 0.000000
vt 0.140000 0.000000 0.000000
vt 0.000000 0.740000 0.000000
vt 0.140000 0.740000 0.000000
vt 0.000000 0.000000 0.000000
vt 0.113631 0.000000 0.000000
vt 0.000000 0.740000 0.000000
vt 0.113631 0.740000 0.000000
vt 0.100000 0.000000 0.000000
vt 0.229747 0.000000 0.000000
vt 0.100000 0.740000 0.000000
vt 0.229747 0.740000 0.000000
vn 0.000000 0.000000 -0.100000
vn 0.000000 0.000000 -0.100000
vn 0.000000 0.000000 -0.100000
vn 0.000000 0.000000 -0.100000
vn 0.000000 0.000000 -0.100000
vn 0.000000 0.000000 -0.100000
vn 0.000000 0.000000 -0.100000
vn 0.000000 0.000000 -0.100000
vn 0.000000 0.000000 -0.100000
vn 0.000000 0.000000 -0.100000
vn 0.000000 0.000000 -0.100000
vn 0.000000 0.000000 -0.100000
vn 0.000000 0.000000 -0.100000
vn 0.000000 0.000000 -0.100000
vn 0.000000 0.000000 -0.100000
vn 0.000000 0.000000 -0.100000
vn 0.000000 0.000000 -0.100000
vn 0.000000 0.000000 -0.100000
vn 0.000000 0.000000 -0.100000
vn 0.000000 0.000000 -0.100000
vn 0.000000 0.000000 -0.100000
vn 0.000000 0.000000 -0.100000
vn -0.000000 0.000000 -0.100000
vn -0.000000 0.000000 -0.100000
vn -0.000000 0.000000 -0.100000
vn -0.000000 0.000000 -0.100000
vn -0.000000 0.000000 -0.100000
vn -0.000000 0.000000 -0.100000
vn -0.000000 0.000000 -0.100000
vn -0.000000 0.000000 -0.100000
vn -0.000000 0.000000 -0.100000
vn -0.000000 0.000000 -0.100000
vn -0.000000 0.000000 -0.100000
vn -0.000000 0.000000 -0.100000
vn -0.000000 0.000000 -0.100000
vn -0.000000 0.000000 -0.100000
vn -0.000000 0.000000 -0.100000
vn -0.000000 0.000000 -0.100000
vn -0.000000 0.000000 -0.100000
vn -0.000000 0.000000 -0.100000
vn -0.000000 0.000000 -0.100000
vn -0.000000 0.000000 -0.100000
vn -0.000000 0.000000 -0.100000
vn -0.000000 0.000000 -0.100000
vn 0.100000 0.000000 -0.000000
vn 0.100000 0.000000 -0.000000
vn 0.098481 0.017365 -0.000000
vn 0.098481 0.017365 -0.000000
vn 0.093969 0.034202 -0.000000
vn 0.093969 0.034202 -0.000000
vn 0.086603 0.050000 -0.000000
vn 0.086603 0.050000 -0.000000
vn 0.076604 0.064279 -0.000000
vn 0.076604 0.064279 -0.000000
vn 0.064279 0.076604 -0.000000
vn 0.064279 0.076604 -0.000000
vn 0.050000 0.086603 -0.000000
vn 0.050000 0.086603 -0.000000
vn 0.034202 0.093969 -0.000000
vn 0.034202 0.093969 -0.000000
vn 0.017365 0.098481 -0.000000
vn 0.017365 0.098481 -0.000000
vn -0.000000 0.100000 0.000000
vn -0.000000 0.100000 0.000000
vn 0.017365 0.098481 -0.000000
vn 0.034202 0.093969 -0.000000
vn 0.050000 0.086603 -0.000000
vn 0.064279 0.076604 -0.000000
vn 0.076604 0.064279 -0.000000
vn 0.086603 0.050000 -0.000000
vn 0.093969 0.034202 -0.000000
vn 0.098481 0.017365 -0.000000
vn -0.000000 0.100000 -0.000000
vn -0.000000 0.100000 -0.000000
vn -0.000000 0.100000 -0.000000
vn -0.000000 0.100000 -0.000000
vn -0.000000 0.100000 -0.000000
vn -0.000000 0.100000 -0.000000
vn -0.000000 0.100000 -0.000000
vn -0.000000 0.100000 -0.000000
vn -0.000000 0.100000 -0.000000
vn -0.000000 0.100000 -0.000000
vn 0.000000 0.100000 0.000000
vn 0.000000 0.100000 0.000000
vn 0.000000 0.100000 0.000000
vn 0.000000 0.100000 0.000000
vn 0.000000 0.100000 0.000000
vn 0.000000 0.100000 0.000000
vn 0.000000 0.100000 0.000000
vn 0.000000 0.100000 0.000000
vn 0.000000 0.100000 0.000000
vn 0.000000 0.100000 0.000000
vn 0.000000 0.100000 0.000000
vn 0.000000 0.100000 0.000000
vn -0.017365 0.098481 -0.000000
vn -0.017365 0.098481 -0.000000
vn -0.034202 0.093969 -0.000000
vn -0.034202 0.093969 -0.000000
vn -0.050000 0.086603 -0.000000
vn -0.050000 0.086603 -0.000000
vn -0.064279 0.076604 -0.000000
vn -0.064279 0.076604 -0.000000
vn -0.076604 0.064279 -0.000000
vn -0.076604 0.064279 -0.000000
vn -0.086603 0.050000 -0.000000
vn -0.086603 0.050000 -0.000000
vn -0.093969 0.034202 -0.000000
vn -0.093969 0.034202 -0.000000
vn -0.098481 0.017365 -0.000000
vn -0.098481 0.017365 -0.000000
vn -0.100000 0.000000 -0.000000
vn -0.100000 0.000000 -0.000000
vn -0.098481 0.017365 -0.000000
vn -0.093969 0.034202 -0.000000
vn -0.086603 0.050000 -0.000000
vn -0.076604 0.064279 -0.000000
vn -0.064279 0.076604 -0.000000
vn -0.050000 0.086603 -0.000000
vn -0.034202 0.093969 -0.000000
vn -0.017365 0.098481 -0.000000
vn 0.000000 -0.100000 0.000000
vn 0.000000 -0.100000 0.000000
vn 0.000000 -0.100000 0.000000
vn 0.000000 -0.100000 0.000000
vn 0.000000 -0.100000 0.000000
vn 0.000000 -0.100000 0.000000
vn 0.000000 -0.100000 0.000000
vn 0.000000 -0.100000 0.000000
vn 0.000000 -0.100000 0.000000
vn 0.000000 -0.100000 0.000000
vn 0.017365 -0.098481 -0.000000
vn 0.017365 -0.098481 -0.000000
vn 0.009070 -0.099588 -0.000000
vn 0.034202 -0.093969 -0.000000
vn 0.034202 -0.093969 -0.000000
vn 0.050000 -0.086603 -0.000000
vn 0.050000 -0.086603 -0.000000
vn 0.064279 -0.076604 -0.000000
vn 0.064279 -0.076604 -0.000000
vn 0.076604 -0.064279 -0.000000
vn 0.076604 -0.064279 -0.000000
vn 0.086603 -0.050000 -0.000000
vn 0.086603 -0.050000 -0.000000
vn 0.093969 -0.034202 -0.000000
vn 0.093969 -0.034202 -0.000000
vn 0.098481 -0.017365 -0.000000
vn 0.098481 -0.017365 -0.000000
vn 0.100000 0.000000 -0.000000
vn 0.100000 0.000000 -0.000000
vn 0.098746 -0.015789 -0.000000
vn 0.097126 -0.023801 -0.000000
vn 0.094780 -0.031887 -0.000000
vn 0.091567 -0.040194 -0.000000
vn 0.087429 -0.048540 -0.000000
vn 0.082378 -0.056691 -0.000000
vn 0.076467 -0.064442 -0.000000
vn 0.069797 -0.071613 -0.000000
vn 0.062522 -0.078045 -0.000000
vn 0.054840 -0.083621 -0.000000
vn 0.046609 -0.088473 -0.000000
vn 0.037520 -0.092694 -0.000000
vn 0.027971 -0.096008 -0.000000
vn 0.018444 -0.098284 -0.000000
vn -0.100000 0.000000 -0.000000
vn -0.100000 0.000000 -0.000000
vn -0.100000 0.000000 -0.000000
vn -0.100000 0.000000 -0.000000
vn -0.100000 0.000000 -0.000000
vn -0.100000 0.000000 -0.000000
vn -0.100000 0.000000 -0.000000
vn -0.100000 0.000000 -0.000000
vn -0.100000 0.000000 -0.000000
vn -0.100000 0.000000 -0.000000
vn -0.100000 0.000000 -0.000000
vn -0.100000 0.000000 -0.000000
vn -0.100000 0.000000 -0.000000
vn -0.098481 -0.017365 -0.000000
vn -0.098481 -0.017365 -0.000000
vn -0.098746 -0.015789 -0.000000
vn -0.093969 -0.034202 -0.000000
vn -0.093969 -0.034202 -0.000000
vn -0.086603 -0.050000 -0.000000
vn -0.086603 -0.050000 -0.000000
vn -0.076604 -0.064279 -0.000000
vn -0.076604 -0.064279 -0.000000
vn -0.064279 -0.076604 -0.000000
vn -0.064279 -0.076604 -0.000000
vn -0.050000 -0.086603 -0.000000
vn -0.050000 -0.086603 -0.000000
vn -0.034202 -0.093969 -0.000000
vn -0.034202 -0.093969 -0.000000
vn -0.017365 -0.098481 -0.000000
vn -0.017365 -0.098481 -0.000000
vn 0.000000 -0.100000 0.000000
vn 0.000000 -0.100000 0.000000
vn -0.009070 -0.099588 -0.000000
vn -0.018444 -0.098284 -0.000000
vn -0.027971 -0.096008 -0.000000
vn -0.037520 -0.092694 -0.000000
vn -0.046609 -0.088473 -0.000000
vn -0.054840 -0.083621 -0.000000
vn -0.062522 -0.078045 -0.000000
vn -0.069797 -0.071613 -0.000000
vn -0.076467 -0.064442 -0.000000
vn -0.082378 -0.056691 -0.000000
vn -0.087429 -0.048540 -0.000000
vn -0.091567 -0.040194 -0.000000
vn -0.094780 -0.031887 -0.000000
vn -0.097126 -0.023801 -0.000000
vn 0.100000 0.000000 0.000000
vn 0.100000 0.000000 0.000000
vn 0.100000 0.000000 0.000000
vn 0.100000 0.000000 0.000000
vn -0.085765 -0.025385 0.044721
vn -0.085765 -0.025385 0.044721
vn -0.085765 -0.025385 0.044721
vn -0.085765 -0.025385 0.044721
vn -0.085765 -0.025385 0.044721
vn 0.089443 0.000000 0.044721
vn 0.089443 0.000000 0.044721
vn 0.089443 0.000000 0.044721
vn 0.089443 0.000000 0.044721
vn 0.089443 0.000000 0.044721
vn 0.089443 0.000000 0.044721
vn 0.088084 0.015532 0.044721
vn 0.088084 0.015532 0.044721
vn 0.084049 0.030591 0.044721
vn 0.084049 0.030591 0.044721
vn 0.077460 0.044721 0.044721
vn 0.077460 0.044721 0.044721
vn 0.068517 0.057493 0.044721
vn 0.068517 0.057493 0.044721
vn 0.057493 0.068517 0.044721
vn 0.057493 0.068517 0.044721
vn 0.044721 0.077460 0.044721
vn 0.044721 0.077460 0.044721
vn 0.030591 0.084049 0.044721
vn 0.030591 0.084049 0.044721
vn 0.015532 0.088084 0.044721
vn 0.015532 0.088084 0.044721
vn 0.000000 0.089443 0.044721
vn 0.000000 0.089443 0.044721
vn 0.089443 0.000000 0.044721
vn 0.089443 0.000000 0.044721
vn 0.088232 0.014669 0.044721
vn 0.088232 0.014669 0.044721
vn 0.084631 0.028942 0.044721
vn 0.084631 0.028942 0.044721
vn 0.078738 0.042430 0.044721
vn 0.078738 0.042430 0.044721
vn 0.070713 0.054769 0.044721
vn 0.070713 0.054769 0.044721
vn 0.060773 0.065625 0.044721
vn 0.060773 0.065625 0.044721
vn 0.000000 0.089443 0.044721
vn 0.000000 0.089443 0.044721
vn 0.000000 0.089443 0.044721
vn 0.000000 0.089443 0.044721
vn 0.060773 0.065625 0.044721
vn 0.060773 0.065625 0.044721
vn 0.060773 0.065625 0.044721
vn 0.060773 0.065625 0.044721
vn 0.000000 0.089443 0.044721
vn 0.000000 0.089443 0.044721
vn -0.015532 0.088084 0.044721
vn -0.015532 0.088084 0.044721
vn -0.030591 0.084049 0.044721
vn -0.030591 0.084049 0.044721
vn -0.044721 0.077460 0.044721
vn -0.044721 0.077460 0.044721
vn -0.057493 0.068517 0.044721
vn -0.057493 0.068517 0.044721
vn -0.068517 0.057493 0.044721
vn -0.068517 0.057493 0.044721
vn -0.077460 0.044721 0.044721
vn -0.077460 0.044721 0.044721
vn -0.084049 0.030591 0.044721
vn -0.084049 0.030591 0.044721
vn -0.088084 0.015532 0.044721
vn -0.088084 0.015532 0.044721
vn -0.089443 0.000000 0.044721
vn -0.089443 0.000000 0.044721
vn 0.060773 0.065625 0.044721
vn 0.060773 0.065625 0.044721
vn 0.048702 0.075021 0.044721
vn 0.048702 0.075021 0.044721
vn 0.035206 0.082222 0.044721
vn 0.035206 0.082222 0.044721
vn 0.020681 0.087019 0.044721
vn 0.020681 0.087019 0.044721
vn 0.005550 0.089270 0.044721
vn 0.005550 0.089270 0.044721
vn -0.009742 0.088911 0.044721
vn -0.009742 0.088911 0.044721
vn -0.024750 0.085950 0.044721
vn -0.024750 0.085950 0.044721
vn -0.039033 0.080476 0.044721
vn -0.039033 0.080476 0.044721
vn -0.089443 0.000000 0.044721
vn -0.089443 0.000000 0.044721
vn -0.089443 0.000000 0.044721
vn -0.089443 0.000000 0.044721
vn -0.039033 0.080476 0.044721
vn -0.039033 0.080476 0.044721
vn -0.028354 0.084830 0.044721
vn -0.026523 0.085420 0.044721
vn -0.017203 0.087773 0.044721
vn -0.013413 0.088431 0.044721
vn -0.005766 0.089257 0.044721
vn -0.000000 0.089443 0.044721
vn 0.005766 0.089257 0.044721
vn 0.013413 0.088431 0.044721
vn 0.017203 0.087773 0.044721
vn 0.026523 0.085420 0.044721
vn 0.028354 0.084830 0.044721
vn 0.039033 0.080476 0.044721
vn 0.039033 0.080476 0.044721
vn 0.039033 0.080476 0.044721
vn 0.039033 0.080476 0.044721
vn 0.024750 0.085950 0.044721
vn 0.024750 0.085950 0.044721
vn 0.009742 0.088911 0.044721
vn 0.009742 0.088911 0.044721
vn -0.005550 0.089270 0.044721
vn -0.005550 0.089270 0.044721
vn -0.020681 0.087019 0.044721
vn -0.020681 0.087019 0.044721
vn -0.035206 0.082222 0.044721
vn -0.035206 0.082222 0.044721
vn -0.048702 0.075021 0.044721
vn -0.048702 0.075021 0.044721
vn -0.060773 0.065625 0.044721
vn -0.060773 0.065625 0.044721
vn -0.085765 -0.025385 0.044721
vn -0.085765 -0.025385 0.044721
vn -0.081605 -0.036615 0.044721
vn -0.081605 -0.036615 0.044721
vn -0.075981 -0.047190 0.044721
vn -0.068995 -0.056918 0.044721
vn -0.068995 -0.056918 0.044721
vn -0.075981 -0.047190 0.044721
vn -0.060773 -0.065625 0.044721
vn -0.060773 -0.065625 0.044721
vn -0.060773 0.065625 0.044721
vn -0.060773 0.065625 0.044721
vn -0.060773 0.065625 0.044721
vn -0.060773 0.065625 0.044721
vn -0.060773 -0.065625 0.044721
vn -0.060773 -0.065625 0.044721
vn -0.060773 -0.065625 0.044721
vn -0.060773 -0.065625 0.044721
vn -0.060773 -0.065625 0.044721
vn -0.060773 -0.065625 0.044721
vn -0.060773 0.065625 0.044721
vn -0.060773 0.065625 0.044721
vn -0.070713 0.054769 0.044721
vn -0.070713 0.054769 0.044721
vn -0.078738 0.042430 0.044721
vn -0.078738 0.042430 0.044721
vn -0.084631 0.028942 0.044721
vn -0.084631 0.028942 0.044721
vn -0.088232 0.014669 0.044721
vn -0.088232 0.014669 0.044721
vn -0.089443 0.000000 0.044721
vn -0.089443 0.000000 0.044721
vn -0.089443 0.000000 0.044721
vn -0.089443 0.000000 0.044721
vn -0.088232 -0.014669 0.044721
vn -0.088232 -0.014669 0.044721
vn -0.084631 -0.028942 0.044721
vn -0.084631 -0.028942 0.044721
vn -0.078738 -0.042430 0.044721
vn -0.078738 -0.042430 0.044721
vn -0.070713 -0.054769 0.044721
vn -0.070713 -0.054769 0.044721
vn -0.060773 -0.065625 0.044721
vn -0.060773 -0.065625 0.044721
vn -0.089443 -0.000000 0.044721
vn -0.089443 -0.000000 0.044721
vn -0.089443 -0.000000 0.044721
vn -0.089443 -0.000000 0.044721
vn -0.089443 0.000000 0.044721
vn -0.089443 0.000000 0.044721
vn -0.089443 0.000000 0.044721
vn -0.089443 0.000000 0.044721
vn 0.000000 0.089443 0.044721
vn 0.000000 0.089443 0.044721
vn -0.015532 0.088084 0.044721
vn -0.015532 0.088084 0.044721
vn -0.030591 0.084049 0.044721
vn -0.030591 0.084049 0.044721
vn -0.044721 0.077460 0.044721
vn -0.044721 0.077460 0.044721
vn -0.057493 0.068517 0.044721
vn -0.057493 0.068517 0.044721
vn -0.068517 0.057493 0.044721
vn -0.068517 0.057493 0.044721
vn -0.077460 0.044721 0.044721
vn -0.077460 0.044721 0.044721
vn -0.084049 0.030591 0.044721
vn -0.084049 0.030591 0.044721
vn -0.088084 0.015532 0.044721
vn -0.088084 0.015532 0.044721
vn -0.089443 0.000000 0.044721
vn -0.089443 0.000000 0.044721
vn -0.089443 0.000000 0.044721
vn -0.089443 0.000000 0.044721
vn -0.088532 -0.012729 0.044721
vn -0.088532 -0.012729 0.044721
vn -0.085820 -0.025199 0.044721
vn -0.085820 -0.025199 0.044721
vn -0.081360 -0.037156 0.044721
vn -0.081360 -0.037156 0.044721
vn -0.075244 -0.048356 0.044721
vn -0.075244 -0.048356 0.044721
vn -0.067596 -0.058573 0.044721
vn -0.067596 -0.058573 0.044721
vn -0.058573 -0.067596 0.044721
vn -0.058573 -0.067596 0.044721
vn -0.048356 -0.075244 0.044721
vn -0.048356 -0.075244 0.044721
vn -0.037156 -0.081360 0.044721
vn -0.037156 -0.081360 0.044721
vn -0.025199 -0.085820 0.044721
vn -0.025199 -0.085820 0.044721
vn -0.012729 -0.088532 0.044721
vn -0.012729 -0.088532 0.044721
vn 0.000000 -0.089443 0.044721
vn 0.000000 -0.089443 0.044721
vn 0.000000 0.089443 0.044721
vn 0.000000 0.089443 0.044721
vn 0.000000 0.089443 0.044721
vn 0.000000 0.089443 0.044721
vn -0.000000 -0.089443 0.044721
vn -0.000000 -0.089443 0.044721
vn -0.000000 -0.089443 0.044721
vn -0.000000 -0.089443 0.044721
vn 0.089443 0.000000 0.044721
vn 0.089443 0.000000 0.044721
vn 0.088084 0.015532 0.044721
vn 0.088084 0.015532 0.044721
vn 0.084049 0.030591 0.044721
vn 0.084049 0.030591 0.044721
vn 0.077460 0.044721 0.044721
vn 0.077460 0.044721 0.044721
vn 0.068517 0.057493 0.044721
vn 0.068517 0.057493 0.044721
vn 0.057493 0.068517 0.044721
vn 0.057493 0.068517 0.044721
vn 0.044721 0.077460 0.044721
vn 0.044721 0.077460 0.044721
vn 0.030591 0.084049 0.044721
vn 0.030591 0.084049 0.044721
vn 0.015532 0.088084 0.044721
vn 0.015532 0.088084 0.044721
vn 0.000000 0.089443 0.044721
vn 0.000000 0.089443 0.044721
vn 0.000000 -0.089443 0.044721
vn 0.000000 -0.089443 0.044721
vn 0.012729 -0.088532 0.044721
vn 0.012729 -0.088532 0.044721
vn 0.025199 -0.085820 0.044721
vn 0.025199 -0.085820 0.044721
vn 0.037156 -0.081360 0.044721
vn 0.037156 -0.081360 0.044721
vn 0.048356 -0.075244 0.044721
vn 0.048356 -0.075244 0.044721
vn 0.058573 -0.067596 0.044721
vn 0.058573 -0.067596 0.044721
vn 0.067596 -0.058573 0.044721
vn 0.067596 -0.058573 0.044721
vn 0.075244 -0.048356 0.044721
vn 0.075244 -0.048356 0.044721
vn 0.081360 -0.037156 0.044721
vn 0.081360 -0.037156 0.044721
vn 0.085820 -0.025199 0.044721
vn 0.085820 -0.025199 0.044721
vn 0.088532 -0.012729 0.044721
vn 0.088532 -0.012729 0.044721
vn 0.089443 0.000000 0.044721
vn 0.089443 0.000000 0.044721
vn 0.089443 0.000000 0.044721
vn 0.089443 0.000000 0.044721
vn 0.089443 0.000000 0.044721
vn 0.089443 0.000000 0.044721
vn 0.089443 0.000000 0.044721
vn 0.089443 0.000000 0.044721
vn 0.089443 0.000000 0.044721
vn 0.089443 0.000000 0.044721
vn 0.085765 -0.025385 0.044721
vn 0.085765 -0.025385 0.044721
vn 0.085765 -0.025385 0.044721
vn 0.085765 -0.025385 0.044721
vn 0.085765 -0.025385 0.044721
vn 0.060773 -0.065625 0.044721
vn 0.060773 -0.065625 0.044721
vn 0.070713 -0.054769 0.044721
vn 0.070713 -0.054769 0.044721
vn 0.078738 -0.042430 0.044721
vn 0.078738 -0.042430 0.044721
vn 0.084631 -0.028942 0.044721
vn 0.084631 -0.028942 0.044721
vn 0.088232 -0.014669 0.044721
vn 0.088232 -0.014669 0.044721
vn 0.089443 0.000000 0.044721
vn 0.089443 0.000000 0.044721
vn 0.060773 -0.065625 0.044721
vn 0.068995 -0.056918 0.044721
vn 0.060773 -0.065625 0.044721
vn 0.068995 -0.056918 0.044721
vn 0.075981 -0.047190 0.044721
vn 0.075981 -0.047190 0.044721
vn 0.081605 -0.036615 0.044721
vn 0.081605 -0.036615 0.044721
vn 0.085765 -0.025385 0.044721
vn 0.085765 -0.025385 0.044721
vn 0.060773 -0.065625 0.044721
vn 0.060773 -0.065625 0.044721
vn 0.060773 -0.065625 0.044721
vn 0.060773 -0.065625 0.044721
vn 0.060773 -0.065625 0.044721
vn 0.060773 -0.065625 0.044721
vn 0.009802 0.099518 0.000000
vn 0.017365 0.098481 0.000000
vn 0.019509 0.098079 0.000000
vn 0.029028 0.095694 0.000000
vn 0.034202 0.093969 0.000000
vn 0.038268 0.092388 0.000000
vn 0.047140 0.088192 0.000000
vn 0.050000 0.086603 0.000000
vn 0.055557 0.083147 0.000000
vn 0.064279 0.076604 0.000000
vn 0.063439 0.077301 0.000000
vn 0.070711 0.070711 0.000000
vn 0.076604 0.064279 0.000000
vn 0.077301 0.063439 0.000000
vn 0.083147 0.055557 0.000000
vn 0.086603 0.050000 0.000000
vn 0.088192 0.047140 0.000000
vn 0.092388 0.038268 0.000000
vn 0.093969 0.034202 0.000000
vn 0.095694 0.029028 0.000000
vn 0.098481 0.017365 0.000000
vn 0.098079 0.019509 0.000000
vn 0.099518 0.009802 0.000000
vn 0.100000 0.000000 0.000000
vn 0.100000 0.000000 0.000000
vn 0.100000 0.000000 0.000000
vn 0.100000 0.000000 0.000000
vn 0.100000 0.000000 0.000000
vn 0.098646 0.016401 0.000000
vn 0.098646 0.016401 0.000000
vn 0.094620 0.032358 0.000000
vn 0.094620 0.032358 0.000000
vn 0.088032 0.047438 0.000000
vn 0.088032 0.047438 0.000000
vn 0.079059 0.061234 0.000000
vn 0.079059 0.061234 0.000000
vn 0.067946 0.073371 0.000000
vn 0.067946 0.073371 0.000000
vn 0.067946 0.073371 0.000000
vn 0.067946 0.073371 0.000000
vn 0.067946 0.073371 0.000000
vn 0.067946 0.073371 0.000000
vn 0.067946 0.073371 0.000000
vn 0.067946 0.073371 0.000000
vn 0.054450 0.083876 0.000000
vn 0.054450 0.083876 0.000000
vn 0.039361 0.091928 0.000000
vn 0.039361 0.091928 0.000000
vn 0.023122 0.097290 0.000000
vn 0.023122 0.097290 0.000000
vn 0.006206 0.099807 0.000000
vn 0.006206 0.099807 0.000000
vn -0.010892 0.099405 0.000000
vn -0.010892 0.099405 0.000000
vn -0.027671 0.096095 0.000000
vn -0.027671 0.096095 0.000000
vn -0.043641 0.089975 0.000000
vn -0.043641 0.089975 0.000000
vn 0.055900 0.082917 0.000000
vn 0.054064 0.084125 0.000000
vn 0.043641 0.089975 0.000000
vn 0.041542 0.090963 0.000000
vn 0.043641 0.089975 0.000000
vn 0.031701 0.094842 0.000000
vn 0.028173 0.095949 0.000000
vn 0.019234 0.098133 0.000000
vn 0.014231 0.098982 0.000000
vn 0.006447 0.099792 0.000000
vn -0.000000 0.100000 -0.000000
vn -0.006447 0.099792 -0.000000
vn -0.014231 0.098982 -0.000000
vn -0.019234 0.098133 -0.000000
vn -0.028173 0.095949 -0.000000
vn -0.031701 0.094842 -0.000000
vn -0.041542 0.090963 -0.000000
vn -0.043641 0.089975 -0.000000
vn -0.043641 0.089975 -0.000000
vn -0.054064 0.084125 -0.000000
vn -0.055900 0.082917 -0.000000
vn -0.065486 0.075575 -0.000000
vn -0.067041 0.074199 -0.000000
vn -0.075575 0.065486 -0.000000
vn -0.076840 0.063997 -0.000000
vn -0.084125 0.054064 -0.000000
vn -0.085102 0.052514 -0.000000
vn -0.090963 0.041542 -0.000000
vn -0.091660 0.039980 -0.000000
vn -0.095949 0.028173 -0.000000
vn -0.096384 0.026647 -0.000000
vn -0.098982 0.014231 -0.000000
vn -0.099180 0.012779 -0.000000
vn -0.100000 0.000000 -0.000000
vn -0.099991 -0.001343 0.000000
vn -0.098982 -0.014231 0.000000
vn -0.098801 -0.015439 0.000000
vn -0.095949 -0.028173 0.000000
vn -0.095634 -0.029226 0.000000
vn -0.090963 -0.041542 0.000000
vn -0.090553 -0.042428 0.000000
vn -0.084125 -0.054064 0.000000
vn -0.083660 -0.054781 0.000000
vn -0.075575 -0.065486 0.000000
vn -0.075093 -0.066038 0.000000
vn -0.065486 -0.075575 0.000000
vn -0.065023 -0.075973 0.000000
vn -0.054064 -0.084125 0.000000
vn -0.053652 -0.084388 0.000000
vn -0.041542 -0.090963 0.000000
vn -0.041208 -0.091115 0.000000
vn -0.028173 -0.095949 0.000000
vn -0.027939 -0.096018 0.000000
vn -0.014231 -0.098982 0.000000
vn -0.014111 -0.098999 0.000000
vn -0.000000 -0.100000 0.000000
vn 0.000000 -0.100000 0.000000
vn 0.014111 -0.098999 0.000000
vn 0.014231 -0.098982 0.000000
vn 0.027939 -0.096018 0.000000
vn 0.028173 -0.095949 0.000000
vn 0.041208 -0.091115 0.000000
vn 0.041542 -0.090963 0.000000
vn 0.053652 -0.084388 0.000000
vn 0.054064 -0.084125 0.000000
vn 0.065023 -0.075973 0.000000
vn 0.065486 -0.075575 0.000000
vn 0.075093 -0.066038 0.000000
vn 0.075575 -0.065486 0.000000
vn 0.083660 -0.054781 0.000000
vn 0.084125 -0.054064 0.000000
vn 0.090553 -0.042428 0.000000
vn 0.090963 -0.041542 0.000000
vn 0.095634 -0.029226 0.000000
vn 0.095949 -0.028173 0.000000
vn 0.098801 -0.015439 0.000000
vn 0.098982 -0.014231 0.000000
vn 0.099991 -0.001343 0.000000
vn 0.100000 -0.000000 0.000000
vn 0.099180 0.012779 0.000000
vn 0.098982 0.014231 0.000000
vn 0.096384 0.026647 0.000000
vn 0.095949 0.028173 0.000000
vn 0.091660 0.039980 0.000000
vn 0.090963 0.041542 0.000000
vn 0.085102 0.052514 0.000000
vn 0.084125 0.054064 0.000000
vn 0.076840 0.063997 0.000000
vn 0.075575 0.065486 0.000000
vn 0.067041 0.074199 0.000000
vn 0.065486 0.075575 0.000000
vn 0.043641 0.089975 0.000000
vn 0.043641 0.089975 0.000000
vn 0.027671 0.096095 0.000000
vn 0.027671 0.096095 0.000000
vn 0.010892 0.099405 0.000000
vn 0.010892 0.099405 0.000000
vn -0.006206 0.099807 0.000000
vn -0.006206 0.099807 0.000000
vn -0.023122 0.097290 0.000000
vn -0.023122 0.097290 0.000000
vn -0.039361 0.091928 0.000000
vn -0.039361 0.091928 0.000000
vn -0.054450 0.083876 0.000000
vn -0.054450 0.083876 0.000000
vn -0.067946 0.073371 0.000000
vn -0.067946 0.073371 0.000000
vn -0.067946 0.073371 0.000000
vn -0.067946 0.073371 0.000000
vn -0.067946 0.073371 0.000000
vn -0.067946 0.073371 0.000000
vn -0.067946 0.073371 0.000000
vn -0.067946 0.073371 0.000000
vn -0.079059 0.061234 0.000000
vn -0.079059 0.061234 0.000000
vn -0.088032 0.047438 0.000000
vn -0.088032 0.047438 0.000000
vn -0.094620 0.032358 0.000000
vn -0.094620 0.032358 0.000000
vn -0.098646 0.016401 0.000000
vn -0.098646 0.016401 0.000000
vn -0.100000 0.000000 0.000000
vn -0.100000 0.000000 0.000000
vn -0.100000 -0.000000 0.000000
vn -0.100000 -0.000000 0.000000
vn -0.100000 -0.000000 0.000000
vn -0.099518 0.009802 -0.000000
vn -0.098481 0.017365 -0.000000
vn -0.098079 0.019509 -0.000000
vn -0.095694 0.029028 -0.000000
vn -0.093969 0.034202 -0.000000
vn -0.092388 0.038268 -0.000000
vn -0.086603 0.050000 -0.000000
vn -0.088192 0.047140 -0.000000
vn -0.083147 0.055557 -0.000000
vn -0.076604 0.064279 -0.000000
vn -0.077301 0.063439 -0.000000
vn -0.070711 0.070711 -0.000000
vn -0.064279 0.076604 -0.000000
vn -0.063439 0.077301 -0.000000
vn -0.055557 0.083147 -0.000000
vn -0.050000 0.086603 -0.000000
vn -0.047140 0.088192 -0.000000
vn -0.038268 0.092388 -0.000000
vn -0.034202 0.093969 -0.000000
vn -0.029028 0.095694 -0.000000
vn -0.017365 0.098481 -0.000000
vn -0.019509 0.098079 -0.000000
vn -0.009802 0.099518 -0.000000
vn 0.100000 0.000000 -0.000000
vn 0.100000 0.000000 -0.000000
vn 0.100000 0.000000 -0.000000
vn 0.100000 0.000000 -0.000000
vn 0.100000 0.000000 -0.000000
vn 0.100000 0.000000 -0.000000
vn 0.100000 0.000000 -0.000000
vn 0.100000 0.000000 -0.000000
vn 0.100000 0.000000 -0.000000
vn 0.100000 0.000000 -0.000000
vn 0.100000 0.000000 -0.000000
vn 0.095888 -0.028381 0.000000
vn 0.095888 -0.028381 0.000000
vn 0.095888 -0.028381 0.000000
vn 0.000000 0.000000 0.100000
vn 0.000000 0.000000 0.100000
vn 0.000000 0.000000 0.100000
vn 0.000000 0.000000 0.100000
vn 0.000000 0.000000 0.100000
vn 0.000000 0.000000 0.100000
vn 0.000000 0.000000 0.100000
vn 0.000000 0.000000 0.100000
vn 0.000000 0.000000 0.100000
vn 0.000000 0.000000 0.100000
vn 0.000000 0.000000 0.100000
vn 0.000000 0.000000 0.100000
vn 0.000000 0.000000 0.100000
vn 0.000000 0.000000 0.100000
vn 0.000000 0.000000 0.100000
vn 0.000000 0.000000 0.100000
vn 0.000000 0.000000 0.100000
vn 0.000000 0.000000 0.100000
vn 0.000000 0.000000 0.100000
vn 0.000000 0.000000 0.100000
vn 0.000000 0.000000 0.100000
vn 0.000000 0.000000 0.100000
vn 0.000000 0.000000 0.100000
vn 0.000000 0.000000 0.100000
vn 0.000000 0.000000 0.100000
vn 0.000000 0.000000 0.100000
vn 0.000000 0.000000 0.100000
vn 0.000000 0.000000 0.100000
vn 0.000000 0.000000 0.100000
vn 0.000000 0.000000 0.100000
vn 0.000000 0.000000 0.100000
vn 0.000000 0.000000 0.100000
vn 0.000000 0.000000 0.100000
vn 0.000000 0.000000 0.100000
vn 0.000000 0.000000 0.100000
vn 0.000000 0.000000 0.100000
vn 0.000000 0.000000 0.100000
vn 0.000000 0.000000 0.100000
vn 0.000000 0.000000 0.100000
vn 0.000000 0.000000 0.100000
vn 0.000000 0.000000 0.100000
vn 0.000000 0.000000 0.100000
vn 0.000000 0.000000 0.100000
vn 0.000000 0.000000 0.100000
vn 0.000000 0.000000 0.100000
vn 0.000000 0.000000 0.100000
vn 0.000000 0.000000 0.100000
vn 0.000000 0.000000 0.100000
vn 0.000000 0.000000 0.100000
vn 0.000000 0.000000 0.100000
vn 0.000000 0.000000 0.100000
vn 0.000000 0.000000 0.100000
vn 0.000000 0.000000 0.100000
vn 0.000000 0.000000 0.100000
vn 0.000000 0.000000 0.100000
vn 0.000000 0.000000 0.100000
vn 0.000000 0.000000 0.100000
vn 0.000000 0.000000 0.100000
vn 0.000000 0.000000 0.100000
vn 0.000000 0.000000 0.100000
vn 0.000000 0.000000 0.100000
vn 0.000000 0.000000 0.100000
vn 0.000000 0.000000 0.100000
vn 0.000000 0.000000 0.100000
vn 0.000000 0.000000 0.100000
vn 0.000000 0.000000 0.100000
vn 0.000000 0.000000 0.100000
vn 0.000000 0.000000 0.100000
vn 0.000000 0.000000 0.100000
vn 0.000000 0.000000 0.100000
vn 0.000000 0.000000 0.100000
vn 0.000000 0.000000 0.100000
vn 0.000000 0.000000 0.100000
vn 0.000000 0.000000 0.100000
vn 0.000000 0.000000 0.100000
vn 0.000000 0.000000 0.100000
vn 0.000000 0.000000 0.100000
vn 0.000000 0.000000 0.100000
vn 0.000000 0.000000 0.100000
vn 0.000000 0.000000 0.100000
vn 0.000000 0.000000 0.100000
vn 0.000000 0.000000 0.100000
vn 0.000000 0.000000 0.100000
vn 0.000000 0.000000 0.100000
vn 0.000000 0.000000 0.100000
vn 0.000000 0.000000 0.100000
vn 0.000000 0.000000 0.100000
vn 0.000000 0.000000 0.100000
vn 0.000000 0.000000 0.100000
vn 0.000000 0.000000 0.100000
vn 0.000000 0.000000 0.100000
vn 0.000000 0.000000 0.100000
vn 0.000000 0.000000 0.100000
vn 0.000000 0.000000 0.100000
vn 0.000000 0.000000 0.100000
vn 0.000000 0.000000 0.100000
vn 0.000000 0.000000 0.100000
vn 0.000000 0.000000 0.100000
vn 0.000000 0.000000 0.100000
vn 0.000000 0.000000 0.100000
vn 0.000000 0.000000 0.100000
vn 0.000000 0.000000 0.100000
vn 0.000000 0.000000 0.100000
vn 0.000000 0.000000 0.100000
vn 0.000000 0.000000 0.100000
vn 0.000000 0.000000 0.100000
vn 0.000000 0.000000 0.100000
vn 0.000000 0.000000 0.100000
vn 0.000000 0.000000 0.100000
vn 0.000000 0.000000 0.100000
vn 0.000000 0.000000 0.100000
vn 0.000000 0.000000 0.100000
vn 0.000000 0.000000 0.100000
vn 0.000000 0.000000 0.100000
vn 0.000000 0.000000 0.100000
vn 0.000000 0.000000 0.100000
vn 0.000000 0.000000 0.100000
vn 0.000000 0.000000 0.100000
vn 0.000000 0.000000 0.100000
vn 0.000000 0.000000 0.100000
vn 0.000000 0.000000 0.100000
vn 0.000000 0.000000 0.100000
vn 0.000000 0.000000 0.100000
vn 0.000000 0.000000 0.100000
vn 0.000000 0.000000 0.100000
vn 0.095888 -0.028381 0.000000
vn 0.094657 -0.028017 -0.015971
vn 0.094431 -0.027950 -0.017365
vn 0.090997 -0.026933 -0.031531
vn 0.090105 -0.026669 -0.034202
vn 0.085000 -0.025158 -0.046282
vn 0.083041 -0.024579 -0.050000
vn 0.076821 -0.022738 -0.059845
vn 0.073455 -0.021741 -0.064279
vn 0.066671 -0.019733 -0.071872
vn 0.061636 -0.018243 -0.076604
vn 0.054809 -0.016222 -0.082054
vn 0.047944 -0.014190 -0.086603
vn 0.041540 -0.012295 -0.090129
vn 0.032796 -0.009707 -0.093969
vn 0.027204 -0.008052 -0.095891
vn 0.016651 -0.004928 -0.098481
vn 0.012170 -0.003602 -0.099191
vn 0.006098 -0.001805 -0.099798
vn 0.000000 -0.000000 -0.100000
vn -0.000000 0.000000 -0.100000
vn 0.016651 -0.004928 -0.098481
vn 0.032796 -0.009707 -0.093969
vn 0.047944 -0.014190 -0.086603
vn 0.061636 -0.018243 -0.076604
vn 0.073455 -0.021741 -0.064279
vn 0.083041 -0.024579 -0.050000
vn 0.090105 -0.026669 -0.034202
vn 0.094431 -0.027950 -0.017365
vn 0.000000 -0.044721 -0.089443
vn 0.008445 -0.046550 -0.088101
vn -0.000000 -0.044721 -0.089443
vn 0.015439 -0.047803 -0.086467
vn 0.015439 -0.047803 -0.086467
vn 0.030481 -0.049657 -0.081271
vn 0.030481 -0.049657 -0.081271
vn 0.044741 -0.050237 -0.073990
vn 0.044741 -0.050237 -0.073990
vn 0.057852 -0.049527 -0.064808
vn 0.057852 -0.049527 -0.064808
vn 0.069479 -0.047546 -0.053964
vn 0.069479 -0.047546 -0.053964
vn 0.079321 -0.044344 -0.041734
vn 0.079321 -0.044344 -0.041734
vn 0.087128 -0.040004 -0.028432
vn 0.087128 -0.040004 -0.028432
vn 0.092698 -0.034637 -0.014401
vn 0.092698 -0.034637 -0.014401
vn 0.095888 -0.028381 0.000000
vn 0.095184 -0.030349 -0.004352
vn 0.095888 -0.028381 -0.000000
vn 0.016836 -0.048024 -0.086083
vn 0.025065 -0.049127 -0.083416
vn 0.032718 -0.049829 -0.080290
vn 0.039432 -0.050169 -0.076995
vn 0.045437 -0.050232 -0.073568
vn 0.050851 -0.050075 -0.070048
vn 0.055499 -0.049758 -0.066663
vn 0.059231 -0.049369 -0.063675
vn 0.061944 -0.049001 -0.061334
vn 0.063690 -0.048724 -0.059746
vn 0.064521 -0.048580 -0.058966
vn 0.067130 -0.048075 -0.056412
vn 0.064480 -0.048587 -0.059005
vn 0.063686 -0.048724 -0.059749
vn 0.060111 -0.049257 -0.062931
vn 0.073523 -0.046445 -0.049367
vn 0.079232 -0.044382 -0.041863
vn 0.084202 -0.041906 -0.033968
vn 0.088388 -0.039040 -0.025757
vn 0.091751 -0.035809 -0.017306
vn 0.093113 -0.034067 -0.013015
vn 0.094259 -0.032245 -0.008693
vn 0.095888 -0.028381 -0.000000
vn 0.091237 -0.040937 0.000000
vn 0.094431 -0.027950 -0.017365
vn 0.087961 -0.044287 -0.017365
vn 0.083931 -0.042258 -0.034202
vn 0.075085 -0.056502 -0.034202
vn 0.069199 -0.052072 -0.050000
vn 0.058843 -0.063541 -0.050000
vn 0.052050 -0.056206 -0.064279
vn 0.084950 -0.052760 0.000000
vn 0.078690 -0.059215 -0.017365
vn 0.063848 -0.068946 -0.034202
vn 0.077139 -0.063636 0.000000
vn 0.066914 -0.072257 -0.017365
vn 0.067946 -0.073371 0.000000
vn 0.061210 -0.046061 -0.064279
vn 0.043675 -0.047162 -0.076604
vn 0.051361 -0.038650 -0.076604
vn 0.033973 -0.036686 -0.086603
vn 0.039952 -0.030064 -0.086603
vn 0.023239 -0.025094 -0.093969
vn 0.027329 -0.020565 -0.093969
vn 0.011799 -0.012741 -0.098481
vn 0.013875 -0.010441 -0.098481
vn 0.000000 -0.000000 -0.100000
vn 0.000000 0.000000 -0.100000
vn -0.000000 -0.000000 -0.100000
vn 0.015510 -0.007809 -0.098481
vn 0.000000 0.000000 -0.100000
vn 0.016651 -0.004928 -0.098481
vn -0.000000 0.000000 -0.100000
vn 0.032796 -0.009707 -0.093969
vn 0.030548 -0.015381 -0.093969
vn 0.047944 -0.014190 -0.086603
vn 0.044659 -0.022485 -0.086603
vn 0.061636 -0.018243 -0.076604
vn 0.057412 -0.028906 -0.076604
vn 0.073455 -0.021741 -0.064279
vn 0.068421 -0.034449 -0.064279
vn 0.083041 -0.024579 -0.050000
vn 0.077351 -0.038945 -0.050000
vn 0.090105 -0.026669 -0.034202
vn 0.067946 -0.073371 0.000000
vn 0.067946 -0.073371 0.000000
vn 0.066914 -0.072257 -0.017365
vn 0.066914 -0.072257 -0.017365
vn 0.063848 -0.068946 -0.034202
vn 0.063848 -0.068946 -0.034202
vn 0.058843 -0.063541 -0.050000
vn 0.058843 -0.063541 -0.050000
vn 0.052050 -0.056206 -0.064279
vn 0.052050 -0.056206 -0.064279
vn 0.043675 -0.047162 -0.076604
vn 0.043675 -0.047162 -0.076604
vn 0.033973 -0.036686 -0.086603
vn 0.033973 -0.036686 -0.086603
vn 0.023239 -0.025094 -0.093969
vn 0.023239 -0.025094 -0.093969
vn 0.011799 -0.012741 -0.098481
vn 0.011799 -0.012741 -0.098481
vn 0.000000 -0.000000 -0.100000
vn 0.000000 -0.000000 -0.100000
vn 0.011799 -0.012741 -0.098481
vn 0.023239 -0.025094 -0.093969
vn 0.033973 -0.036686 -0.086603
vn 0.043675 -0.047162 -0.076604
vn 0.052050 -0.056206 -0.064279
vn 0.058843 -0.063541 -0.050000
vn 0.063848 -0.068946 -0.034202
vn 0.066914 -0.072257 -0.017365
vn 0.066914 -0.072257 -0.017365
vn 0.066914 -0.072257 -0.017365
vn 0.063848 -0.068946 -0.034202
vn 0.063848 -0.068946 -0.034202
vn 0.058843 -0.063541 -0.050000
vn 0.058843 -0.063541 -0.050000
vn 0.052050 -0.056206 -0.064279
vn 0.052050 -0.056206 -0.064279
vn 0.043675 -0.047162 -0.076604
vn 0.043675 -0.047162 -0.076604
vn 0.033973 -0.036686 -0.086603
vn 0.033973 -0.036686 -0.086603
vn 0.023239 -0.025094 -0.093969
vn 0.023239 -0.025094 -0.093969
vn 0.011799 -0.012741 -0.098481
vn 0.011799 -0.012741 -0.098481
vn 0.000000 -0.000000 -0.100000
vn 0.011799 -0.012741 -0.098481
vn 0.066914 -0.072257 -0.017365
vn 0.067946 -0.073371 -0.000000
vn 0.063848 -0.068946 -0.034202
vn 0.058843 -0.063541 -0.050000
vn 0.052050 -0.056206 -0.064279
vn 0.043675 -0.047162 -0.076604
vn 0.033973 -0.036686 -0.086603
vn 0.023239 -0.025094 -0.093969
vn 0.098646 -0.016401 0.000000
vn 0.100000 -0.000000 0.000000
vn 0.097554 -0.013478 -0.017365
vn 0.098481 0.000000 -0.017365
vn 0.093969 0.000000 -0.034202
vn 0.093085 -0.012861 -0.034202
vn 0.086603 0.000000 -0.050000
vn 0.085788 -0.011853 -0.050000
vn 0.076604 0.000000 -0.064279
vn 0.075884 -0.010484 -0.064279
vn 0.064279 0.000000 -0.076604
vn 0.063674 -0.008797 -0.076604
vn 0.050000 0.000000 -0.086603
vn 0.049529 -0.006843 -0.086603
vn 0.034202 0.000000 -0.093969
vn 0.033880 -0.004681 -0.093969
vn 0.017365 0.000000 -0.098481
vn 0.017201 -0.002377 -0.098481
vn -0.000000 0.000000 -0.100000
vn 0.000000 -0.000000 -0.100000
vn 0.016714 -0.004709 -0.098481
vn 0.000000 -0.000000 -0.100000
vn 0.015913 -0.006952 -0.098481
vn -0.000000 0.000000 -0.100000
vn 0.014811 -0.009064 -0.098481
vn 0.000000 -0.000000 -0.100000
vn 0.013431 -0.011006 -0.098481
vn 0.000000 -0.000000 -0.100000
vn 0.000000 -0.000000 -0.100000
vn 0.011799 -0.012741 -0.098481
vn 0.026455 -0.021678 -0.093969
vn 0.029173 -0.017853 -0.093969
vn 0.031342 -0.013692 -0.093969
vn 0.032921 -0.009274 -0.093969
vn 0.023239 -0.025094 -0.093969
vn 0.038674 -0.031691 -0.086603
vn 0.042648 -0.026099 -0.086603
vn 0.045818 -0.020017 -0.086603
vn 0.048127 -0.013558 -0.086603
vn 0.033973 -0.036686 -0.086603
vn 0.049719 -0.040741 -0.076604
vn 0.054827 -0.033553 -0.076604
vn 0.058903 -0.025733 -0.076604
vn 0.061871 -0.017429 -0.076604
vn 0.043675 -0.047162 -0.076604
vn 0.059252 -0.048553 -0.064279
vn 0.065340 -0.039987 -0.064279
vn 0.070198 -0.030668 -0.064279
vn 0.073735 -0.020771 -0.064279
vn 0.052050 -0.056206 -0.064279
vn 0.066986 -0.054890 -0.050000
vn 0.073868 -0.045206 -0.050000
vn 0.079360 -0.034670 -0.050000
vn 0.083358 -0.023482 -0.050000
vn 0.058843 -0.063541 -0.050000
vn 0.063848 -0.068946 -0.034202
vn 0.072684 -0.059559 -0.034202
vn 0.066914 -0.072257 -0.017365
vn 0.076173 -0.062419 -0.017365
vn 0.067946 -0.073371 0.000000
vn 0.079059 -0.061234 0.000000
vn 0.083999 -0.051406 -0.017365
vn 0.088032 -0.047438 0.000000
vn 0.090245 -0.039426 -0.017365
vn 0.094620 -0.032358 0.000000
vn 0.094791 -0.026703 -0.017365
vn 0.090449 -0.025480 -0.034202
vn 0.086110 -0.037619 -0.034202
vn 0.080151 -0.049051 -0.034202
vn 0.100000 0.000000 0.000000
vn 0.098481 0.000000 -0.017365
vn 0.093969 0.000000 -0.034202
vn 0.086603 0.000000 -0.050000
vn 0.076604 0.000000 -0.064279
vn 0.064279 0.000000 -0.076604
vn 0.050000 0.000000 -0.086603
vn 0.034202 0.000000 -0.093969
vn 0.017365 0.000000 -0.098481
vn 0.000000 0.000000 -0.100000
vn 0.000000 -0.100000 0.000000
vn 0.000000 -0.098481 -0.017365
vn 0.014231 -0.098982 0.000000
vn 0.014015 -0.097478 -0.017365
vn 0.028173 -0.095949 0.000000
vn 0.027745 -0.094492 -0.017365
vn 0.041542 -0.090963 0.000000
vn 0.040910 -0.089581 -0.017365
vn 0.054064 -0.084125 0.000000
vn 0.053243 -0.082847 -0.017365
vn 0.065486 -0.075575 0.000000
vn 0.064491 -0.074427 -0.017365
vn 0.075575 -0.065486 0.000000
vn 0.074427 -0.064491 -0.017365
vn 0.084125 -0.054064 0.000000
vn 0.082847 -0.053243 -0.017365
vn 0.090963 -0.041542 0.000000
vn 0.089581 -0.040910 -0.017365
vn 0.095949 -0.028173 0.000000
vn 0.094492 -0.027745 -0.017365
vn 0.098982 -0.014231 0.000000
vn 0.097478 -0.014015 -0.017365
vn 0.093013 -0.013373 -0.034202
vn 0.085721 -0.012325 -0.050000
vn 0.075825 -0.010902 -0.064279
vn 0.063624 -0.009148 -0.076604
vn 0.049491 -0.007116 -0.086603
vn 0.033854 -0.004867 -0.093969
vn 0.017188 -0.002471 -0.098481
vn -0.000000 0.000000 -0.100000
vn 0.016661 -0.004892 -0.098481
vn -0.000000 0.000000 -0.100000
vn 0.015796 -0.007214 -0.098481
vn 0.000000 -0.000000 -0.100000
vn 0.014608 -0.009388 -0.098481
vn 0.000000 -0.000000 -0.100000
vn 0.013123 -0.011372 -0.098481
vn -0.000000 0.000000 -0.100000
vn 0.011372 -0.013123 -0.098481
vn 0.000000 -0.000000 -0.100000
vn 0.009388 -0.014608 -0.098481
vn 0.000000 -0.000000 -0.100000
vn 0.007214 -0.015796 -0.098481
vn -0.000000 0.000000 -0.100000
vn 0.004892 -0.016661 -0.098481
vn -0.000000 0.000000 -0.100000
vn 0.002471 -0.017188 -0.098481
vn 0.000000 -0.000000 -0.100000
vn 0.000000 -0.017365 -0.098481
vn 0.004867 -0.033854 -0.093969
vn 0.000000 -0.034202 -0.093969
vn 0.007116 -0.049491 -0.086603
vn 0.000000 -0.050000 -0.086603
vn 0.009148 -0.063624 -0.076604
vn 0.000000 -0.064279 -0.076604
vn 0.010902 -0.075825 -0.064279
vn 0.000000 -0.076604 -0.064279
vn 0.012325 -0.085721 -0.050000
vn 0.000000 -0.086603 -0.050000
vn 0.013373 -0.093013 -0.034202
vn 0.000000 -0.093969 -0.034202
vn 0.009636 -0.032817 -0.093969
vn 0.014208 -0.031111 -0.093969
vn 0.018491 -0.028773 -0.093969
vn 0.022398 -0.025848 -0.093969
vn 0.025848 -0.022398 -0.093969
vn 0.028773 -0.018491 -0.093969
vn 0.031111 -0.014208 -0.093969
vn 0.032817 -0.009636 -0.093969
vn 0.014087 -0.047975 -0.086603
vn 0.020771 -0.045482 -0.086603
vn 0.027032 -0.042063 -0.086603
vn 0.032743 -0.037787 -0.086603
vn 0.037787 -0.032743 -0.086603
vn 0.042063 -0.027032 -0.086603
vn 0.045482 -0.020771 -0.086603
vn 0.047975 -0.014087 -0.086603
vn 0.018109 -0.061675 -0.076604
vn 0.026702 -0.058470 -0.076604
vn 0.034752 -0.054075 -0.076604
vn 0.042094 -0.048579 -0.076604
vn 0.048579 -0.042094 -0.076604
vn 0.054075 -0.034752 -0.076604
vn 0.058470 -0.026702 -0.076604
vn 0.061675 -0.018109 -0.076604
vn 0.021582 -0.073501 -0.064279
vn 0.031823 -0.069682 -0.064279
vn 0.041415 -0.064444 -0.064279
vn 0.050165 -0.057894 -0.064279
vn 0.057894 -0.050165 -0.064279
vn 0.064444 -0.041415 -0.064279
vn 0.069682 -0.031823 -0.064279
vn 0.073501 -0.021582 -0.064279
vn 0.024399 -0.083095 -0.050000
vn 0.035976 -0.078776 -0.050000
vn 0.046821 -0.072855 -0.050000
vn 0.056713 -0.065450 -0.050000
vn 0.065450 -0.056713 -0.050000
vn 0.072855 -0.046821 -0.050000
vn 0.078776 -0.035976 -0.050000
vn 0.083095 -0.024399 -0.050000
vn 0.026474 -0.090163 -0.034202
vn 0.039036 -0.085477 -0.034202
vn 0.050804 -0.079052 -0.034202
vn 0.061537 -0.071017 -0.034202
vn 0.071017 -0.061537 -0.034202
vn 0.079052 -0.050804 -0.034202
vn 0.085477 -0.039036 -0.034202
vn 0.090163 -0.026474 -0.034202
vn -0.000000 -0.100000 -0.000000
vn -0.000000 -0.098481 -0.017365
vn -0.000000 -0.093969 -0.034202
vn -0.000000 -0.086603 -0.050000
vn -0.000000 -0.076604 -0.064279
vn -0.000000 -0.064279 -0.076604
vn -0.000000 -0.050000 -0.086603
vn -0.000000 -0.034202 -0.093969
vn -0.000000 -0.017365 -0.098481
vn -0.000000 -0.000000 -0.100000
vn -0.100000 -0.000000 0.000000
vn -0.098481 -0.000000 -0.017365
vn -0.098982 -0.014231 0.000000
vn -0.097478 -0.014015 -0.017365
vn -0.095949 -0.028173 0.000000
vn -0.094492 -0.027745 -0.017365
vn -0.090963 -0.041542 0.000000
vn -0.089581 -0.040910 -0.017365
vn -0.084125 -0.054064 0.000000
vn -0.082847 -0.053243 -0.017365
vn -0.075575 -0.065486 0.000000
vn -0.074427 -0.064491 -0.017365
vn -0.065486 -0.075575 0.000000
vn -0.064491 -0.074427 -0.017365
vn -0.054064 -0.084125 0.000000
vn -0.053243 -0.082847 -0.017365
vn -0.041542 -0.090963 0.000000
vn -0.040910 -0.089581 -0.017365
vn -0.028173 -0.095949 0.000000
vn -0.027745 -0.094492 -0.017365
vn -0.014231 -0.098982 0.000000
vn -0.014015 -0.097478 -0.017365
vn -0.013373 -0.093013 -0.034202
vn -0.012325 -0.085721 -0.050000
vn -0.010902 -0.075825 -0.064279
vn -0.009148 -0.063624 -0.076604
vn -0.007116 -0.049491 -0.086603
vn -0.004867 -0.033854 -0.093969
vn -0.002471 -0.017188 -0.098481
vn 0.000000 0.000000 -0.100000
vn -0.004892 -0.016661 -0.098481
vn 0.000000 0.000000 -0.100000
vn -0.007214 -0.015796 -0.098481
vn -0.000000 -0.000000 -0.100000
vn -0.009388 -0.014608 -0.098481
vn -0.000000 -0.000000 -0.100000
vn -0.011372 -0.013123 -0.098481
vn 0.000000 0.000000 -0.100000
vn -0.013123 -0.011372 -0.098481
vn -0.000000 -0.000000 -0.100000
vn -0.014608 -0.009388 -0.098481
vn -0.000000 -0.000000 -0.100000
vn -0.015796 -0.007214 -0.098481
vn 0.000000 0.000000 -0.100000
vn -0.016661 -0.004892 -0.098481
vn 0.000000 0.000000 -0.100000
vn -0.017188 -0.002471 -0.098481
vn -0.000000 -0.000000 -0.100000
vn -0.017365 -0.000000 -0.098481
vn -0.033854 -0.004867 -0.093969
vn -0.034202 -0.000000 -0.093969
vn -0.049491 -0.007116 -0.086603
vn -0.050000 -0.000000 -0.086603
vn -0.063624 -0.009148 -0.076604
vn -0.064279 -0.000000 -0.076604
vn -0.075825 -0.010902 -0.064279
vn -0.076604 -0.000000 -0.064279
vn -0.085721 -0.012325 -0.050000
vn -0.086603 -0.000000 -0.050000
vn -0.093013 -0.013373 -0.034202
vn -0.093969 -0.000000 -0.034202
vn -0.032817 -0.009636 -0.093969
vn -0.031111 -0.014208 -0.093969
vn -0.028773 -0.018491 -0.093969
vn -0.025848 -0.022398 -0.093969
vn -0.022398 -0.025848 -0.093969
vn -0.018491 -0.028773 -0.093969
vn -0.014208 -0.031111 -0.093969
vn -0.009636 -0.032817 -0.093969
vn -0.047975 -0.014087 -0.086603
vn -0.045482 -0.020771 -0.086603
vn -0.042063 -0.027032 -0.086603
vn -0.037787 -0.032743 -0.086603
vn -0.032743 -0.037787 -0.086603
vn -0.027032 -0.042063 -0.086603
vn -0.020771 -0.045482 -0.086603
vn -0.014087 -0.047975 -0.086603
vn -0.061675 -0.018109 -0.076604
vn -0.058470 -0.026702 -0.076604
vn -0.054075 -0.034752 -0.076604
vn -0.048579 -0.042094 -0.076604
vn -0.042094 -0.048579 -0.076604
vn -0.034752 -0.054075 -0.076604
vn -0.026702 -0.058470 -0.076604
vn -0.018109 -0.061675 -0.076604
vn -0.073501 -0.021582 -0.064279
vn -0.069682 -0.031823 -0.064279
vn -0.064444 -0.041415 -0.064279
vn -0.057894 -0.050165 -0.064279
vn -0.050165 -0.057894 -0.064279
vn -0.041415 -0.064444 -0.064279
vn -0.031823 -0.069682 -0.064279
vn -0.021582 -0.073501 -0.064279
vn -0.083095 -0.024399 -0.050000
vn -0.078776 -0.035976 -0.050000
vn -0.072855 -0.046821 -0.050000
vn -0.065450 -0.056713 -0.050000
vn -0.056713 -0.065450 -0.050000
vn -0.046821 -0.072855 -0.050000
vn -0.035976 -0.078776 -0.050000
vn -0.024399 -0.083095 -0.050000
vn -0.090163 -0.026474 -0.034202
vn -0.085477 -0.039036 -0.034202
vn -0.079052 -0.050804 -0.034202
vn -0.071017 -0.061537 -0.034202
vn -0.061537 -0.071017 -0.034202
vn -0.050804 -0.079052 -0.034202
vn -0.039036 -0.085477 -0.034202
vn -0.026474 -0.090163 -0.034202
vn -0.100000 0.000000 0.000000
vn -0.098481 0.000000 -0.017365
vn -0.093969 0.000000 -0.034202
vn -0.086603 0.000000 -0.050000
vn -0.076604 0.000000 -0.064279
vn -0.064279 0.000000 -0.076604
vn -0.050000 0.000000 -0.086603
vn -0.034202 0.000000 -0.093969
vn -0.017365 0.000000 -0.098481
vn -0.000000 0.000000 -0.100000
vn -0.079059 -0.061234 0.000000
vn -0.067946 -0.073371 0.000000
vn -0.076173 -0.062419 -0.017365
vn -0.066914 -0.072257 -0.017365
vn -0.063848 -0.068946 -0.034202
vn -0.072684 -0.059559 -0.034202
vn -0.058843 -0.063541 -0.050000
vn -0.066986 -0.054890 -0.050000
vn -0.052050 -0.056206 -0.064279
vn -0.059252 -0.048553 -0.064279
vn -0.043675 -0.047162 -0.076604
vn -0.049719 -0.040741 -0.076604
vn -0.033973 -0.036686 -0.086603
vn -0.038674 -0.031691 -0.086603
vn -0.023239 -0.025094 -0.093969
vn -0.026455 -0.021678 -0.093969
vn -0.011799 -0.012741 -0.098481
vn -0.013431 -0.011006 -0.098481
vn -0.000000 -0.000000 -0.100000
vn 0.000000 0.000000 -0.100000
vn -0.014811 -0.009064 -0.098481
vn 0.000000 0.000000 -0.100000
vn -0.015913 -0.006952 -0.098481
vn 0.000000 0.000000 -0.100000
vn -0.016714 -0.004709 -0.098481
vn -0.000000 -0.000000 -0.100000
vn -0.017201 -0.002377 -0.098481
vn -0.000000 -0.000000 -0.100000
vn -0.033880 -0.004681 -0.093969
vn -0.032921 -0.009274 -0.093969
vn -0.031342 -0.013692 -0.093969
vn -0.029173 -0.017853 -0.093969
vn -0.049529 -0.006843 -0.086603
vn -0.048127 -0.013558 -0.086603
vn -0.045818 -0.020017 -0.086603
vn -0.042648 -0.026099 -0.086603
vn -0.063674 -0.008797 -0.076604
vn -0.061871 -0.017429 -0.076604
vn -0.058903 -0.025733 -0.076604
vn -0.054827 -0.033553 -0.076604
vn -0.075884 -0.010484 -0.064279
vn -0.073735 -0.020771 -0.064279
vn -0.070198 -0.030668 -0.064279
vn -0.065340 -0.039987 -0.064279
vn -0.085788 -0.011853 -0.050000
vn -0.083358 -0.023482 -0.050000
vn -0.079360 -0.034670 -0.050000
vn -0.073868 -0.045206 -0.050000
vn -0.093085 -0.012861 -0.034202
vn -0.090449 -0.025480 -0.034202
vn -0.086110 -0.037619 -0.034202
vn -0.080151 -0.049051 -0.034202
vn -0.097554 -0.013478 -0.017365
vn -0.094791 -0.026703 -0.017365
vn -0.090245 -0.039426 -0.017365
vn -0.083999 -0.051406 -0.017365
vn -0.098646 -0.016401 0.000000
vn -0.094620 -0.032358 0.000000
vn -0.088032 -0.047438 0.000000
vn -0.067946 -0.073371 -0.000000
vn -0.067946 -0.073371 -0.000000
vn -0.066914 -0.072257 -0.017365
vn -0.066914 -0.072257 -0.017365
vn -0.063848 -0.068946 -0.034202
vn -0.063848 -0.068946 -0.034202
vn -0.058843 -0.063541 -0.050000
vn -0.058843 -0.063541 -0.050000
vn -0.052050 -0.056206 -0.064279
vn -0.052050 -0.056206 -0.064279
vn -0.043675 -0.047162 -0.076604
vn -0.043675 -0.047162 -0.076604
vn -0.033973 -0.036686 -0.086603
vn -0.033973 -0.036686 -0.086603
vn -0.023239 -0.025094 -0.093969
vn -0.023239 -0.025094 -0.093969
vn -0.011799 -0.012741 -0.098481
vn -0.011799 -0.012741 -0.098481
vn -0.000000 -0.000000 -0.100000
vn 0.000000 0.000000 -0.100000
vn -0.011799 -0.012741 -0.098481
vn -0.023239 -0.025094 -0.093969
vn -0.033973 -0.036686 -0.086603
vn -0.043675 -0.047162 -0.076604
vn -0.052050 -0.056206 -0.064279
vn -0.058843 -0.063541 -0.050000
vn -0.063848 -0.068946 -0.034202
vn -0.066914 -0.072257 -0.017365
vn -0.066914 -0.072257 -0.017365
vn -0.066914 -0.072257 -0.017365
vn -0.063848 -0.068946 -0.034202
vn -0.063848 -0.068946 -0.034202
vn -0.058843 -0.063541 -0.050000
vn -0.058843 -0.063541 -0.050000
vn -0.052050 -0.056206 -0.064279
vn -0.052050 -0.056206 -0.064279
vn -0.043675 -0.047162 -0.076604
vn -0.043675 -0.047162 -0.076604
vn -0.033973 -0.036686 -0.086603
vn -0.033973 -0.036686 -0.086603
vn -0.023239 -0.025094 -0.093969
vn -0.023239 -0.025094 -0.093969
vn -0.011799 -0.012741 -0.098481
vn -0.011799 -0.012741 -0.098481
vn -0.000000 -0.000000 -0.100000
vn -0.011799 -0.012741 -0.098481
vn -0.066914 -0.072257 -0.017365
vn -0.067946 -0.073371 0.000000
vn -0.063848 -0.068946 -0.034202
vn -0.058843 -0.063541 -0.050000
vn -0.052050 -0.056206 -0.064279
vn -0.043675 -0.047162 -0.076604
vn -0.033973 -0.036686 -0.086603
vn -0.023239 -0.025094 -0.093969
vn -0.067946 -0.073371 0.000000
vn -0.077139 -0.063636 0.000000
vn -0.066914 -0.072257 -0.017365
vn -0.078690 -0.059215 -0.017365
vn -0.075085 -0.056502 -0.034202
vn -0.083931 -0.042258 -0.034202
vn -0.077351 -0.038945 -0.050000
vn -0.083041 -0.024579 -0.050000
vn -0.073455 -0.021741 -0.064279
vn -0.084950 -0.052760 0.000000
vn -0.087961 -0.044287 -0.017365
vn -0.090105 -0.026669 -0.034202
vn -0.091237 -0.040937 0.000000
vn -0.094431 -0.027950 -0.017365
vn -0.095888 -0.028381 0.000000
vn -0.068421 -0.034449 -0.064279
vn -0.061636 -0.018243 -0.076604
vn -0.057412 -0.028906 -0.076604
vn -0.047944 -0.014190 -0.086603
vn -0.044659 -0.022485 -0.086603
vn -0.032796 -0.009707 -0.093969
vn -0.030548 -0.015381 -0.093969
vn -0.016651 -0.004928 -0.098481
vn -0.015510 -0.007809 -0.098481
vn -0.000000 0.000000 -0.100000
vn -0.000000 -0.000000 -0.100000
vn -0.000000 0.000000 -0.100000
vn -0.013875 -0.010441 -0.098481
vn -0.000000 -0.000000 -0.100000
vn -0.011799 -0.012741 -0.098481
vn 0.000000 -0.000000 -0.100000
vn -0.023239 -0.025094 -0.093969
vn -0.027329 -0.020565 -0.093969
vn -0.033973 -0.036686 -0.086603
vn -0.039952 -0.030064 -0.086603
vn -0.043675 -0.047162 -0.076604
vn -0.051361 -0.038650 -0.076604
vn -0.052050 -0.056206 -0.064279
vn -0.061210 -0.046061 -0.064279
vn -0.058843 -0.063541 -0.050000
vn -0.069199 -0.052072 -0.050000
vn -0.063848 -0.068946 -0.034202
vn -0.000000 -0.000000 -0.100000
vn -0.000000 -0.000000 -0.100000
vn -0.006098 -0.001805 -0.099798
vn -0.016651 -0.004928 -0.098481
vn -0.012170 -0.003602 -0.099191
vn -0.027204 -0.008052 -0.095891
vn -0.032796 -0.009707 -0.093969
vn -0.041540 -0.012295 -0.090129
vn -0.047944 -0.014190 -0.086603
vn -0.054809 -0.016222 -0.082054
vn -0.061636 -0.018243 -0.076604
vn -0.066671 -0.019733 -0.071872
vn -0.073455 -0.021741 -0.064279
vn -0.076821 -0.022738 -0.059845
vn -0.083041 -0.024579 -0.050000
vn -0.085000 -0.025158 -0.046282
vn -0.090105 -0.026669 -0.034202
vn -0.090997 -0.026933 -0.031531
vn -0.094431 -0.027950 -0.017365
vn -0.094657 -0.028017 -0.015971
vn -0.095888 -0.028381 0.000000
vn -0.095888 -0.028381 0.000000
vn -0.094431 -0.027950 -0.017365
vn -0.090105 -0.026669 -0.034202
vn -0.083041 -0.024579 -0.050000
vn -0.073455 -0.021741 -0.064279
vn -0.061636 -0.018243 -0.076604
vn -0.047944 -0.014190 -0.086603
vn -0.032796 -0.009707 -0.093969
vn -0.016651 -0.004928 -0.098481
vn -0.095888 -0.028381 -0.000000
vn -0.095184 -0.030349 -0.004352
vn -0.095888 -0.028381 -0.000000
vn -0.094259 -0.032245 -0.008693
vn -0.092698 -0.034637 -0.014401
vn -0.092698 -0.034637 -0.014401
vn -0.087128 -0.040004 -0.028432
vn -0.087128 -0.040004 -0.028432
vn -0.079321 -0.044344 -0.041734
vn -0.079321 -0.044344 -0.041734
vn -0.069479 -0.047546 -0.053964
vn -0.069479 -0.047546 -0.053964
vn -0.057852 -0.049527 -0.064808
vn -0.057852 -0.049527 -0.064808
vn -0.044741 -0.050237 -0.073990
vn -0.044741 -0.050237 -0.073990
vn -0.030481 -0.049657 -0.081271
vn -0.030481 -0.049657 -0.081271
vn -0.015439 -0.047803 -0.086467
vn -0.015439 -0.047803 -0.086467
vn 0.000000 -0.044721 -0.089443
vn -0.008445 -0.046550 -0.088101
vn 0.000000 -0.044721 -0.089443
vn -0.093113 -0.034067 -0.013015
vn -0.091751 -0.035809 -0.017306
vn -0.088388 -0.039040 -0.025757
vn -0.084202 -0.041906 -0.033968
vn -0.079232 -0.044382 -0.041863
vn -0.073523 -0.046445 -0.049367
vn -0.067130 -0.048075 -0.056412
vn -0.064521 -0.048580 -0.058966
vn -0.064480 -0.048587 -0.059005
vn -0.063686 -0.048724 -0.059749
vn -0.060111 -0.049257 -0.062931
vn -0.063690 -0.048724 -0.059746
vn -0.061944 -0.049001 -0.061334
vn -0.059231 -0.049369 -0.063675
vn -0.055499 -0.049758 -0.066663
vn -0.050851 -0.050075 -0.070048
vn -0.045437 -0.050232 -0.073568
vn -0.039432 -0.050169 -0.076995
vn -0.032718 -0.049829 -0.080290
vn -0.025065 -0.049127 -0.083416
vn -0.016836 -0.048024 -0.086083
vn 0.000000 -0.044721 -0.089443
vn 0.000000 -0.044721 -0.089443
vn 0.000000 -0.044721 -0.089443
vn 0.000000 -0.044721 -0.089443
vn 0.000000 -0.044721 -0.089443
vn 0.000000 -0.044721 -0.089443
vn 0.000000 -0.044721 -0.089443
vn 0.000000 0.000000 -0.100000
vn 0.000000 0.000000 -0.100000
vn 0.000000 0.000000 -0.100000
vn 0.000000 0.000000 -0.100000
vn 0.000000 0.000000 -0.100000
vn 0.000000 0.000000 -0.100000
vn 0.000000 0.000000 -0.100000
vn 0.000000 0.000000 -0.100000
vn 0.000000 0.000000 -0.100000
vn 0.000000 0.000000 -0.100000
vn 0.000000 0.000000 -0.100000
vn 0.000000 0.000000 -0.100000
vn 0.000000 0.000000 -0.100000
vn 0.000000 0.000000 -0.100000
vn 0.000000 0.000000 -0.100000
vn 0.000000 0.000000 -0.100000
vn 0.000000 0.000000 -0.100000
vn 0.000000 0.000000 -0.100000
vn 0.000000 0.000000 -0.100000
vn 0.000000 0.000000 -0.100000
vn 0.000000 0.000000 -0.100000
vn 0.000000 0.000000 -0.100000
vn 0.000000 0.000000 -0.100000
vn 0.000000 0.000000 -0.100000
vn 0.000000 0.000000 -0.100000
vn 0.000000 0.000000 -0.100000
vn 0.000000 0.000000 -0.100000
vn 0.000000 0.000000 -0.100000
vn 0.000000 0.000000 -0.100000
vn 0.000000 0.000000 -0.100000
vn 0.000000 0.000000 -0.100000
vn 0.000000 0.000000 -0.100000
vn 0.000000 0.000000 -0.100000
vn 0.000000 0.000000 -0.100000
vn 0.000000 0.000000 -0.100000
vn 0.000000 0.000000 -0.100000
vn 0.000000 0.000000 -0.100000
vn 0.000000 0.000000 -0.100000
vn 0.000000 0.000000 -0.100000
vn 0.000000 0.000000 -0.100000
vn 0.000000 0.000000 -0.100000
vn 0.000000 0.000000 -0.100000
vn 0.000000 0.000000 -0.100000
vn 0.000000 0.000000 -0.100000
vn 0.000000 0.000000 -0.100000
vn 0.000000 0.000000 -0.100000
vn 0.000000 0.000000 -0.100000
vn 0.000000 0.000000 -0.100000
vn 0.000000 0.000000 -0.100000
vn 0.000000 0.000000 -0.100000
vn 0.000000 0.000000 -0.100000
vn 0.000000 0.000000 -0.100000
vn 0.000000 0.000000 -0.100000
vn 0.000000 0.000000 -0.100000
vn 0.000000 0.000000 -0.100000
vn 0.000000 0.000000 -0.100000
vn 0.000000 0.000000 -0.100000
vn 0.000000 0.000000 -0.100000
vn 0.000000 0.000000 -0.100000
vn 0.000000 0.000000 -0.100000
vn 0.000000 0.000000 -0.100000
vn 0.000000 0.000000 -0.100000
vn 0.000000 0.000000 -0.100000
vn 0.000000 0.000000 -0.100000
vn 0.000000 0.000000 -0.100000
vn 0.000000 0.000000 -0.100000
vn 0.000000 0.000000 -0.100000
vn 0.000000 0.000000 -0.100000
vn 0.000000 0.000000 -0.100000
vn 0.000000 0.000000 -0.100000
vn 0.000000 0.000000 -0.100000
vn 0.000000 0.000000 -0.100000
vn 0.000000 0.000000 -0.100000
vn 0.000000 0.000000 -0.100000
vn 0.000000 0.000000 -0.100000
vn 0.000000 0.000000 -0.100000
vn 0.000000 0.000000 -0.100000
vn 0.000000 0.000000 -0.100000
vn 0.000000 0.000000 -0.100000
vn 0.000000 0.000000 -0.100000
vn 0.000000 0.000000 -0.100000
vn 0.000000 0.000000 -0.100000
vn 0.000000 0.000000 -0.100000
vn 0.000000 -0.044721 -0.089443
vn 0.000000 -0.044721 -0.089443
vn 0.000000 -0.044721 -0.089443
vn 0.000000 -0.044721 -0.089443
vn 0.000000 -0.044721 -0.089443
vn 0.000000 -0.044721 -0.089443
vn 0.000000 -0.044721 -0.089443
vn -0.095888 -0.028381 0.000000
vn -0.095888 -0.028381 0.000000
vn -0.055470 0.000000 -0.083205
vn -0.055470 0.000000 -0.083205
vn -0.055470 0.000000 -0.083205
vn -0.055470 0.000000 -0.083205
vn -0.055470 0.000000 -0.083205
vn -0.055470 0.000000 -0.083205
vn -0.055470 0.000000 -0.083205
vn -0.055470 0.000000 -0.083205
vn -0.055470 0.000000 -0.083205
vn -0.055470 0.000000 -0.083205
vn -0.055470 0.000000 -0.083205
vn -0.055470 0.000000 -0.083205
vn -0.055470 0.000000 -0.083205
vn -0.055470 0.000000 -0.083205
vn -0.055470 0.000000 -0.083205
vn -0.055470 0.000000 -0.083205
vn -0.055470 0.000000 -0.083205
vn -0.055470 0.000000 -0.083205
vn -0.055470 0.000000 -0.083205
vn -0.055470 0.000000 -0.083205
vn 0.055470 0.000000 -0.083205
vn 0.055470 0.000000 -0.083205
vn 0.055470 0.000000 -0.083205
vn 0.055470 0.000000 -0.083205
vn 0.055470 0.000000 -0.083205
vn 0.055470 0.000000 -0.083205
vn 0.055470 0.000000 -0.083205
vn 0.055470 0.000000 -0.083205
vn 0.055470 0.000000 -0.083205
vn 0.055470 0.000000 -0.083205
vn 0.055470 0.000000 -0.083205
vn 0.055470 0.000000 -0.083205
vn 0.055470 0.000000 -0.083205
vn 0.055470 0.000000 -0.083205
vn 0.055470 0.000000 -0.083205
vn 0.055470 0.000000 -0.083205
vn 0.055470 0.000000 -0.083205
vn 0.055470 0.000000 -0.083205
vn 0.055470 0.000000 -0.083205
vn 0.055470 0.000000 -0.083205
vn 0.100000 0.000000 -0.000000
vn 0.100000 0.000000 -0.000000
vn 0.100000 0.000000 -0.000000
vn 0.100000 0.000000 -0.000000
vn -0.047186 0.000000 -0.088167
vn -0.047186 0.000000 -0.088167
vn -0.047186 0.000000 -0.088167
vn -0.047186 0.000000 -0.088167
vn 0.000000 -0.100000 0.000000
vn 0.000000 -0.100000 0.000000
vn 0.000000 -0.100000 0.000000
vn 0.000000 -0.100000 0.000000
vn 0.000000 -0.100000 0.000000
vn 0.000000 -0.100000 0.000000
vn 0.000000 -0.100000 0.000000
vn 0.000000 -0.100000 0.000000
vn 0.000000 0.000000 -0.100000
vn 0.000000 0.000000 -0.100000
vn 0.000000 0.000000 -0.100000
vn 0.000000 0.000000 -0.100000
vn 0.047186 0.000000 -0.088167
vn 0.047186 0.000000 -0.088167
vn 0.047186 0.000000 -0.088167
vn 0.047186 0.000000 -0.088167
vn 0.000000 0.000000 -0.100000
vn 0.000000 0.000000 -0.100000
vn 0.000000 0.000000 -0.100000
vn 0.000000 0.000000 -0.100000
vn 0.000000 -0.000000 -0.100000
vn 0.017188 0.002471 -0.098481
vn 0.000000 -0.000000 -0.100000
vn 0.017365 -0.000000 -0.098481
vn 0.017188 -0.002471 -0.098481
vn 0.034202 -0.000000 -0.093969
vn 0.033854 -0.004867 -0.093969
vn 0.050000 -0.000000 -0.086603
vn 0.049491 -0.007116 -0.086603
vn 0.064279 -0.000000 -0.076604
vn 0.063624 -0.009148 -0.076604
vn 0.076604 -0.000000 -0.064279
vn 0.075825 -0.010902 -0.064279
vn 0.086603 -0.000000 -0.050000
vn 0.085721 -0.012325 -0.050000
vn 0.093969 -0.000000 -0.034202
vn 0.093013 -0.013373 -0.034202
vn 0.098481 -0.000000 -0.017365
vn 0.097478 -0.014015 -0.017365
vn 0.100000 -0.000000 -0.000000
vn 0.098982 -0.014231 -0.000000
vn 0.016661 0.004892 -0.098481
vn 0.000000 -0.000000 -0.100000
vn 0.015796 0.007214 -0.098481
vn 0.000000 -0.000000 -0.100000
vn 0.014608 0.009388 -0.098481
vn 0.000000 -0.000000 -0.100000
vn 0.013123 0.011372 -0.098481
vn 0.000000 0.000000 -0.100000
vn 0.011372 0.013123 -0.098481
vn 0.009388 0.014608 -0.098481
vn 0.018491 0.028773 -0.093969
vn 0.014208 0.031111 -0.093969
vn 0.020771 0.045482 -0.086603
vn 0.014087 0.047975 -0.086603
vn 0.018109 0.061675 -0.076604
vn 0.009148 0.063624 -0.076604
vn 0.010902 0.075825 -0.064279
vn 0.000000 0.076604 -0.064279
vn 0.000000 0.086603 -0.050000
vn -0.012325 0.085721 -0.050000
vn -0.013373 0.093013 -0.034202
vn -0.026474 0.090163 -0.034202
vn -0.027745 0.094492 -0.017365
vn -0.040910 0.089581 -0.017365
vn -0.053243 0.082847 -0.017365
vn -0.064491 0.074427 -0.017365
vn -0.074427 0.064491 -0.017365
vn -0.082847 0.053243 -0.017365
vn -0.089581 0.040910 -0.017365
vn -0.094492 0.027745 -0.017365
vn -0.097478 0.014015 -0.017365
vn -0.098481 0.000000 -0.017365
vn -0.097478 -0.014015 -0.017365
vn -0.094492 -0.027745 -0.017365
vn -0.089581 -0.040910 -0.017365
vn -0.082847 -0.053243 -0.017365
vn -0.074427 -0.064491 -0.017365
vn -0.065486 -0.075575 -0.000000
vn -0.064491 -0.074427 -0.017365
vn -0.054064 -0.084125 -0.000000
vn -0.053243 -0.082847 -0.017365
vn -0.041542 -0.090963 -0.000000
vn -0.040910 -0.089581 -0.017365
vn -0.028173 -0.095949 -0.000000
vn -0.027745 -0.094492 -0.017365
vn -0.014231 -0.098982 -0.000000
vn -0.014015 -0.097478 -0.017365
vn 0.000000 -0.100000 -0.000000
vn 0.000000 -0.098481 -0.017365
vn 0.014231 -0.098982 -0.000000
vn 0.014015 -0.097478 -0.017365
vn 0.028173 -0.095949 -0.000000
vn 0.027745 -0.094492 -0.017365
vn 0.041542 -0.090963 -0.000000
vn 0.040910 -0.089581 -0.017365
vn 0.054064 -0.084125 -0.000000
vn 0.053243 -0.082847 -0.017365
vn 0.065486 -0.075575 -0.000000
vn 0.064491 -0.074427 -0.017365
vn 0.075575 -0.065486 -0.000000
vn 0.074427 -0.064491 -0.017365
vn 0.084125 -0.054064 -0.000000
vn 0.082847 -0.053243 -0.017365
vn 0.090963 -0.041542 -0.000000
vn 0.089581 -0.040910 -0.017365
vn 0.095949 -0.028173 -0.000000
vn 0.094492 -0.027745 -0.017365
vn 0.000000 0.000000 -0.100000
vn 0.007214 0.015796 -0.098481
vn 0.009636 0.032817 -0.093969
vn 0.007116 0.049491 -0.086603
vn 0.000000 0.064279 -0.076604
vn -0.010902 0.075825 -0.064279
vn -0.024399 0.083095 -0.050000
vn -0.039036 0.085477 -0.034202
vn 0.000000 0.000000 -0.100000
vn 0.004892 0.016661 -0.098481
vn 0.004867 0.033854 -0.093969
vn 0.000000 0.050000 -0.086603
vn -0.009148 0.063624 -0.076604
vn -0.021582 0.073501 -0.064279
vn -0.035976 0.078776 -0.050000
vn -0.050804 0.079052 -0.034202
vn 0.000000 0.000000 -0.100000
vn 0.002471 0.017188 -0.098481
vn 0.000000 0.034202 -0.093969
vn -0.007116 0.049491 -0.086603
vn -0.018109 0.061675 -0.076604
vn -0.031823 0.069682 -0.064279
vn -0.046821 0.072855 -0.050000
vn -0.061537 0.071017 -0.034202
vn 0.000000 0.000000 -0.100000
vn 0.000000 0.017365 -0.098481
vn -0.004867 0.033854 -0.093969
vn -0.014087 0.047975 -0.086603
vn -0.026702 0.058470 -0.076604
vn -0.041415 0.064444 -0.064279
vn -0.056713 0.065450 -0.050000
vn -0.071017 0.061537 -0.034202
vn -0.002471 0.017188 -0.098481
vn 0.000000 0.000000 -0.100000
vn -0.004892 0.016661 -0.098481
vn 0.000000 0.000000 -0.100000
vn -0.007214 0.015796 -0.098481
vn -0.000000 0.000000 -0.100000
vn -0.009388 0.014608 -0.098481
vn -0.000000 0.000000 -0.100000
vn -0.011372 0.013123 -0.098481
vn -0.000000 0.000000 -0.100000
vn -0.013123 0.011372 -0.098481
vn -0.014608 0.009388 -0.098481
vn -0.028773 0.018491 -0.093969
vn -0.031111 0.014208 -0.093969
vn -0.045482 0.020771 -0.086603
vn -0.047975 0.014087 -0.086603
vn -0.061675 0.018109 -0.076604
vn -0.063624 0.009148 -0.076604
vn -0.075825 0.010902 -0.064279
vn -0.076604 0.000000 -0.064279
vn -0.086603 0.000000 -0.050000
vn -0.085721 -0.012325 -0.050000
vn -0.093013 -0.013373 -0.034202
vn -0.090163 -0.026474 -0.034202
vn -0.000000 0.000000 -0.100000
vn -0.015796 0.007214 -0.098481
vn -0.032817 0.009636 -0.093969
vn -0.049491 0.007116 -0.086603
vn -0.064279 0.000000 -0.076604
vn -0.075825 -0.010902 -0.064279
vn -0.083095 -0.024399 -0.050000
vn -0.085477 -0.039036 -0.034202
vn -0.000000 -0.000000 -0.100000
vn -0.016661 0.004892 -0.098481
vn -0.033854 0.004867 -0.093969
vn -0.050000 0.000000 -0.086603
vn -0.063624 -0.009148 -0.076604
vn -0.073501 -0.021582 -0.064279
vn -0.078776 -0.035976 -0.050000
vn -0.079052 -0.050804 -0.034202
vn -0.000000 -0.000000 -0.100000
vn -0.017188 0.002471 -0.098481
vn -0.034202 -0.000000 -0.093969
vn -0.049491 -0.007116 -0.086603
vn -0.061675 -0.018109 -0.076604
vn -0.069682 -0.031823 -0.064279
vn -0.072855 -0.046821 -0.050000
vn -0.071017 -0.061537 -0.034202
vn -0.000000 -0.000000 -0.100000
vn -0.017365 -0.000000 -0.098481
vn -0.033854 -0.004867 -0.093969
vn -0.047975 -0.014087 -0.086603
vn -0.058470 -0.026702 -0.076604
vn -0.064444 -0.041415 -0.064279
vn -0.065450 -0.056713 -0.050000
vn -0.061537 -0.071017 -0.034202
vn -0.017188 -0.002471 -0.098481
vn 0.000000 -0.000000 -0.100000
vn -0.016661 -0.004892 -0.098481
vn 0.000000 -0.000000 -0.100000
vn -0.015796 -0.007214 -0.098481
vn 0.000000 -0.000000 -0.100000
vn -0.014608 -0.009388 -0.098481
vn 0.000000 -0.000000 -0.100000
vn -0.013123 -0.011372 -0.098481
vn 0.000000 -0.000000 -0.100000
vn -0.011372 -0.013123 -0.098481
vn -0.009388 -0.014608 -0.098481
vn -0.018491 -0.028773 -0.093969
vn -0.014208 -0.031111 -0.093969
vn -0.020771 -0.045482 -0.086603
vn -0.014087 -0.047975 -0.086603
vn -0.018109 -0.061675 -0.076604
vn -0.009148 -0.063624 -0.076604
vn -0.010902 -0.075825 -0.064279
vn 0.000000 -0.076604 -0.064279
vn 0.000000 -0.086603 -0.050000
vn 0.012325 -0.085721 -0.050000
vn 0.013373 -0.093013 -0.034202
vn 0.026474 -0.090163 -0.034202
vn 0.000000 -0.000000 -0.100000
vn -0.007214 -0.015796 -0.098481
vn -0.009636 -0.032817 -0.093969
vn -0.007116 -0.049491 -0.086603
vn 0.000000 -0.064279 -0.076604
vn 0.010902 -0.075825 -0.064279
vn 0.024399 -0.083095 -0.050000
vn 0.039036 -0.085477 -0.034202
vn 0.000000 -0.000000 -0.100000
vn -0.004892 -0.016661 -0.098481
vn -0.004867 -0.033854 -0.093969
vn 0.000000 -0.050000 -0.086603
vn 0.009148 -0.063624 -0.076604
vn 0.021582 -0.073501 -0.064279
vn 0.035976 -0.078776 -0.050000
vn 0.050804 -0.079052 -0.034202
vn 0.000000 -0.000000 -0.100000
vn -0.002471 -0.017188 -0.098481
vn 0.000000 -0.034202 -0.093969
vn 0.007116 -0.049491 -0.086603
vn 0.018109 -0.061675 -0.076604
vn 0.031823 -0.069682 -0.064279
vn 0.046821 -0.072855 -0.050000
vn 0.061537 -0.071017 -0.034202
vn 0.000000 -0.000000 -0.100000
vn 0.000000 -0.017365 -0.098481
vn 0.004867 -0.033854 -0.093969
vn 0.014087 -0.047975 -0.086603
vn 0.026702 -0.058470 -0.076604
vn 0.041415 -0.064444 -0.064279
vn 0.056713 -0.065450 -0.050000
vn 0.071017 -0.061537 -0.034202
vn 0.002471 -0.017188 -0.098481
vn 0.000000 0.000000 -0.100000
vn 0.004892 -0.016661 -0.098481
vn 0.000000 0.000000 -0.100000
vn 0.007214 -0.015796 -0.098481
vn 0.000000 -0.000000 -0.100000
vn 0.009388 -0.014608 -0.098481
vn 0.000000 -0.000000 -0.100000
vn 0.011372 -0.013123 -0.098481
vn 0.000000 -0.000000 -0.100000
vn 0.013123 -0.011372 -0.098481
vn 0.014608 -0.009388 -0.098481
vn 0.028773 -0.018491 -0.093969
vn 0.031111 -0.014208 -0.093969
vn 0.045482 -0.020771 -0.086603
vn 0.047975 -0.014087 -0.086603
vn 0.061675 -0.018109 -0.076604
vn 0.000000 -0.000000 -0.100000
vn 0.015796 -0.007214 -0.098481
vn 0.032817 -0.009636 -0.093969
vn 0.000000 -0.000000 -0.100000
vn 0.016661 -0.004892 -0.098481
vn 0.000000 -0.000000 -0.100000
vn -0.014015 0.097478 -0.017365
vn 0.000000 0.093969 -0.034202
vn 0.012325 0.085721 -0.050000
vn 0.021582 0.073501 -0.064279
vn 0.026702 0.058470 -0.076604
vn 0.027032 0.042063 -0.086603
vn 0.022398 0.025848 -0.093969
vn 0.000000 0.098481 -0.017365
vn 0.013373 0.093013 -0.034202
vn 0.024399 0.083095 -0.050000
vn 0.031823 0.069682 -0.064279
vn 0.034752 0.054075 -0.076604
vn 0.032743 0.037787 -0.086603
vn 0.025848 0.022398 -0.093969
vn 0.014015 0.097478 -0.017365
vn 0.026474 0.090163 -0.034202
vn 0.035976 0.078776 -0.050000
vn 0.041415 0.064444 -0.064279
vn 0.042094 0.048579 -0.076604
vn 0.037787 0.032743 -0.086603
vn 0.028773 0.018491 -0.093969
vn 0.027745 0.094492 -0.017365
vn 0.039036 0.085477 -0.034202
vn 0.046821 0.072855 -0.050000
vn 0.050165 0.057894 -0.064279
vn 0.048579 0.042094 -0.076604
vn 0.042063 0.027032 -0.086603
vn 0.031111 0.014208 -0.093969
vn 0.040910 0.089581 -0.017365
vn 0.050804 0.079052 -0.034202
vn 0.056713 0.065450 -0.050000
vn 0.057894 0.050165 -0.064279
vn 0.054075 0.034752 -0.076604
vn 0.045482 0.020771 -0.086603
vn 0.032817 0.009636 -0.093969
vn 0.053243 0.082847 -0.017365
vn 0.061537 0.071017 -0.034202
vn 0.065450 0.056713 -0.050000
vn 0.064444 0.041415 -0.064279
vn 0.058470 0.026702 -0.076604
vn 0.047975 0.014087 -0.086603
vn 0.033854 0.004867 -0.093969
vn 0.054064 0.084125 -0.000000
vn 0.064491 0.074427 -0.017365
vn 0.071017 0.061537 -0.034202
vn 0.072855 0.046821 -0.050000
vn 0.069682 0.031823 -0.064279
vn 0.061675 0.018109 -0.076604
vn 0.049491 0.007116 -0.086603
vn 0.065486 0.075575 -0.000000
vn 0.074427 0.064491 -0.017365
vn 0.079052 0.050804 -0.034202
vn 0.078776 0.035976 -0.050000
vn 0.073501 0.021582 -0.064279
vn 0.063624 0.009148 -0.076604
vn 0.075575 0.065486 -0.000000
vn 0.082847 0.053243 -0.017365
vn 0.085477 0.039036 -0.034202
vn 0.083095 0.024399 -0.050000
vn 0.075825 0.010902 -0.064279
vn 0.084125 0.054064 -0.000000
vn 0.089581 0.040910 -0.017365
vn 0.090163 0.026474 -0.034202
vn 0.085721 0.012325 -0.050000
vn 0.090963 0.041542 -0.000000
vn 0.094492 0.027745 -0.017365
vn 0.093013 0.013373 -0.034202
vn 0.095949 0.028173 -0.000000
vn 0.097478 0.014015 -0.017365
vn 0.098982 0.014231 -0.000000
vn -0.009636 0.032817 -0.093969
vn -0.020771 0.045482 -0.086603
vn -0.034752 0.054075 -0.076604
vn -0.050165 0.057894 -0.064279
vn -0.065450 0.056713 -0.050000
vn -0.079052 0.050804 -0.034202
vn -0.014208 0.031111 -0.093969
vn -0.027032 0.042063 -0.086603
vn -0.042094 0.048579 -0.076604
vn -0.057894 0.050165 -0.064279
vn -0.072855 0.046821 -0.050000
vn -0.085477 0.039036 -0.034202
vn -0.018491 0.028773 -0.093969
vn -0.032743 0.037787 -0.086603
vn -0.048579 0.042094 -0.076604
vn -0.064444 0.041415 -0.064279
vn -0.078776 0.035976 -0.050000
vn -0.090163 0.026474 -0.034202
vn -0.022398 0.025848 -0.093969
vn -0.037787 0.032743 -0.086603
vn -0.054075 0.034752 -0.076604
vn -0.069682 0.031823 -0.064279
vn -0.083095 0.024399 -0.050000
vn -0.093013 0.013373 -0.034202
vn -0.025848 0.022398 -0.093969
vn -0.042063 0.027032 -0.086603
vn -0.058470 0.026702 -0.076604
vn -0.073501 0.021582 -0.064279
vn -0.085721 0.012325 -0.050000
vn -0.093969 0.000000 -0.034202
vn -0.032817 -0.009636 -0.093969
vn -0.045482 -0.020771 -0.086603
vn -0.054075 -0.034752 -0.076604
vn -0.057894 -0.050165 -0.064279
vn -0.056713 -0.065450 -0.050000
vn -0.050804 -0.079052 -0.034202
vn -0.031111 -0.014208 -0.093969
vn -0.042063 -0.027032 -0.086603
vn -0.048579 -0.042094 -0.076604
vn -0.050165 -0.057894 -0.064279
vn -0.046821 -0.072855 -0.050000
vn -0.039036 -0.085477 -0.034202
vn -0.028773 -0.018491 -0.093969
vn -0.037787 -0.032743 -0.086603
vn -0.042094 -0.048579 -0.076604
vn -0.041415 -0.064444 -0.064279
vn -0.035976 -0.078776 -0.050000
vn -0.026474 -0.090163 -0.034202
vn -0.025848 -0.022398 -0.093969
vn -0.032743 -0.037787 -0.086603
vn -0.034752 -0.054075 -0.076604
vn -0.031823 -0.069682 -0.064279
vn -0.024399 -0.083095 -0.050000
vn -0.013373 -0.093013 -0.034202
vn -0.022398 -0.025848 -0.093969
vn -0.027032 -0.042063 -0.086603
vn -0.026702 -0.058470 -0.076604
vn -0.021582 -0.073501 -0.064279
vn -0.012325 -0.085721 -0.050000
vn 0.000000 -0.093969 -0.034202
vn 0.009636 -0.032817 -0.093969
vn 0.020771 -0.045482 -0.086603
vn 0.034752 -0.054075 -0.076604
vn 0.050165 -0.057894 -0.064279
vn 0.065450 -0.056713 -0.050000
vn 0.079052 -0.050804 -0.034202
vn 0.014208 -0.031111 -0.093969
vn 0.027032 -0.042063 -0.086603
vn 0.042094 -0.048579 -0.076604
vn 0.057894 -0.050165 -0.064279
vn 0.072855 -0.046821 -0.050000
vn 0.085477 -0.039036 -0.034202
vn 0.018491 -0.028773 -0.093969
vn 0.032743 -0.037787 -0.086603
vn 0.048579 -0.042094 -0.076604
vn 0.064444 -0.041415 -0.064279
vn 0.078776 -0.035976 -0.050000
vn 0.090163 -0.026474 -0.034202
vn 0.022398 -0.025848 -0.093969
vn 0.037787 -0.032743 -0.086603
vn 0.054075 -0.034752 -0.076604
vn 0.069682 -0.031823 -0.064279
vn 0.083095 -0.024399 -0.050000
vn 0.025848 -0.022398 -0.093969
vn 0.042063 -0.027032 -0.086603
vn 0.058470 -0.026702 -0.076604
vn 0.073501 -0.021582 -0.064279
vn 0.000000 0.000000 -0.100000
vn 0.000000 0.000000 -0.100000
vn 0.000000 0.000000 -0.100000
vn 0.000000 0.000000 -0.100000
vn 0.000000 0.000000 -0.100000
vn 0.000000 0.000000 -0.100000
vn 0.000000 0.000000 -0.100000
vn 0.000000 0.000000 -0.100000
vn 0.000000 0.000000 -0.100000
vn 0.000000 0.000000 -0.100000
vn 0.000000 0.000000 -0.100000
vn 0.000000 0.000000 -0.100000
vn 0.000000 0.000000 -0.100000
vn 0.000000 0.000000 -0.100000
vn 0.000000 0.000000 -0.100000
vn 0.000000 0.000000 -0.100000
vn 0.000000 0.000000 -0.100000
vn 0.000000 0.000000 -0.100000
vn 0.000000 0.000000 -0.100000
vn 0.000000 0.000000 -0.100000
vn 0.000000 0.000000 -0.100000
vn 0.000000 0.000000 -0.100000
vn 0.000000 0.000000 -0.100000
vn 0.000000 0.000000 -0.100000
vn 0.000000 0.000000 -0.100000
vn 0.000000 0.000000 -0.100000
vn 0.000000 0.000000 -0.100000
vn 0.000000 0.000000 -0.100000
vn 0.000000 0.000000 -0.100000
vn 0.000000 0.000000 -0.100000
vn 0.000000 0.000000 -0.100000
vn 0.000000 0.000000 -0.100000
vn 0.000000 0.000000 -0.100000
vn 0.000000 0.000000 -0.100000
vn 0.000000 0.000000 -0.100000
vn -0.100000 0.000000 -0.000000
vn -0.100000 0.000000 -0.000000
vn -0.100000 0.000000 -0.000000
vn -0.100000 0.000000 -0.000000
vn 0.000000 0.000000 0.100000
vn 0.000000 0.000000 0.100000
vn 0.000000 0.000000 0.100000
vn 0.000000 0.000000 0.100000
vn 0.095783 0.000000 -0.028735
vn 0.095783 0.000000 -0.028735
vn 0.095783 0.000000 -0.028735
vn 0.095783 0.000000 -0.028735
vn 0.083205 0.000000 -0.055470
vn 0.083205 0.000000 -0.055470
vn 0.083205 0.000000 -0.055470
vn 0.083205 0.000000 -0.055470
vn -0.100000 0.000000 0.000000
vn -0.100000 0.000000 0.000000
vn -0.100000 0.000000 0.000000
vn -0.100000 0.000000 0.000000
vn 0.000000 0.000000 0.100000
vn 0.000000 0.000000 0.100000
vn 0.000000 0.000000 0.100000
vn 0.000000 0.000000 0.100000
vn -0.095783 0.000000 -0.028735
vn -0.095783 0.000000 -0.028735
vn -0.095783 0.000000 -0.028735
vn -0.095783 0.000000 -0.028735
vn -0.083205 0.000000 -0.055470
vn -0.083205 0.000000 -0.055470
vn -0.083205 0.000000 -0.055470
vn -0.083205 0.000000 -0.055470
usemtl Opaque(246,246,243)
f 2/1/1 3/2/2 1/3/3
f 1/3/3 3/2/2 4/4/4
f 1/3/3 4/4/4 5/5/5
f 5/5/5 6/6/6 1/3/3
f 1/3/3 6/6/6 7/7/7
f 1/3/3 7/7/7 8/8/8
f 9/9/9 14/10/10 8/8/8
f 8/8/8 14/10/10 15/11/11
f 8/8/8 15/11/11 1/3/3
f 1/3/3 15/11/11 22/12/12
f 22/12/12 15/11/11 16/13/13
f 22/12/12 16/13/13 17/14/14
f 14/10/10 9/9/9 13/15/15
f 13/15/15 9/9/9 10/16/16
f 13/15/15 10/16/16 11/17/17
f 11/17/17 12/18/18 13/15/15
f 17/14/14 18/19/19 22/12/12
f 22/12/12 18/19/19 19/20/20
f 22/12/12 19/20/20 20/21/21
f 20/21/21 21/22/22 22/12/12
f 44/23/23 23/24/24 42/25/25
f 42/25/25 23/24/24 24/26/26
f 42/25/25 24/26/26 41/27/27
f 41/27/27 24/26/26 25/28/28
f 41/27/27 25/28/28 40/29/29
f 40/29/29 25/28/28 26/30/30
f 40/29/29 26/30/30 39/31/31
f 39/31/31 26/30/30 32/32/32
f 39/31/31 32/32/32 33/33/33
f 26/30/30 27/34/34 32/32/32
f 32/32/32 27/34/34 28/35/35
f 32/32/32 28/35/35 29/36/36
f 29/36/36 30/37/37 32/32/32
f 32/32/32 30/37/37 31/38/38
f 34/39/39 35/40/40 33/33/33
f 33/33/33 35/40/40 36/41/41
f 33/33/33 36/41/41 37/42/42
f 37/42/42 38/43/43 33/33/33
f 33/33/33 38/43/43 39/31/31
f 42/25/25 43/44/44 44/23/23
f 54/45/45 22/46/46 55/47/47
f 55/47/47 22/46/46 21/48/48
f 55/47/47 21/48/48 56/49/49
f 56/49/49 21/48/48 20/50/50
f 56/49/49 20/50/50 57/51/51
f 57/51/51 20/50/50 19/52/52
f 57/51/51 19/52/52 58/53/53
f 58/53/53 19/52/52 18/54/54
f 58/53/53 18/54/54 59/55/55
f 59/55/55 18/54/54 17/56/56
f 59/55/55 17/56/56 60/57/57
f 60/57/57 17/56/56 16/58/58
f 60/57/57 16/58/58 61/59/59
f 61/59/59 16/58/58 15/60/60
f 61/59/59 15/60/60 62/61/61
f 62/61/61 15/60/60 14/62/62
f 62/61/61 14/62/62 13/63/63
f 13/63/63 45/64/64 62/61/61
f 62/61/61 45/64/64 46/65/65
f 62/61/61 46/65/65 61/59/59
f 61/59/59 46/65/65 47/66/66
f 61/59/59 47/66/66 60/57/57
f 60/57/57 47/66/66 48/67/67
f 60/57/57 48/67/67 59/55/55
f 59/55/55 48/67/67 49/68/68
f 59/55/55 49/68/68 58/53/53
f 58/53/53 49/68/68 50/69/69
f 58/53/53 50/69/69 57/51/51
f 57/51/51 50/69/69 51/70/70
f 57/51/51 51/70/70 56/49/49
f 56/49/49 51/70/70 52/71/71
f 56/49/49 52/71/71 55/47/47
f 55/47/47 52/71/71 53/72/72
f 55/47/47 53/72/72 54/45/45
f 13/73/63 12/74/73 45/75/64
f 45/75/64 12/74/73 69/76/74
f 45/75/64 69/76/74 71/77/75
f 71/77/75 69/76/74 70/78/76
f 69/76/74 12/74/73 68/79/77
f 68/79/77 12/74/73 63/80/78
f 68/79/77 63/80/78 67/81/79
f 67/81/79 63/80/78 66/82/80
f 66/82/80 63/80/78 65/83/81
f 65/83/81 63/80/78 64/84/82
f 43/85/83 77/86/84 72/87/85
f 72/87/85 77/86/84 78/88/86
f 72/87/85 78/88/86 79/89/87
f 42/90/88 73/91/89 43/85/83
f 43/85/83 73/91/89 76/92/90
f 43/85/83 76/92/90 77/86/84
f 73/91/89 74/93/91 76/92/90
f 76/92/90 74/93/91 75/94/92
f 79/89/87 80/95/93 72/87/85
f 72/87/85 80/95/93 81/96/94
f 73/97/89 42/98/88 91/99/95
f 91/99/95 42/98/88 41/100/96
f 91/99/95 41/100/96 92/101/97
f 92/101/97 41/100/96 40/102/98
f 92/101/97 40/102/98 93/103/99
f 93/103/99 40/102/98 39/104/100
f 93/103/99 39/104/100 94/105/101
f 94/105/101 39/104/100 38/106/102
f 94/105/101 38/106/102 95/107/103
f 95/107/103 38/106/102 37/108/104
f 95/107/103 37/108/104 96/109/105
f 96/109/105 37/108/104 36/110/106
f 96/109/105 36/110/106 97/111/107
f 97/111/107 36/110/106 35/112/108
f 97/111/107 35/112/108 98/113/109
f 98/113/109 35/112/108 34/114/110
f 98/113/109 34/114/110 33/115/111
f 33/115/111 82/116/112 98/113/109
f 98/113/109 82/116/112 83/117/113
f 98/113/109 83/117/113 97/111/107
f 97/111/107 83/117/113 84/118/114
f 97/111/107 84/118/114 96/109/105
f 96/109/105 84/118/114 85/119/115
f 96/109/105 85/119/115 95/107/103
f 95/107/103 85/119/115 86/120/116
f 95/107/103 86/120/116 94/105/101
f 94/105/101 86/120/116 87/121/117
f 94/105/101 87/121/117 93/103/99
f 93/103/99 87/121/117 88/122/118
f 93/103/99 88/122/118 92/101/97
f 92/101/97 88/122/118 89/123/119
f 92/101/97 89/123/119 91/99/95
f 91/99/95 89/123/119 90/124/120
f 91/99/95 90/124/120 73/97/89
f 10/125/121 99/126/122 11/127/123
f 11/127/123 99/126/122 100/128/124
f 11/127/123 100/128/124 106/129/125
f 106/129/125 100/128/124 102/130/126
f 106/129/125 102/130/126 103/131/127
f 100/128/124 101/132/128 102/130/126
f 103/131/127 104/133/129 106/129/125
f 106/129/125 104/133/129 105/134/130
f 9/135/131 123/136/132 10/137/121
f 10/137/121 123/136/132 122/138/133
f 10/137/121 122/138/133 99/139/122
f 123/136/132 9/135/131 124/140/134
f 124/140/134 9/135/131 8/141/135
f 124/140/134 8/141/135 125/142/136
f 125/142/136 8/141/135 7/143/137
f 125/142/136 7/143/137 126/144/138
f 126/144/138 7/143/137 6/145/139
f 126/144/138 6/145/139 127/146/140
f 127/146/140 6/145/139 5/147/141
f 127/146/140 5/147/141 128/148/142
f 128/148/142 5/147/141 4/149/143
f 128/148/142 4/149/143 129/150/144
f 129/150/144 4/149/143 3/151/145
f 129/150/144 3/151/145 130/152/146
f 130/152/146 3/151/145 2/153/147
f 130/152/146 2/153/147 1/154/148
f 1/154/148 107/155/149 130/152/146
f 130/152/146 107/155/149 108/156/150
f 130/152/146 108/156/150 109/157/151
f 130/152/146 109/157/151 129/150/144
f 129/150/144 109/157/151 110/158/152
f 129/150/144 110/158/152 111/159/153
f 129/150/144 111/159/153 128/148/142
f 128/148/142 111/159/153 112/160/154
f 128/148/142 112/160/154 113/161/155
f 128/148/142 113/161/155 127/146/140
f 127/146/140 113/161/155 114/162/156
f 127/146/140 114/162/156 115/163/157
f 127/146/140 115/163/157 126/144/138
f 126/144/138 115/163/157 116/164/158
f 126/144/138 116/164/158 117/165/159
f 126/144/138 117/165/159 125/142/136
f 125/142/136 117/165/159 118/166/160
f 125/142/136 118/166/160 124/140/134
f 124/140/134 118/166/160 119/167/161
f 124/140/134 119/167/161 120/168/162
f 124/140/134 120/168/162 123/136/132
f 123/136/132 120/168/162 121/169/163
f 123/136/132 121/169/163 122/138/133
f 32/170/164 131/171/165 33/172/111
f 33/172/111 131/171/165 82/173/112
f 82/173/112 131/171/165 142/174/166
f 142/174/166 131/171/165 132/175/167
f 142/174/166 132/175/167 133/176/168
f 142/174/166 133/176/168 141/177/169
f 141/177/169 133/176/168 134/178/170
f 141/177/169 134/178/170 135/179/171
f 135/179/171 136/180/172 141/177/169
f 141/177/169 136/180/172 137/181/173
f 141/177/169 137/181/173 138/182/174
f 138/182/174 139/183/175 141/177/169
f 141/177/169 139/183/175 140/184/176
f 31/185/177 159/186/178 32/187/164
f 32/187/164 159/186/178 158/188/179
f 32/187/164 158/188/179 131/189/165
f 159/186/178 31/185/177 160/190/180
f 160/190/180 31/185/177 30/191/181
f 160/190/180 30/191/181 161/192/182
f 161/192/182 30/191/181 29/193/183
f 161/192/182 29/193/183 162/194/184
f 162/194/184 29/193/183 28/195/185
f 162/194/184 28/195/185 163/196/186
f 163/196/186 28/195/185 27/197/187
f 163/196/186 27/197/187 164/198/188
f 164/198/188 27/197/187 26/199/189
f 164/198/188 26/199/189 165/200/190
f 165/200/190 26/199/189 25/201/191
f 165/200/190 25/201/191 166/202/192
f 166/202/192 25/201/191 24/203/193
f 166/202/192 24/203/193 23/204/194
f 23/204/194 143/205/195 166/202/192
f 166/202/192 143/205/195 144/206/196
f 166/202/192 144/206/196 145/207/197
f 145/207/197 146/208/198 166/202/192
f 166/202/192 146/208/198 165/200/190
f 146/208/198 147/209/199 165/200/190
f 165/200/190 147/209/199 148/210/200
f 165/200/190 148/210/200 164/198/188
f 164/198/188 148/210/200 149/211/201
f 164/198/188 149/211/201 163/196/186
f 163/196/186 149/211/201 150/212/202
f 163/196/186 150/212/202 151/213/203
f 163/196/186 151/213/203 162/194/184
f 162/194/184 151/213/203 152/214/204
f 162/194/184 152/214/204 153/215/205
f 162/194/184 153/215/205 161/192/182
f 161/192/182 153/215/205 154/216/206
f 161/192/182 154/216/206 155/217/207
f 161/192/182 155/217/207 160/190/180
f 160/190/180 155/217/207 156/218/208
f 160/190/180 156/218/208 157/219/209
f 160/190/180 157/219/209 159/186/178
f 159/186/178 157/219/209 158/188/179
f 11/220/210 106/221/211 12/222/212
f 12/222/212 106/221/211 63/223/213
f 142/224/214 167/225/215 170/226/216
f 170/226/216 167/225/215 169/227/217
f 169/227/217 167/225/215 168/228/218
f 171/229/219 172/230/220 174/231/221
f 174/231/221 172/230/220 173/232/222
f 174/233/223 173/234/224 191/235/225
f 191/235/225 173/234/224 175/236/226
f 191/235/225 175/236/226 190/237/227
f 190/237/227 175/236/226 176/238/228
f 190/237/227 176/238/228 189/239/229
f 189/239/229 176/238/228 177/240/230
f 189/239/229 177/240/230 188/241/231
f 188/241/231 177/240/230 178/242/232
f 188/241/231 178/242/232 187/243/233
f 187/243/233 178/242/232 179/244/234
f 187/243/233 179/244/234 186/245/235
f 186/245/235 179/244/234 180/246/236
f 186/245/235 180/246/236 185/247/237
f 185/247/237 180/246/236 181/248/238
f 185/247/237 181/248/238 184/249/239
f 184/249/239 181/248/238 182/250/240
f 184/249/239 182/250/240 183/251/241
f 183/251/241 182/250/240 74/252/242
f 172/253/243 171/254/244 201/255/245
f 201/255/245 171/254/244 192/256/246
f 201/255/245 192/256/246 200/257/247
f 200/257/247 192/256/246 193/258/248
f 200/257/247 193/258/248 199/259/249
f 199/259/249 193/258/248 194/260/250
f 199/259/249 194/260/250 198/261/251
f 198/261/251 194/260/250 195/262/252
f 198/261/251 195/262/252 197/263/253
f 197/263/253 195/262/252 196/264/254
f 183/265/255 74/266/256 202/267/257
f 202/267/257 74/266/256 73/268/258
f 204/269/259 197/270/260 203/271/261
f 203/271/261 197/270/260 196/272/262
f 202/273/263 73/274/264 213/275/265
f 213/275/265 73/274/264 90/276/266
f 213/275/265 90/276/266 212/277/267
f 212/277/267 90/276/266 89/278/268
f 212/277/267 89/278/268 211/279/269
f 211/279/269 89/278/268 88/280/270
f 211/279/269 88/280/270 210/281/271
f 210/281/271 88/280/270 87/282/272
f 210/281/271 87/282/272 209/283/273
f 209/283/273 87/282/272 86/284/274
f 209/283/273 86/284/274 208/285/275
f 208/285/275 86/284/274 85/286/276
f 208/285/275 85/286/276 207/287/277
f 207/287/277 85/286/276 84/288/278
f 207/287/277 84/288/278 206/289/279
f 206/289/279 84/288/278 83/290/280
f 206/289/279 83/290/280 205/291/281
f 205/291/281 83/290/280 82/292/282
f 204/293/283 203/294/284 227/295/285
f 227/295/285 203/294/284 214/296/286
f 227/295/285 214/296/286 226/297/287
f 226/297/287 214/296/286 215/298/288
f 226/297/287 215/298/288 225/299/289
f 225/299/289 215/298/288 216/300/290
f 225/299/289 216/300/290 224/301/291
f 224/301/291 216/300/290 217/302/292
f 224/301/291 217/302/292 223/303/293
f 223/303/293 217/302/292 218/304/294
f 223/303/293 218/304/294 222/305/295
f 222/305/295 218/304/294 219/306/296
f 222/305/295 219/306/296 221/307/297
f 221/307/297 219/306/296 220/308/298
f 205/309/299 82/310/300 170/311/301
f 170/311/301 82/310/300 142/312/302
f 221/313/303 220/314/304 240/315/305
f 240/315/305 220/314/304 228/316/306
f 240/315/305 228/316/306 239/317/307
f 239/317/307 228/316/306 229/318/308
f 239/317/307 229/318/308 238/319/309
f 238/319/309 229/318/308 230/320/310
f 238/319/309 230/320/310 237/321/311
f 237/321/311 230/320/310 231/322/312
f 237/321/311 231/322/312 236/323/313
f 236/323/313 231/322/312 232/324/314
f 236/323/313 232/324/314 235/325/315
f 235/325/315 232/324/314 233/326/316
f 235/325/315 233/326/316 234/327/317
f 234/328/318 233/329/319 254/330/320
f 254/330/320 233/329/319 241/331/321
f 254/330/320 241/331/321 253/332/322
f 253/332/322 241/331/321 242/333/323
f 253/332/322 242/333/323 252/334/324
f 252/334/324 242/333/323 243/335/325
f 252/334/324 243/335/325 251/336/326
f 251/336/326 243/335/325 244/337/327
f 251/336/326 244/337/327 250/338/328
f 250/338/328 244/337/327 245/339/329
f 250/338/328 245/339/329 249/340/330
f 249/340/330 245/339/329 246/341/331
f 249/340/330 246/341/331 248/342/332
f 248/342/332 246/341/331 247/343/333
f 169/344/334 168/345/335 262/346/336
f 262/346/336 168/345/335 255/347/337
f 262/346/336 255/347/337 256/348/338
f 257/349/339 260/350/340 256/348/338
f 256/348/338 260/350/340 261/351/341
f 256/348/338 261/351/341 262/346/336
f 258/352/342 259/353/343 257/349/339
f 257/349/339 259/353/343 260/350/340
f 263/354/344 264/355/345 247/356/346
f 247/356/346 264/355/345 248/357/347
f 266/358/348 267/359/349 265/360/350
f 265/360/350 267/359/349 268/361/351
f 268/361/351 267/359/349 259/362/352
f 268/361/351 259/362/352 258/363/353
f 264/364/354 263/365/355 278/366/356
f 278/366/356 263/365/355 269/367/357
f 278/366/356 269/367/357 277/368/358
f 277/368/358 269/367/357 270/369/359
f 277/368/358 270/369/359 276/370/360
f 276/370/360 270/369/359 271/371/361
f 276/370/360 271/371/361 275/372/362
f 275/372/362 271/371/361 272/373/363
f 275/372/362 272/373/363 274/374/364
f 274/374/364 272/373/363 273/375/365
f 288/376/366 279/377/367 287/378/368
f 287/378/368 279/377/367 280/379/369
f 287/378/368 280/379/369 286/380/370
f 286/380/370 280/379/369 281/381/371
f 286/380/370 281/381/371 285/382/372
f 285/382/372 281/381/371 282/383/373
f 285/382/372 282/383/373 284/384/374
f 284/384/374 282/383/373 283/385/375
f 284/384/374 283/385/375 265/386/376
f 265/386/376 283/385/375 266/387/377
f 274/388/378 273/389/379 290/390/380
f 290/390/380 273/389/379 289/391/381
f 291/392/382 292/393/383 288/394/384
f 288/394/384 292/393/383 279/395/385
f 293/396/386 71/397/387 309/398/388
f 309/398/388 71/397/387 294/399/389
f 309/398/388 294/399/389 308/400/390
f 308/400/390 294/399/389 295/401/391
f 308/400/390 295/401/391 307/402/392
f 307/402/392 295/401/391 296/403/393
f 307/402/392 296/403/393 306/404/394
f 306/404/394 296/403/393 297/405/395
f 306/404/394 297/405/395 305/406/396
f 305/406/396 297/405/395 298/407/397
f 305/406/396 298/407/397 304/408/398
f 304/408/398 298/407/397 299/409/399
f 304/408/398 299/409/399 303/410/400
f 303/410/400 299/409/399 300/411/401
f 303/410/400 300/411/401 302/412/402
f 302/412/402 300/411/401 301/413/403
f 302/412/402 301/413/403 289/414/404
f 289/414/404 301/413/403 290/415/405
f 292/416/406 291/417/407 331/418/408
f 331/418/408 291/417/407 310/419/409
f 331/418/408 310/419/409 330/420/410
f 330/420/410 310/419/409 311/421/411
f 330/420/410 311/421/411 329/422/412
f 329/422/412 311/421/411 312/423/413
f 329/422/412 312/423/413 328/424/414
f 328/424/414 312/423/413 313/425/415
f 328/424/414 313/425/415 327/426/416
f 327/426/416 313/425/415 314/427/417
f 327/426/416 314/427/417 326/428/418
f 326/428/418 314/427/417 315/429/419
f 326/428/418 315/429/419 325/430/420
f 325/430/420 315/429/419 316/431/421
f 325/430/420 316/431/421 324/432/422
f 324/432/422 316/431/421 317/433/423
f 324/432/422 317/433/423 323/434/424
f 323/434/424 317/433/423 318/435/425
f 323/434/424 318/435/425 322/436/426
f 322/436/426 318/435/425 319/437/427
f 322/436/426 319/437/427 321/438/428
f 321/438/428 319/437/427 320/439/429
f 71/440/430 293/441/431 45/442/432
f 45/442/432 293/441/431 332/443/433
f 333/444/434 334/445/435 320/446/436
f 320/446/436 334/445/435 321/447/437
f 335/448/438 54/449/439 343/450/440
f 343/450/440 54/449/439 53/451/441
f 343/450/440 53/451/441 342/452/442
f 342/452/442 53/451/441 52/453/443
f 342/452/442 52/453/443 341/454/444
f 341/454/444 52/453/443 51/455/445
f 341/454/444 51/455/445 340/456/446
f 340/456/446 51/455/445 50/457/447
f 340/456/446 50/457/447 339/458/448
f 339/458/448 50/457/447 49/459/449
f 339/458/448 49/459/449 338/460/450
f 338/460/450 49/459/449 48/461/451
f 338/460/450 48/461/451 337/462/452
f 337/462/452 48/461/451 47/463/453
f 337/462/452 47/463/453 336/464/454
f 336/464/454 47/463/453 46/465/455
f 336/464/454 46/465/455 332/466/456
f 332/466/456 46/465/455 45/467/457
f 334/468/458 333/469/459 365/470/460
f 365/470/460 333/469/459 344/471/461
f 365/470/460 344/471/461 364/472/462
f 364/472/462 344/471/461 345/473/463
f 364/472/462 345/473/463 363/474/464
f 363/474/464 345/473/463 346/475/465
f 363/474/464 346/475/465 362/476/466
f 362/476/466 346/475/465 347/477/467
f 362/476/466 347/477/467 361/478/468
f 361/478/468 347/477/467 348/479/469
f 361/478/468 348/479/469 360/480/470
f 360/480/470 348/479/469 349/481/471
f 360/480/470 349/481/471 359/482/472
f 359/482/472 349/481/471 350/483/473
f 359/482/472 350/483/473 358/484/474
f 358/484/474 350/483/473 351/485/475
f 358/484/474 351/485/475 357/486/476
f 357/486/476 351/485/475 352/487/477
f 357/486/476 352/487/477 356/488/478
f 356/488/478 352/487/477 353/489/479
f 356/488/478 353/489/479 355/490/480
f 355/490/480 353/489/479 354/491/481
f 366/492/482 54/493/483 367/494/484
f 367/494/484 54/493/483 335/495/485
f 368/496/486 369/497/487 354/498/488
f 354/498/488 369/497/487 355/499/489
f 366/500/490 367/501/491 372/502/492
f 372/502/492 367/501/491 370/503/493
f 372/502/492 370/503/493 371/504/494
f 382/505/495 373/506/496 381/507/497
f 381/507/497 373/506/496 374/508/498
f 381/507/497 374/508/498 380/509/499
f 380/509/499 374/508/498 375/510/500
f 380/509/499 375/510/500 379/511/501
f 379/511/501 375/510/500 376/512/502
f 379/511/501 376/512/502 378/513/503
f 378/513/503 376/512/502 377/514/504
f 378/513/503 377/514/504 368/515/505
f 368/515/505 377/514/504 369/516/506
f 384/517/507 385/518/508 383/519/509
f 383/519/509 385/518/508 390/520/510
f 390/520/510 385/518/508 386/521/511
f 390/520/510 386/521/511 389/522/512
f 389/522/512 386/521/511 387/523/513
f 389/522/512 387/523/513 388/524/514
f 388/524/514 387/523/513 370/525/515
f 370/525/515 387/523/513 371/526/516
f 384/527/517 383/528/518 392/529/519
f 392/529/519 383/528/518 391/530/520
f 392/529/519 391/530/520 382/531/521
f 382/531/521 391/530/520 373/532/522
f 75/533/92 74/534/91 408/535/523
f 408/535/523 74/534/91 182/536/524
f 408/535/523 182/536/524 407/537/525
f 407/537/525 182/536/524 406/538/526
f 406/538/526 182/536/524 181/539/527
f 406/538/526 181/539/527 405/540/528
f 405/540/528 181/539/527 404/541/529
f 404/541/529 181/539/527 180/542/530
f 404/541/529 180/542/530 403/543/531
f 403/543/531 180/542/530 179/544/532
f 403/543/531 179/544/532 402/545/533
f 402/545/533 179/544/532 401/546/534
f 401/546/534 179/544/532 178/547/535
f 401/546/534 178/547/535 400/548/536
f 400/548/536 178/547/535 399/549/537
f 399/549/537 178/547/535 177/550/538
f 399/549/537 177/550/538 398/551/539
f 398/551/539 177/550/538 397/552/540
f 397/552/540 177/550/538 176/553/541
f 397/552/540 176/553/541 396/554/542
f 396/554/542 176/553/541 175/555/543
f 396/554/542 175/555/543 395/556/544
f 395/556/544 175/555/543 394/557/545
f 394/557/545 175/555/543 173/558/546
f 394/557/545 173/558/546 393/559/547
f 393/560/547 173/561/546 410/562/548
f 410/562/548 173/561/546 172/563/549
f 410/562/548 172/563/549 409/564/550
f 409/565/550 172/566/549 415/567/551
f 415/567/551 172/566/549 201/568/552
f 415/567/551 201/568/552 414/569/553
f 414/569/553 201/568/552 200/570/554
f 414/569/553 200/570/554 413/571/555
f 413/571/555 200/570/554 199/572/556
f 413/571/555 199/572/556 412/573/557
f 412/573/557 199/572/556 198/574/558
f 412/573/557 198/574/558 411/575/559
f 411/575/559 198/574/558 197/576/560
f 197/577/561 204/578/562 411/579/563
f 411/579/563 204/578/562 416/580/564
f 416/581/565 204/582/566 423/583/567
f 423/583/567 204/582/566 227/584/568
f 423/583/567 227/584/568 422/585/569
f 422/585/569 227/584/568 226/586/570
f 422/585/569 226/586/570 421/587/571
f 421/587/571 226/586/570 225/588/572
f 421/587/571 225/588/572 420/589/573
f 420/589/573 225/588/572 224/590/574
f 420/589/573 224/590/574 419/591/575
f 419/591/575 224/590/574 223/592/576
f 419/591/575 223/592/576 418/593/577
f 418/593/577 223/592/576 222/594/578
f 418/593/577 222/594/578 417/595/579
f 417/595/579 222/594/578 221/596/580
f 425/597/581 469/598/582 424/599/583
f 424/599/583 469/598/582 470/600/584
f 424/599/583 470/600/584 234/601/585
f 234/601/585 470/600/584 235/602/586
f 235/602/586 470/600/584 471/603/587
f 235/602/586 471/603/587 236/604/588
f 236/604/588 471/603/587 472/605/589
f 236/604/588 472/605/589 237/606/590
f 237/606/590 472/605/589 473/607/591
f 237/606/590 473/607/591 238/608/592
f 238/608/592 473/607/591 474/609/593
f 238/608/592 474/609/593 239/610/594
f 239/610/594 474/609/593 475/611/595
f 239/610/594 475/611/595 240/612/596
f 240/612/596 475/611/595 476/613/597
f 240/612/596 476/613/597 221/614/598
f 221/614/598 476/613/597 417/615/599
f 417/615/599 476/613/597 477/616/600
f 417/615/599 477/616/600 461/617/601
f 461/617/601 477/616/600 478/618/602
f 461/617/601 478/618/602 460/619/603
f 460/619/603 478/618/602 479/620/604
f 460/619/603 479/620/604 459/621/605
f 459/621/605 479/620/604 480/622/606
f 459/621/605 480/622/606 458/623/607
f 458/623/607 480/622/606 481/624/608
f 458/623/607 481/624/608 457/625/609
f 457/625/609 481/624/608 482/626/610
f 457/625/609 482/626/610 456/627/611
f 456/627/611 482/626/610 483/628/612
f 456/627/611 483/628/612 455/629/613
f 455/629/613 483/628/612 484/630/614
f 455/629/613 484/630/614 454/631/615
f 454/631/615 484/630/614 485/632/616
f 454/631/615 485/632/616 453/633/617
f 453/633/617 485/632/616 486/634/618
f 453/633/617 486/634/618 452/635/619
f 452/635/619 486/634/618 487/636/620
f 452/635/619 487/636/620 451/637/621
f 451/637/621 487/636/620 488/638/622
f 451/637/621 488/638/622 450/639/623
f 450/639/623 488/638/622 489/640/624
f 450/639/623 489/640/624 449/641/625
f 449/641/625 489/640/624 490/642/626
f 449/641/625 490/642/626 448/643/627
f 448/643/627 490/642/626 491/644/628
f 448/643/627 491/644/628 447/645/629
f 447/645/629 491/644/628 492/646/630
f 447/645/629 492/646/630 446/647/631
f 446/647/631 492/646/630 493/648/632
f 446/647/631 493/648/632 445/649/633
f 445/649/633 493/648/632 494/650/634
f 445/649/633 494/650/634 444/651/635
f 444/651/635 494/650/634 495/652/636
f 444/651/635 495/652/636 443/653/637
f 443/653/637 495/652/636 442/654/638
f 442/654/638 495/652/636 496/655/639
f 442/654/638 496/655/639 441/656/640
f 441/656/640 496/655/639 497/657/641
f 441/656/640 497/657/641 440/658/642
f 440/658/642 497/657/641 498/659/643
f 440/658/642 498/659/643 439/660/644
f 439/660/644 498/659/643 499/661/645
f 439/660/644 499/661/645 438/662/646
f 438/662/646 499/661/645 500/663/647
f 438/662/646 500/663/647 437/664/648
f 437/664/648 500/663/647 501/665/649
f 437/664/648 501/665/649 436/666/650
f 436/666/650 501/665/649 502/667/651
f 436/666/650 502/667/651 435/668/652
f 435/668/652 502/667/651 503/669/653
f 435/668/652 503/669/653 434/670/654
f 434/670/654 503/669/653 504/671/655
f 434/670/654 504/671/655 433/672/656
f 433/672/656 504/671/655 505/673/657
f 433/672/656 505/673/657 432/674/658
f 432/674/658 505/673/657 462/675/659
f 432/674/658 462/675/659 431/676/660
f 431/677/660 462/678/659 463/679/661
f 431/677/660 463/679/661 430/680/662
f 430/680/662 463/679/661 464/681/663
f 430/680/662 464/681/663 429/682/664
f 429/682/664 464/681/663 465/683/665
f 429/682/664 465/683/665 428/684/666
f 428/684/666 465/683/665 466/685/667
f 428/684/666 466/685/667 427/686/668
f 427/686/668 466/685/667 467/687/669
f 427/686/668 467/687/669 426/688/670
f 426/688/670 467/687/669 468/689/671
f 426/688/670 468/689/671 425/597/581
f 425/597/581 468/689/671 469/598/582
f 424/690/672 234/691/673 512/692/674
f 512/692/674 234/691/673 254/693/675
f 512/692/674 254/693/675 511/694/676
f 511/694/676 254/693/675 253/695/677
f 511/694/676 253/695/677 510/696/678
f 510/696/678 253/695/677 252/697/679
f 510/696/678 252/697/679 509/698/680
f 509/698/680 252/697/679 251/699/681
f 509/698/680 251/699/681 508/700/682
f 508/700/682 251/699/681 250/701/683
f 508/700/682 250/701/683 507/702/684
f 507/702/684 250/701/683 249/703/685
f 507/702/684 249/703/685 506/704/686
f 506/704/686 249/703/685 248/705/687
f 248/706/688 264/707/689 506/708/690
f 506/708/690 264/707/689 513/709/691
f 513/710/692 264/711/693 518/712/694
f 518/712/694 264/711/693 278/713/695
f 518/712/694 278/713/695 517/714/696
f 517/714/696 278/713/695 277/715/697
f 517/714/696 277/715/697 516/716/698
f 516/716/698 277/715/697 276/717/699
f 516/716/698 276/717/699 515/718/700
f 515/718/700 276/717/699 275/719/701
f 515/718/700 275/719/701 514/720/702
f 514/720/702 275/719/701 274/721/703
f 514/722/702 274/723/703 520/724/704
f 520/724/704 274/723/703 290/725/705
f 520/724/704 290/725/705 519/726/706
f 519/727/706 290/728/705 535/729/707
f 535/729/707 290/728/705 301/730/708
f 535/729/707 301/730/708 534/731/709
f 534/731/709 301/730/708 533/732/710
f 533/732/710 301/730/708 300/733/711
f 533/732/710 300/733/711 532/734/712
f 532/734/712 300/733/711 299/735/713
f 532/734/712 299/735/713 531/736/714
f 531/736/714 299/735/713 530/737/715
f 530/737/715 299/735/713 298/738/716
f 530/737/715 298/738/716 529/739/717
f 529/739/717 298/738/716 528/740/718
f 528/740/718 298/738/716 297/741/719
f 528/740/718 297/741/719 527/742/720
f 527/742/720 297/741/719 526/743/721
f 526/743/721 297/741/719 296/744/722
f 526/743/721 296/744/722 525/745/723
f 525/745/723 296/744/722 524/746/724
f 524/746/724 296/744/722 295/747/725
f 524/746/724 295/747/725 523/748/726
f 523/748/726 295/747/725 294/749/727
f 523/748/726 294/749/727 522/750/728
f 522/750/728 294/749/727 521/751/729
f 521/751/729 294/749/727 71/752/75
f 521/751/729 71/752/75 70/753/76
f 1/754/148 22/755/46 107/756/149
f 107/756/149 22/755/46 54/757/45
f 107/756/149 54/757/45 366/758/730
f 536/759/731 544/760/732 366/758/730
f 366/758/730 544/760/732 545/761/733
f 366/758/730 545/761/733 107/756/149
f 537/762/734 538/763/735 536/759/731
f 536/759/731 538/763/735 539/764/736
f 536/759/731 539/764/736 540/765/737
f 540/765/737 541/766/738 536/759/731
f 536/759/731 541/766/738 542/767/739
f 536/759/731 542/767/739 543/768/740
f 543/768/740 544/760/732 536/759/731
f 366/769/741 372/770/742 536/771/743
f 174/772/744 170/773/745 171/774/746
f 171/774/746 170/773/745 169/775/747
f 171/774/746 169/775/747 192/776/748
f 192/776/748 169/775/747 193/777/749
f 193/777/749 169/775/747 194/778/750
f 194/778/750 169/775/747 262/779/751
f 194/778/750 262/779/751 261/780/752
f 191/781/753 183/782/754 174/772/744
f 174/772/744 183/782/754 205/783/755
f 174/772/744 205/783/755 170/773/745
f 191/781/753 190/784/756 183/782/754
f 183/782/754 190/784/756 189/785/757
f 183/782/754 189/785/757 188/786/758
f 188/786/758 187/787/759 183/782/754
f 183/782/754 187/787/759 186/788/760
f 183/782/754 186/788/760 185/789/761
f 185/789/761 184/790/762 183/782/754
f 183/782/754 202/791/763 205/783/755
f 205/783/755 202/791/763 206/792/764
f 206/792/764 202/791/763 207/793/765
f 207/793/765 202/791/763 208/794/766
f 208/794/766 202/791/763 209/795/767
f 209/795/767 202/791/763 210/796/768
f 210/796/768 202/791/763 211/797/769
f 211/797/769 202/791/763 212/798/770
f 212/798/770 202/791/763 213/799/771
f 261/780/752 260/800/772 194/778/750
f 194/778/750 260/800/772 259/801/773
f 194/778/750 259/801/773 195/802/774
f 195/802/774 259/801/773 196/803/775
f 196/803/775 259/801/773 267/804/776
f 196/803/775 267/804/776 547/805/777
f 547/805/777 267/804/776 266/806/778
f 547/805/777 266/806/778 203/807/779
f 203/807/779 266/806/778 214/808/780
f 214/808/780 266/806/778 215/809/781
f 215/809/781 266/806/778 216/810/782
f 216/810/782 266/806/778 217/811/783
f 217/811/783 266/806/778 283/812/784
f 217/811/783 283/812/784 218/813/785
f 218/813/785 283/812/784 282/814/786
f 218/813/785 282/814/786 219/815/787
f 219/815/787 282/814/786 281/816/788
f 219/815/787 281/816/788 376/817/789
f 376/817/789 281/816/788 377/818/790
f 377/818/790 281/816/788 280/819/791
f 377/818/790 280/819/791 369/820/792
f 369/820/792 280/819/791 279/821/793
f 369/820/792 279/821/793 334/822/794
f 334/822/794 279/821/793 321/823/795
f 321/823/795 279/821/793 292/824/796
f 321/823/795 292/824/796 331/825/797
f 331/825/797 330/826/798 321/823/795
f 321/823/795 330/826/798 329/827/799
f 321/823/795 329/827/799 328/828/800
f 328/828/800 327/829/801 321/823/795
f 321/823/795 327/829/801 326/830/802
f 321/823/795 326/830/802 325/831/803
f 325/831/803 324/832/804 321/823/795
f 321/823/795 324/832/804 323/833/805
f 321/823/795 323/833/805 322/834/806
f 365/835/807 364/836/808 334/822/794
f 334/822/794 364/836/808 363/837/809
f 334/822/794 363/837/809 362/838/810
f 362/838/810 361/839/811 334/822/794
f 334/822/794 361/839/811 360/840/812
f 334/822/794 360/840/812 359/841/813
f 359/841/813 358/842/814 334/822/794
f 334/822/794 358/842/814 357/843/815
f 334/822/794 357/843/815 356/844/816
f 356/844/816 355/845/817 334/822/794
f 334/822/794 355/845/817 369/820/792
f 219/815/787 376/817/789 241/846/818
f 241/846/818 376/817/789 375/847/819
f 241/846/818 375/847/819 242/848/820
f 242/848/820 375/847/819 374/849/821
f 242/848/820 374/849/821 243/850/822
f 243/850/822 374/849/821 373/851/823
f 243/850/822 373/851/823 244/852/824
f 244/852/824 373/851/823 245/853/825
f 245/853/825 373/851/823 246/854/826
f 246/854/826 373/851/823 247/855/827
f 247/855/827 373/851/823 546/856/828
f 247/855/827 546/856/828 263/857/829
f 263/857/829 546/856/828 391/858/830
f 263/857/829 391/858/830 383/859/831
f 373/851/823 391/858/830 546/856/828
f 390/860/832 270/861/833 383/859/831
f 383/859/831 270/861/833 269/862/834
f 383/859/831 269/862/834 263/857/829
f 390/860/832 389/863/835 270/861/833
f 270/861/833 389/863/835 388/864/836
f 270/861/833 388/864/836 370/865/837
f 367/866/838 273/867/839 370/865/837
f 370/865/837 273/867/839 272/868/840
f 370/865/837 272/868/840 271/869/841
f 273/867/839 367/866/838 289/870/842
f 289/870/842 367/866/838 335/871/843
f 289/870/842 335/871/843 293/872/844
f 293/872/844 335/871/843 332/873/845
f 332/873/845 335/871/843 343/874/846
f 332/873/845 343/874/846 342/875/847
f 342/875/847 341/876/848 332/873/845
f 332/873/845 341/876/848 340/877/849
f 332/873/845 340/877/849 339/878/850
f 339/878/850 338/879/851 332/873/845
f 332/873/845 338/879/851 337/880/852
f 332/873/845 337/880/852 336/881/853
f 309/882/854 308/883/855 293/872/844
f 293/872/844 308/883/855 307/884/856
f 293/872/844 307/884/856 306/885/857
f 306/885/857 305/886/858 293/872/844
f 293/872/844 305/886/858 304/887/859
f 293/872/844 304/887/859 303/888/860
f 303/888/860 302/889/861 293/872/844
f 293/872/844 302/889/861 289/870/842
f 271/869/841 270/861/833 370/865/837
f 219/815/787 241/846/818 220/890/862
f 220/890/862 241/846/818 233/891/863
f 220/890/862 233/891/863 228/892/864
f 228/892/864 233/891/863 232/893/865
f 228/892/864 232/893/865 229/894/866
f 229/894/866 232/893/865 231/895/867
f 229/894/866 231/895/867 230/896/868
f 203/807/779 196/803/775 547/805/777
f 372/897/742 371/898/869 567/899/870
f 567/899/870 371/898/869 568/900/871
f 567/899/870 568/900/871 566/901/872
f 566/901/872 568/900/871 569/902/873
f 566/901/872 569/902/873 565/903/874
f 565/903/874 569/902/873 570/904/875
f 565/903/874 570/904/875 564/905/876
f 564/905/876 570/904/875 571/906/877
f 564/905/876 571/906/877 563/907/878
f 563/907/878 571/906/877 572/908/879
f 563/907/878 572/908/879 562/909/880
f 562/909/880 572/908/879 573/910/881
f 562/909/880 573/910/881 561/911/882
f 561/911/882 573/910/881 574/912/883
f 561/911/882 574/912/883 560/913/884
f 560/913/884 574/912/883 575/914/885
f 560/913/884 575/914/885 559/915/886
f 559/915/886 575/914/885 558/916/887
f 558/916/887 575/914/885 557/917/888
f 557/917/888 575/914/885 556/918/889
f 556/918/889 575/914/885 555/919/890
f 555/919/890 575/914/885 554/920/891
f 554/920/891 575/914/885 574/912/883
f 554/920/891 574/912/883 553/921/892
f 553/921/892 574/912/883 573/910/881
f 553/921/892 573/910/881 552/922/893
f 552/922/893 573/910/881 572/908/879
f 552/922/893 572/908/879 551/923/894
f 551/923/894 572/908/879 571/906/877
f 551/923/894 571/906/877 550/924/895
f 550/924/895 571/906/877 570/904/875
f 550/924/895 570/904/875 549/925/896
f 549/925/896 570/904/875 569/902/873
f 549/925/896 569/902/873 548/926/897
f 548/926/897 569/902/873 568/900/871
f 548/926/897 568/900/871 371/898/869
f 122/927/898 121/928/899 559/929/900
f 559/929/900 121/928/899 576/930/901
f 559/929/900 576/930/901 560/931/902
f 560/931/902 576/930/901 577/932/903
f 560/931/902 577/932/903 561/933/904
f 561/933/904 577/932/903 578/934/905
f 561/933/904 578/934/905 562/935/906
f 562/935/906 578/934/905 579/936/907
f 562/935/906 579/936/907 563/937/908
f 563/937/908 579/936/907 580/938/909
f 563/937/908 580/938/909 564/939/910
f 564/939/910 580/938/909 581/940/911
f 564/939/910 581/940/911 565/941/912
f 565/941/912 581/940/911 582/942/913
f 565/941/912 582/942/913 566/943/914
f 566/943/914 582/942/913 583/944/915
f 566/943/914 583/944/915 567/945/916
f 567/945/916 583/944/915 372/946/917
f 372/946/917 583/944/915 537/947/918
f 372/946/917 537/947/918 536/948/919
f 121/928/899 120/949/920 576/930/901
f 576/930/901 120/949/920 119/950/921
f 576/930/901 119/950/921 577/932/903
f 577/932/903 119/950/921 118/951/922
f 577/932/903 118/951/922 117/952/923
f 577/932/903 117/952/923 578/934/905
f 578/934/905 117/952/923 116/953/924
f 578/934/905 116/953/924 115/954/925
f 578/934/905 115/954/925 579/936/907
f 579/936/907 115/954/925 114/955/926
f 579/936/907 114/955/926 113/956/927
f 113/956/927 112/957/928 579/936/907
f 579/936/907 112/957/928 111/958/929
f 579/936/907 111/958/929 580/938/909
f 580/938/909 111/958/929 110/959/930
f 580/938/909 110/959/930 545/960/931
f 545/960/931 110/959/930 109/961/932
f 545/960/931 109/961/932 108/962/933
f 108/962/933 107/963/934 545/960/931
f 545/960/931 544/964/935 580/938/909
f 580/938/909 544/964/935 581/940/911
f 544/964/935 543/965/936 581/940/911
f 581/940/911 543/965/936 542/966/937
f 581/940/911 542/966/937 582/942/913
f 582/942/913 542/966/937 541/967/938
f 582/942/913 541/967/938 540/968/939
f 582/942/913 540/968/939 583/944/915
f 583/944/915 540/968/939 539/969/940
f 583/944/915 539/969/940 538/970/941
f 538/970/941 537/947/918 583/944/915
f 371/971/942 387/972/943 548/973/944
f 548/973/944 387/972/943 596/974/945
f 548/973/944 596/974/945 597/975/946
f 597/975/946 596/974/945 605/976/947
f 597/975/946 605/976/947 606/977/948
f 606/977/948 605/976/947 586/978/949
f 606/977/948 586/978/949 587/979/950
f 387/972/943 386/980/951 596/974/945
f 596/974/945 386/980/951 604/981/952
f 596/974/945 604/981/952 605/976/947
f 605/976/947 604/981/952 585/982/953
f 605/976/947 585/982/953 586/978/949
f 386/980/951 385/983/954 604/981/952
f 604/981/952 385/983/954 584/984/955
f 604/981/952 584/984/955 585/982/953
f 385/983/954 384/985/956 584/984/955
f 606/977/948 587/979/950 607/986/957
f 607/986/957 587/979/950 588/987/958
f 607/986/957 588/987/958 608/988/959
f 608/988/959 588/987/958 589/989/960
f 608/988/959 589/989/960 609/990/961
f 609/990/961 589/989/960 590/991/962
f 609/990/961 590/991/962 610/992/963
f 610/992/963 590/991/962 591/993/964
f 610/992/963 591/993/964 611/994/965
f 611/994/965 591/993/964 593/995/966
f 611/994/965 593/995/966 594/996/967
f 591/993/964 592/997/968 593/995/966
f 611/994/965 594/996/967 603/998/969
f 603/998/969 594/996/967 595/999/970
f 603/998/969 595/999/970 555/1000/971
f 555/1000/971 595/999/970 556/1001/972
f 555/1000/971 554/1002/973 603/998/969
f 603/998/969 554/1002/973 602/1003/974
f 603/998/969 602/1003/974 611/994/965
f 611/994/965 602/1003/974 610/992/963
f 554/1002/973 553/1004/975 602/1003/974
f 602/1003/974 553/1004/975 601/1005/976
f 602/1003/974 601/1005/976 610/992/963
f 610/992/963 601/1005/976 609/990/961
f 553/1004/975 552/1006/977 601/1005/976
f 601/1005/976 552/1006/977 600/1007/978
f 601/1005/976 600/1007/978 609/990/961
f 609/990/961 600/1007/978 608/988/959
f 552/1006/977 551/1008/979 600/1007/978
f 600/1007/978 551/1008/979 599/1009/980
f 600/1007/978 599/1009/980 608/988/959
f 608/988/959 599/1009/980 607/986/957
f 551/1008/979 550/1010/981 599/1009/980
f 599/1009/980 550/1010/981 598/1011/982
f 599/1009/980 598/1011/982 607/986/957
f 607/986/957 598/1011/982 606/977/948
f 550/1010/981 549/1012/983 598/1011/982
f 598/1011/982 549/1012/983 597/975/946
f 598/1011/982 597/975/946 606/977/948
f 549/1012/983 548/973/944 597/975/946
f 392/1013/984 382/1014/985 622/1015/986
f 622/1015/986 382/1014/985 612/1016/987
f 622/1015/986 612/1016/987 626/1017/988
f 626/1017/988 612/1016/987 613/1018/989
f 626/1017/988 613/1018/989 630/1019/990
f 630/1019/990 613/1018/989 614/1020/991
f 630/1019/990 614/1020/991 634/1021/992
f 634/1021/992 614/1020/991 615/1022/993
f 634/1021/992 615/1022/993 638/1023/994
f 638/1023/994 615/1022/993 616/1024/995
f 638/1023/994 616/1024/995 642/1025/996
f 642/1025/996 616/1024/995 617/1026/997
f 642/1025/996 617/1026/997 646/1027/998
f 646/1027/998 617/1026/997 618/1028/999
f 646/1027/998 618/1028/999 650/1029/1000
f 650/1029/1000 618/1028/999 619/1030/1001
f 650/1029/1000 619/1030/1001 620/1031/1002
f 620/1031/1002 621/1032/1003 650/1029/1000
f 650/1029/1000 621/1032/1003 651/1033/1004
f 650/1029/1000 651/1033/1004 646/1027/998
f 646/1027/998 651/1033/1004 647/1034/1005
f 646/1027/998 647/1034/1005 642/1025/996
f 642/1025/996 647/1034/1005 643/1035/1006
f 642/1025/996 643/1035/1006 638/1023/994
f 638/1023/994 643/1035/1006 639/1036/1007
f 638/1023/994 639/1036/1007 634/1021/992
f 634/1021/992 639/1036/1007 635/1037/1008
f 634/1021/992 635/1037/1008 630/1019/990
f 630/1019/990 635/1037/1008 631/1038/1009
f 630/1019/990 631/1038/1009 626/1017/988
f 626/1017/988 631/1038/1009 627/1039/1010
f 626/1017/988 627/1039/1010 622/1015/986
f 622/1015/986 627/1039/1010 623/1040/1011
f 622/1015/986 623/1040/1011 392/1013/984
f 392/1013/984 623/1040/1011 624/1041/1012
f 392/1013/984 624/1041/1012 625/1042/1013
f 625/1042/1013 624/1041/1012 629/1043/1014
f 625/1042/1013 629/1043/1014 585/1044/1015
f 585/1044/1015 629/1043/1014 586/1045/1016
f 586/1045/1016 629/1043/1014 633/1046/1017
f 586/1045/1016 633/1046/1017 587/1047/1018
f 587/1047/1018 633/1046/1017 637/1048/1019
f 587/1047/1018 637/1048/1019 588/1049/1020
f 588/1049/1020 637/1048/1019 641/1050/1021
f 588/1049/1020 641/1050/1021 589/1051/1022
f 589/1051/1022 641/1050/1021 645/1052/1023
f 589/1051/1022 645/1052/1023 590/1053/1024
f 590/1053/1024 645/1052/1023 649/1054/1025
f 590/1053/1024 649/1054/1025 591/1055/1026
f 591/1055/1026 649/1054/1025 653/1056/1027
f 591/1055/1026 653/1056/1027 592/1057/1028
f 592/1057/1028 653/1056/1027 621/1032/1003
f 621/1032/1003 653/1056/1027 652/1058/1029
f 621/1032/1003 652/1058/1029 651/1033/1004
f 651/1033/1004 652/1058/1029 647/1034/1005
f 585/1044/1015 584/1059/1030 625/1042/1013
f 625/1042/1013 584/1059/1030 384/1060/1031
f 625/1042/1013 384/1060/1031 392/1013/984
f 624/1041/1012 623/1040/1011 628/1061/1032
f 628/1061/1032 623/1040/1011 627/1039/1010
f 628/1061/1032 627/1039/1010 632/1062/1033
f 632/1062/1033 627/1039/1010 631/1038/1009
f 632/1062/1033 631/1038/1009 636/1063/1034
f 636/1063/1034 631/1038/1009 635/1037/1008
f 636/1063/1034 635/1037/1008 640/1064/1035
f 640/1064/1035 635/1037/1008 639/1036/1007
f 640/1064/1035 639/1036/1007 644/1065/1036
f 644/1065/1036 639/1036/1007 643/1035/1006
f 644/1065/1036 643/1035/1006 648/1066/1037
f 648/1066/1037 643/1035/1006 647/1034/1005
f 648/1066/1037 647/1034/1005 652/1058/1029
f 633/1046/1017 629/1043/1014 628/1061/1032
f 628/1061/1032 629/1043/1014 624/1041/1012
f 633/1046/1017 628/1061/1032 632/1062/1033
f 637/1048/1019 633/1046/1017 632/1062/1033
f 637/1048/1019 632/1062/1033 636/1063/1034
f 641/1050/1021 637/1048/1019 636/1063/1034
f 641/1050/1021 636/1063/1034 640/1064/1035
f 645/1052/1023 641/1050/1021 640/1064/1035
f 645/1052/1023 640/1064/1035 644/1065/1036
f 649/1054/1025 645/1052/1023 644/1065/1036
f 649/1054/1025 644/1065/1036 648/1066/1037
f 653/1056/1027 649/1054/1025 648/1066/1037
f 653/1056/1027 648/1066/1037 652/1058/1029
f 378/1067/1038 368/1068/1039 675/1069/1040
f 675/1069/1040 368/1068/1039 654/1070/1041
f 675/1069/1040 654/1070/1041 655/1071/1042
f 675/1069/1040 655/1071/1042 674/1072/1043
f 674/1072/1043 655/1071/1042 656/1073/1044
f 674/1072/1043 656/1073/1044 673/1074/1045
f 673/1074/1045 656/1073/1044 657/1075/1046
f 673/1074/1045 657/1075/1046 672/1076/1047
f 672/1076/1047 657/1075/1046 658/1077/1048
f 672/1076/1047 658/1077/1048 671/1078/1049
f 671/1078/1049 658/1077/1048 659/1079/1050
f 671/1078/1049 659/1079/1050 670/1080/1051
f 670/1080/1051 659/1079/1050 660/1081/1052
f 670/1080/1051 660/1081/1052 669/1082/1053
f 669/1082/1053 660/1081/1052 661/1083/1054
f 669/1082/1053 661/1083/1054 668/1084/1055
f 668/1084/1055 661/1083/1054 662/1085/1056
f 668/1084/1055 662/1085/1056 663/1086/1057
f 668/1084/1055 663/1086/1057 676/1087/1058
f 676/1087/1058 663/1086/1057 664/1088/1059
f 676/1087/1058 664/1088/1059 684/1089/1060
f 684/1089/1060 664/1088/1059 665/1090/1061
f 684/1089/1060 665/1090/1061 692/1091/1062
f 692/1091/1062 665/1090/1061 666/1092/1063
f 692/1091/1062 666/1092/1063 700/1093/1064
f 700/1093/1064 666/1092/1063 667/1094/1065
f 700/1093/1064 667/1094/1065 620/1095/1066
f 620/1095/1066 619/1096/1067 700/1093/1064
f 700/1093/1064 619/1096/1067 701/1097/1068
f 700/1093/1064 701/1097/1068 692/1091/1062
f 692/1091/1062 701/1097/1068 693/1098/1069
f 692/1091/1062 693/1098/1069 684/1089/1060
f 684/1089/1060 693/1098/1069 685/1099/1070
f 684/1089/1060 685/1099/1070 676/1087/1058
f 676/1087/1058 685/1099/1070 677/1100/1071
f 676/1087/1058 677/1100/1071 668/1084/1055
f 668/1084/1055 677/1100/1071 669/1082/1053
f 619/1096/1067 618/1101/1072 701/1097/1068
f 701/1097/1068 618/1101/1072 702/1102/1073
f 701/1097/1068 702/1102/1073 693/1098/1069
f 693/1098/1069 702/1102/1073 694/1103/1074
f 693/1098/1069 694/1103/1074 685/1099/1070
f 685/1099/1070 694/1103/1074 686/1104/1075
f 685/1099/1070 686/1104/1075 677/1100/1071
f 677/1100/1071 686/1104/1075 678/1105/1076
f 677/1100/1071 678/1105/1076 669/1082/1053
f 669/1082/1053 678/1105/1076 670/1080/1051
f 618/1101/1072 617/1106/1077 702/1102/1073
f 702/1102/1073 617/1106/1077 703/1107/1078
f 702/1102/1073 703/1107/1078 694/1103/1074
f 694/1103/1074 703/1107/1078 695/1108/1079
f 694/1103/1074 695/1108/1079 686/1104/1075
f 686/1104/1075 695/1108/1079 687/1109/1080
f 686/1104/1075 687/1109/1080 678/1105/1076
f 678/1105/1076 687/1109/1080 679/1110/1081
f 678/1105/1076 679/1110/1081 670/1080/1051
f 670/1080/1051 679/1110/1081 671/1078/1049
f 617/1106/1077 616/1111/1082 703/1107/1078
f 703/1107/1078 616/1111/1082 704/1112/1083
f 703/1107/1078 704/1112/1083 695/1108/1079
f 695/1108/1079 704/1112/1083 696/1113/1084
f 695/1108/1079 696/1113/1084 687/1109/1080
f 687/1109/1080 696/1113/1084 688/1114/1085
f 687/1109/1080 688/1114/1085 679/1110/1081
f 679/1110/1081 688/1114/1085 680/1115/1086
f 679/1110/1081 680/1115/1086 671/1078/1049
f 671/1078/1049 680/1115/1086 672/1076/1047
f 616/1111/1082 615/1116/1087 704/1112/1083
f 704/1112/1083 615/1116/1087 705/1117/1088
f 704/1112/1083 705/1117/1088 696/1113/1084
f 696/1113/1084 705/1117/1088 697/1118/1089
f 696/1113/1084 697/1118/1089 688/1114/1085
f 688/1114/1085 697/1118/1089 689/1119/1090
f 688/1114/1085 689/1119/1090 680/1115/1086
f 680/1115/1086 689/1119/1090 681/1120/1091
f 680/1115/1086 681/1120/1091 672/1076/1047
f 672/1076/1047 681/1120/1091 673/1074/1045
f 615/1116/1087 614/1121/1092 705/1117/1088
f 705/1117/1088 614/1121/1092 613/1122/1093
f 705/1117/1088 613/1122/1093 706/1123/1094
f 706/1123/1094 613/1122/1093 612/1124/1095
f 706/1123/1094 612/1124/1095 707/1125/1096
f 707/1125/1096 612/1124/1095 382/1126/1097
f 707/1125/1096 382/1126/1097 381/1127/1098
f 707/1125/1096 381/1127/1098 699/1128/1099
f 699/1128/1099 381/1127/1098 380/1129/1100
f 699/1128/1099 380/1129/1100 691/1130/1101
f 691/1130/1101 380/1129/1100 379/1131/1102
f 691/1130/1101 379/1131/1102 683/1132/1103
f 683/1132/1103 379/1131/1102 378/1067/1038
f 683/1132/1103 378/1067/1038 675/1069/1040
f 683/1132/1103 675/1069/1040 674/1072/1043
f 674/1072/1043 673/1074/1045 682/1133/1104
f 682/1133/1104 673/1074/1045 681/1120/1091
f 682/1133/1104 681/1120/1091 690/1134/1105
f 690/1134/1105 681/1120/1091 689/1119/1090
f 690/1134/1105 689/1119/1090 698/1135/1106
f 698/1135/1106 689/1119/1090 697/1118/1089
f 698/1135/1106 697/1118/1089 706/1123/1094
f 706/1123/1094 697/1118/1089 705/1117/1088
f 691/1130/1101 683/1132/1103 682/1133/1104
f 682/1133/1104 683/1132/1103 674/1072/1043
f 691/1130/1101 682/1133/1104 690/1134/1105
f 699/1128/1099 691/1130/1101 690/1134/1105
f 699/1128/1099 690/1134/1105 698/1135/1106
f 707/1125/1096 699/1128/1099 698/1135/1106
f 707/1125/1096 698/1135/1106 706/1123/1094
f 368/1136/1039 354/1137/1107 654/1138/1041
f 654/1138/1041 354/1137/1107 708/1139/1108
f 654/1138/1041 708/1139/1108 655/1140/1042
f 655/1140/1042 708/1139/1108 709/1141/1109
f 655/1140/1042 709/1141/1109 656/1142/1044
f 656/1142/1044 709/1141/1109 710/1143/1110
f 656/1142/1044 710/1143/1110 657/1144/1046
f 657/1144/1046 710/1143/1110 711/1145/1111
f 657/1144/1046 711/1145/1111 658/1146/1048
f 658/1146/1048 711/1145/1111 712/1147/1112
f 658/1146/1048 712/1147/1112 659/1148/1050
f 659/1148/1050 712/1147/1112 713/1149/1113
f 659/1148/1050 713/1149/1113 660/1150/1052
f 660/1150/1052 713/1149/1113 714/1151/1114
f 660/1150/1052 714/1151/1114 661/1152/1054
f 661/1152/1054 714/1151/1114 715/1153/1115
f 661/1152/1054 715/1153/1115 662/1154/1056
f 662/1154/1056 715/1153/1115 716/1155/1116
f 333/1156/1117 717/1157/1118 344/1158/1119
f 344/1158/1119 717/1157/1118 742/1159/1120
f 344/1158/1119 742/1159/1120 345/1160/1121
f 345/1160/1121 742/1159/1120 750/1161/1122
f 345/1160/1121 750/1161/1122 346/1162/1123
f 346/1162/1123 750/1161/1122 758/1163/1124
f 346/1162/1123 758/1163/1124 347/1164/1125
f 347/1164/1125 758/1163/1124 766/1165/1126
f 347/1164/1125 766/1165/1126 348/1166/1127
f 348/1166/1127 766/1165/1126 774/1167/1128
f 348/1166/1127 774/1167/1128 349/1168/1129
f 349/1168/1129 774/1167/1128 782/1169/1130
f 349/1168/1129 782/1169/1130 350/1170/1131
f 350/1170/1131 782/1169/1130 790/1171/1132
f 350/1170/1131 790/1171/1132 351/1172/1133
f 351/1172/1133 790/1171/1132 798/1173/1134
f 351/1172/1133 798/1173/1134 352/1174/1135
f 352/1174/1135 798/1173/1134 806/1175/1136
f 352/1174/1135 806/1175/1136 353/1176/1137
f 353/1176/1137 806/1175/1136 814/1177/1138
f 353/1176/1137 814/1177/1138 354/1178/1107
f 354/1178/1107 814/1177/1138 708/1179/1108
f 708/1179/1108 814/1177/1138 813/1180/1139
f 708/1179/1108 813/1180/1139 709/1181/1109
f 709/1181/1109 813/1180/1139 812/1182/1140
f 709/1181/1109 812/1182/1140 710/1183/1110
f 710/1183/1110 812/1182/1140 811/1184/1141
f 710/1183/1110 811/1184/1141 711/1185/1111
f 711/1185/1111 811/1184/1141 810/1186/1142
f 711/1185/1111 810/1186/1142 712/1187/1112
f 712/1187/1112 810/1186/1142 809/1188/1143
f 712/1187/1112 809/1188/1143 713/1189/1113
f 713/1189/1113 809/1188/1143 808/1190/1144
f 713/1189/1113 808/1190/1144 714/1191/1114
f 714/1191/1114 808/1190/1144 807/1192/1145
f 714/1191/1114 807/1192/1145 715/1193/1115
f 715/1193/1115 807/1192/1145 716/1194/1116
f 716/1194/1116 807/1192/1145 734/1195/1146
f 734/1195/1146 807/1192/1145 799/1196/1147
f 734/1195/1146 799/1196/1147 733/1197/1148
f 733/1197/1148 799/1196/1147 791/1198/1149
f 733/1197/1148 791/1198/1149 732/1199/1150
f 732/1199/1150 791/1198/1149 783/1200/1151
f 732/1199/1150 783/1200/1151 731/1201/1152
f 731/1201/1152 783/1200/1151 775/1202/1153
f 731/1201/1152 775/1202/1153 730/1203/1154
f 730/1203/1154 775/1202/1153 767/1204/1155
f 730/1203/1154 767/1204/1155 729/1205/1156
f 729/1205/1156 767/1204/1155 759/1206/1157
f 729/1205/1156 759/1206/1157 728/1207/1158
f 728/1207/1158 759/1206/1157 751/1208/1159
f 728/1207/1158 751/1208/1159 727/1209/1160
f 727/1209/1160 751/1208/1159 743/1210/1161
f 727/1209/1160 743/1210/1161 726/1211/1162
f 726/1211/1162 743/1210/1161 735/1212/1163
f 726/1211/1162 735/1212/1163 725/1213/1164
f 725/1213/1164 735/1212/1163 724/1214/1165
f 724/1214/1165 735/1212/1163 736/1215/1166
f 724/1214/1165 736/1215/1166 723/1216/1167
f 723/1216/1167 736/1215/1166 737/1217/1168
f 723/1216/1167 737/1217/1168 722/1218/1169
f 722/1218/1169 737/1217/1168 738/1219/1170
f 722/1218/1169 738/1219/1170 721/1220/1171
f 721/1220/1171 738/1219/1170 739/1221/1172
f 721/1220/1171 739/1221/1172 720/1222/1173
f 720/1222/1173 739/1221/1172 740/1223/1174
f 720/1222/1173 740/1223/1174 719/1224/1175
f 719/1224/1175 740/1223/1174 741/1225/1176
f 719/1224/1175 741/1225/1176 718/1226/1177
f 718/1226/1177 741/1225/1176 742/1159/1120
f 718/1226/1177 742/1159/1120 717/1157/1118
f 736/1215/1166 735/1212/1163 744/1227/1178
f 744/1227/1178 735/1212/1163 743/1210/1161
f 744/1227/1178 743/1210/1161 752/1228/1179
f 752/1228/1179 743/1210/1161 751/1208/1159
f 752/1228/1179 751/1208/1159 760/1229/1180
f 760/1229/1180 751/1208/1159 759/1206/1157
f 760/1229/1180 759/1206/1157 768/1230/1181
f 768/1230/1181 759/1206/1157 767/1204/1155
f 768/1230/1181 767/1204/1155 776/1231/1182
f 776/1231/1182 767/1204/1155 775/1202/1153
f 776/1231/1182 775/1202/1153 784/1232/1183
f 784/1232/1183 775/1202/1153 783/1200/1151
f 784/1232/1183 783/1200/1151 792/1233/1184
f 792/1233/1184 783/1200/1151 791/1198/1149
f 792/1233/1184 791/1198/1149 800/1234/1185
f 800/1234/1185 791/1198/1149 799/1196/1147
f 800/1234/1185 799/1196/1147 808/1190/1144
f 808/1190/1144 799/1196/1147 807/1192/1145
f 737/1217/1168 736/1215/1166 745/1235/1186
f 745/1235/1186 736/1215/1166 744/1227/1178
f 745/1235/1186 744/1227/1178 753/1236/1187
f 753/1236/1187 744/1227/1178 752/1228/1179
f 753/1236/1187 752/1228/1179 761/1237/1188
f 761/1237/1188 752/1228/1179 760/1229/1180
f 761/1237/1188 760/1229/1180 769/1238/1189
f 769/1238/1189 760/1229/1180 768/1230/1181
f 769/1238/1189 768/1230/1181 777/1239/1190
f 777/1239/1190 768/1230/1181 776/1231/1182
f 777/1239/1190 776/1231/1182 785/1240/1191
f 785/1240/1191 776/1231/1182 784/1232/1183
f 785/1240/1191 784/1232/1183 793/1241/1192
f 793/1241/1192 784/1232/1183 792/1233/1184
f 793/1241/1192 792/1233/1184 801/1242/1193
f 801/1242/1193 792/1233/1184 800/1234/1185
f 801/1242/1193 800/1234/1185 809/1188/1143
f 809/1188/1143 800/1234/1185 808/1190/1144
f 738/1219/1170 737/1217/1168 746/1243/1194
f 746/1243/1194 737/1217/1168 745/1235/1186
f 746/1243/1194 745/1235/1186 754/1244/1195
f 754/1244/1195 745/1235/1186 753/1236/1187
f 754/1244/1195 753/1236/1187 762/1245/1196
f 762/1245/1196 753/1236/1187 761/1237/1188
f 762/1245/1196 761/1237/1188 770/1246/1197
f 770/1246/1197 761/1237/1188 769/1238/1189
f 770/1246/1197 769/1238/1189 778/1247/1198
f 778/1247/1198 769/1238/1189 777/1239/1190
f 778/1247/1198 777/1239/1190 786/1248/1199
f 786/1248/1199 777/1239/1190 785/1240/1191
f 786/1248/1199 785/1240/1191 794/1249/1200
f 794/1249/1200 785/1240/1191 793/1241/1192
f 794/1249/1200 793/1241/1192 802/1250/1201
f 802/1250/1201 793/1241/1192 801/1242/1193
f 802/1250/1201 801/1242/1193 810/1186/1142
f 810/1186/1142 801/1242/1193 809/1188/1143
f 739/1221/1172 738/1219/1170 747/1251/1202
f 747/1251/1202 738/1219/1170 746/1243/1194
f 747/1251/1202 746/1243/1194 755/1252/1203
f 755/1252/1203 746/1243/1194 754/1244/1195
f 755/1252/1203 754/1244/1195 763/1253/1204
f 763/1253/1204 754/1244/1195 762/1245/1196
f 763/1253/1204 762/1245/1196 771/1254/1205
f 771/1254/1205 762/1245/1196 770/1246/1197
f 771/1254/1205 770/1246/1197 779/1255/1206
f 779/1255/1206 770/1246/1197 778/1247/1198
f 779/1255/1206 778/1247/1198 787/1256/1207
f 787/1256/1207 778/1247/1198 786/1248/1199
f 787/1256/1207 786/1248/1199 795/1257/1208
f 795/1257/1208 786/1248/1199 794/1249/1200
f 795/1257/1208 794/1249/1200 803/1258/1209
f 803/1258/1209 794/1249/1200 802/1250/1201
f 803/1258/1209 802/1250/1201 811/1184/1141
f 811/1184/1141 802/1250/1201 810/1186/1142
f 740/1223/1174 739/1221/1172 748/1259/1210
f 748/1259/1210 739/1221/1172 747/1251/1202
f 748/1259/1210 747/1251/1202 756/1260/1211
f 756/1260/1211 747/1251/1202 755/1252/1203
f 756/1260/1211 755/1252/1203 764/1261/1212
f 764/1261/1212 755/1252/1203 763/1253/1204
f 764/1261/1212 763/1253/1204 772/1262/1213
f 772/1262/1213 763/1253/1204 771/1254/1205
f 772/1262/1213 771/1254/1205 780/1263/1214
f 780/1263/1214 771/1254/1205 779/1255/1206
f 780/1263/1214 779/1255/1206 788/1264/1215
f 788/1264/1215 779/1255/1206 787/1256/1207
f 788/1264/1215 787/1256/1207 796/1265/1216
f 796/1265/1216 787/1256/1207 795/1257/1208
f 796/1265/1216 795/1257/1208 804/1266/1217
f 804/1266/1217 795/1257/1208 803/1258/1209
f 804/1266/1217 803/1258/1209 812/1182/1140
f 812/1182/1140 803/1258/1209 811/1184/1141
f 750/1161/1122 742/1159/1120 741/1225/1176
f 741/1225/1176 740/1223/1174 749/1267/1218
f 749/1267/1218 740/1223/1174 748/1259/1210
f 749/1267/1218 748/1259/1210 757/1268/1219
f 757/1268/1219 748/1259/1210 756/1260/1211
f 757/1268/1219 756/1260/1211 765/1269/1220
f 765/1269/1220 756/1260/1211 764/1261/1212
f 765/1269/1220 764/1261/1212 773/1270/1221
f 773/1270/1221 764/1261/1212 772/1262/1213
f 773/1270/1221 772/1262/1213 781/1271/1222
f 781/1271/1222 772/1262/1213 780/1263/1214
f 781/1271/1222 780/1263/1214 789/1272/1223
f 789/1272/1223 780/1263/1214 788/1264/1215
f 789/1272/1223 788/1264/1215 797/1273/1224
f 797/1273/1224 788/1264/1215 796/1265/1216
f 797/1273/1224 796/1265/1216 805/1274/1225
f 805/1274/1225 796/1265/1216 804/1266/1217
f 805/1274/1225 804/1266/1217 813/1180/1139
f 813/1180/1139 804/1266/1217 812/1182/1140
f 758/1163/1124 750/1161/1122 749/1267/1218
f 749/1267/1218 750/1161/1122 741/1225/1176
f 758/1163/1124 749/1267/1218 757/1268/1219
f 766/1165/1126 758/1163/1124 757/1268/1219
f 766/1165/1126 757/1268/1219 765/1269/1220
f 774/1167/1128 766/1165/1126 765/1269/1220
f 774/1167/1128 765/1269/1220 773/1270/1221
f 782/1169/1130 774/1167/1128 773/1270/1221
f 782/1169/1130 773/1270/1221 781/1271/1222
f 790/1171/1132 782/1169/1130 781/1271/1222
f 790/1171/1132 781/1271/1222 789/1272/1223
f 798/1173/1134 790/1171/1132 789/1272/1223
f 798/1173/1134 789/1272/1223 797/1273/1224
f 806/1175/1136 798/1173/1134 797/1273/1224
f 806/1175/1136 797/1273/1224 805/1274/1225
f 814/1177/1138 806/1175/1136 805/1274/1225
f 814/1177/1138 805/1274/1225 813/1180/1139
f 333/1275/1117 320/1276/1226 717/1277/1118
f 717/1277/1118 320/1276/1226 815/1278/1227
f 717/1277/1118 815/1278/1227 718/1279/1177
f 718/1279/1177 815/1278/1227 816/1280/1228
f 718/1279/1177 816/1280/1228 719/1281/1175
f 719/1281/1175 816/1280/1228 817/1282/1229
f 719/1281/1175 817/1282/1229 720/1283/1173
f 720/1283/1173 817/1282/1229 818/1284/1230
f 720/1283/1173 818/1284/1230 721/1285/1171
f 721/1285/1171 818/1284/1230 819/1286/1231
f 721/1285/1171 819/1286/1231 722/1287/1169
f 722/1287/1169 819/1286/1231 820/1288/1232
f 722/1287/1169 820/1288/1232 723/1289/1167
f 723/1289/1167 820/1288/1232 821/1290/1233
f 723/1289/1167 821/1290/1233 724/1291/1165
f 724/1291/1165 821/1290/1233 822/1292/1234
f 724/1291/1165 822/1292/1234 725/1293/1164
f 725/1293/1164 822/1292/1234 823/1294/1235
f 291/1295/1236 824/1296/1237 310/1297/1238
f 310/1297/1238 824/1296/1237 849/1298/1239
f 310/1297/1238 849/1298/1239 311/1299/1240
f 311/1299/1240 849/1298/1239 857/1300/1241
f 311/1299/1240 857/1300/1241 312/1301/1242
f 312/1301/1242 857/1300/1241 865/1302/1243
f 312/1301/1242 865/1302/1243 313/1303/1244
f 313/1303/1244 865/1302/1243 873/1304/1245
f 313/1303/1244 873/1304/1245 314/1305/1246
f 314/1305/1246 873/1304/1245 881/1306/1247
f 314/1305/1246 881/1306/1247 315/1307/1248
f 315/1307/1248 881/1306/1247 889/1308/1249
f 315/1307/1248 889/1308/1249 316/1309/1250
f 316/1309/1250 889/1308/1249 897/1310/1251
f 316/1309/1250 897/1310/1251 317/1311/1252
f 317/1311/1252 897/1310/1251 905/1312/1253
f 317/1311/1252 905/1312/1253 318/1313/1254
f 318/1313/1254 905/1312/1253 913/1314/1255
f 318/1313/1254 913/1314/1255 319/1315/1256
f 319/1315/1256 913/1314/1255 921/1316/1257
f 319/1315/1256 921/1316/1257 320/1317/1226
f 320/1317/1226 921/1316/1257 815/1318/1227
f 815/1318/1227 921/1316/1257 920/1319/1258
f 815/1318/1227 920/1319/1258 816/1320/1228
f 816/1320/1228 920/1319/1258 919/1321/1259
f 816/1320/1228 919/1321/1259 817/1322/1229
f 817/1322/1229 919/1321/1259 918/1323/1260
f 817/1322/1229 918/1323/1260 818/1324/1230
f 818/1324/1230 918/1323/1260 917/1325/1261
f 818/1324/1230 917/1325/1261 819/1326/1231
f 819/1326/1231 917/1325/1261 916/1327/1262
f 819/1326/1231 916/1327/1262 820/1328/1232
f 820/1328/1232 916/1327/1262 915/1329/1263
f 820/1328/1232 915/1329/1263 821/1330/1233
f 821/1330/1233 915/1329/1263 914/1331/1264
f 821/1330/1233 914/1331/1264 822/1332/1234
f 822/1332/1234 914/1331/1264 823/1333/1235
f 823/1333/1235 914/1331/1264 841/1334/1265
f 841/1334/1265 914/1331/1264 906/1335/1266
f 841/1334/1265 906/1335/1266 840/1336/1267
f 840/1336/1267 906/1335/1266 898/1337/1268
f 840/1336/1267 898/1337/1268 839/1338/1269
f 839/1338/1269 898/1337/1268 890/1339/1270
f 839/1338/1269 890/1339/1270 838/1340/1271
f 838/1340/1271 890/1339/1270 882/1341/1272
f 838/1340/1271 882/1341/1272 837/1342/1273
f 837/1342/1273 882/1341/1272 874/1343/1274
f 837/1342/1273 874/1343/1274 836/1344/1275
f 836/1344/1275 874/1343/1274 866/1345/1276
f 836/1344/1275 866/1345/1276 835/1346/1277
f 835/1346/1277 866/1345/1276 858/1347/1278
f 835/1346/1277 858/1347/1278 834/1348/1279
f 834/1348/1279 858/1347/1278 850/1349/1280
f 834/1348/1279 850/1349/1280 833/1350/1281
f 833/1350/1281 850/1349/1280 842/1351/1282
f 833/1350/1281 842/1351/1282 832/1352/1283
f 832/1352/1283 842/1351/1282 831/1353/1284
f 831/1353/1284 842/1351/1282 843/1354/1285
f 831/1353/1284 843/1354/1285 830/1355/1286
f 830/1355/1286 843/1354/1285 844/1356/1287
f 830/1355/1286 844/1356/1287 829/1357/1288
f 829/1357/1288 844/1356/1287 845/1358/1289
f 829/1357/1288 845/1358/1289 828/1359/1290
f 828/1359/1290 845/1358/1289 846/1360/1291
f 828/1359/1290 846/1360/1291 827/1361/1292
f 827/1361/1292 846/1360/1291 847/1362/1293
f 827/1361/1292 847/1362/1293 826/1363/1294
f 826/1363/1294 847/1362/1293 848/1364/1295
f 826/1363/1294 848/1364/1295 825/1365/1296
f 825/1365/1296 848/1364/1295 849/1298/1239
f 825/1365/1296 849/1298/1239 824/1296/1237
f 843/1354/1285 842/1351/1282 851/1366/1297
f 851/1366/1297 842/1351/1282 850/1349/1280
f 851/1366/1297 850/1349/1280 859/1367/1298
f 859/1367/1298 850/1349/1280 858/1347/1278
f 859/1367/1298 858/1347/1278 867/1368/1299
f 867/1368/1299 858/1347/1278 866/1345/1276
f 867/1368/1299 866/1345/1276 875/1369/1300
f 875/1369/1300 866/1345/1276 874/1343/1274
f 875/1369/1300 874/1343/1274 883/1370/1301
f 883/1370/1301 874/1343/1274 882/1341/1272
f 883/1370/1301 882/1341/1272 891/1371/1302
f 891/1371/1302 882/1341/1272 890/1339/1270
f 891/1371/1302 890/1339/1270 899/1372/1303
f 899/1372/1303 890/1339/1270 898/1337/1268
f 899/1372/1303 898/1337/1268 907/1373/1304
f 907/1373/1304 898/1337/1268 906/1335/1266
f 907/1373/1304 906/1335/1266 915/1329/1263
f 915/1329/1263 906/1335/1266 914/1331/1264
f 844/1356/1287 843/1354/1285 852/1374/1305
f 852/1374/1305 843/1354/1285 851/1366/1297
f 852/1374/1305 851/1366/1297 860/1375/1306
f 860/1375/1306 851/1366/1297 859/1367/1298
f 860/1375/1306 859/1367/1298 868/1376/1307
f 868/1376/1307 859/1367/1298 867/1368/1299
f 868/1376/1307 867/1368/1299 876/1377/1308
f 876/1377/1308 867/1368/1299 875/1369/1300
f 876/1377/1308 875/1369/1300 884/1378/1309
f 884/1378/1309 875/1369/1300 883/1370/1301
f 884/1378/1309 883/1370/1301 892/1379/1310
f 892/1379/1310 883/1370/1301 891/1371/1302
f 892/1379/1310 891/1371/1302 900/1380/1311
f 900/1380/1311 891/1371/1302 899/1372/1303
f 900/1380/1311 899/1372/1303 908/1381/1312
f 908/1381/1312 899/1372/1303 907/1373/1304
f 908/1381/1312 907/1373/1304 916/1327/1262
f 916/1327/1262 907/1373/1304 915/1329/1263
f 845/1358/1289 844/1356/1287 853/1382/1313
f 853/1382/1313 844/1356/1287 852/1374/1305
f 853/1382/1313 852/1374/1305 861/1383/1314
f 861/1383/1314 852/1374/1305 860/1375/1306
f 861/1383/1314 860/1375/1306 869/1384/1315
f 869/1384/1315 860/1375/1306 868/1376/1307
f 869/1384/1315 868/1376/1307 877/1385/1316
f 877/1385/1316 868/1376/1307 876/1377/1308
f 877/1385/1316 876/1377/1308 885/1386/1317
f 885/1386/1317 876/1377/1308 884/1378/1309
f 885/1386/1317 884/1378/1309 893/1387/1318
f 893/1387/1318 884/1378/1309 892/1379/1310
f 893/1387/1318 892/1379/1310 901/1388/1319
f 901/1388/1319 892/1379/1310 900/1380/1311
f 901/1388/1319 900/1380/1311 909/1389/1320
f 909/1389/1320 900/1380/1311 908/1381/1312
f 909/1389/1320 908/1381/1312 917/1325/1261
f 917/1325/1261 908/1381/1312 916/1327/1262
f 846/1360/1291 845/1358/1289 854/1390/1321
f 854/1390/1321 845/1358/1289 853/1382/1313
f 854/1390/1321 853/1382/1313 862/1391/1322
f 862/1391/1322 853/1382/1313 861/1383/1314
f 862/1391/1322 861/1383/1314 870/1392/1323
f 870/1392/1323 861/1383/1314 869/1384/1315
f 870/1392/1323 869/1384/1315 878/1393/1324
f 878/1393/1324 869/1384/1315 877/1385/1316
f 878/1393/1324 877/1385/1316 886/1394/1325
f 886/1394/1325 877/1385/1316 885/1386/1317
f 886/1394/1325 885/1386/1317 894/1395/1326
f 894/1395/1326 885/1386/1317 893/1387/1318
f 894/1395/1326 893/1387/1318 902/1396/1327
f 902/1396/1327 893/1387/1318 901/1388/1319
f 902/1396/1327 901/1388/1319 910/1397/1328
f 910/1397/1328 901/1388/1319 909/1389/1320
f 910/1397/1328 909/1389/1320 918/1323/1260
f 918/1323/1260 909/1389/1320 917/1325/1261
f 847/1362/1293 846/1360/1291 855/1398/1329
f 855/1398/1329 846/1360/1291 854/1390/1321
f 855/1398/1329 854/1390/1321 863/1399/1330
f 863/1399/1330 854/1390/1321 862/1391/1322
f 863/1399/1330 862/1391/1322 871/1400/1331
f 871/1400/1331 862/1391/1322 870/1392/1323
f 871/1400/1331 870/1392/1323 879/1401/1332
f 879/1401/1332 870/1392/1323 878/1393/1324
f 879/1401/1332 878/1393/1324 887/1402/1333
f 887/1402/1333 878/1393/1324 886/1394/1325
f 887/1402/1333 886/1394/1325 895/1403/1334
f 895/1403/1334 886/1394/1325 894/1395/1326
f 895/1403/1334 894/1395/1326 903/1404/1335
f 903/1404/1335 894/1395/1326 902/1396/1327
f 903/1404/1335 902/1396/1327 911/1405/1336
f 911/1405/1336 902/1396/1327 910/1397/1328
f 911/1405/1336 910/1397/1328 919/1321/1259
f 919/1321/1259 910/1397/1328 918/1323/1260
f 857/1300/1241 849/1298/1239 848/1364/1295
f 848/1364/1295 847/1362/1293 856/1406/1337
f 856/1406/1337 847/1362/1293 855/1398/1329
f 856/1406/1337 855/1398/1329 864/1407/1338
f 864/1407/1338 855/1398/1329 863/1399/1330
f 864/1407/1338 863/1399/1330 872/1408/1339
f 872/1408/1339 863/1399/1330 871/1400/1331
f 872/1408/1339 871/1400/1331 880/1409/1340
f 880/1409/1340 871/1400/1331 879/1401/1332
f 880/1409/1340 879/1401/1332 888/1410/1341
f 888/1410/1341 879/1401/1332 887/1402/1333
f 888/1410/1341 887/1402/1333 896/1411/1342
f 896/1411/1342 887/1402/1333 895/1403/1334
f 896/1411/1342 895/1403/1334 904/1412/1343
f 904/1412/1343 895/1403/1334 903/1404/1335
f 904/1412/1343 903/1404/1335 912/1413/1344
f 912/1413/1344 903/1404/1335 911/1405/1336
f 912/1413/1344 911/1405/1336 920/1319/1258
f 920/1319/1258 911/1405/1336 919/1321/1259
f 865/1302/1243 857/1300/1241 856/1406/1337
f 856/1406/1337 857/1300/1241 848/1364/1295
f 865/1302/1243 856/1406/1337 864/1407/1338
f 873/1304/1245 865/1302/1243 864/1407/1338
f 873/1304/1245 864/1407/1338 872/1408/1339
f 881/1306/1247 873/1304/1245 872/1408/1339
f 881/1306/1247 872/1408/1339 880/1409/1340
f 889/1308/1249 881/1306/1247 880/1409/1340
f 889/1308/1249 880/1409/1340 888/1410/1341
f 897/1310/1251 889/1308/1249 888/1410/1341
f 897/1310/1251 888/1410/1341 896/1411/1342
f 905/1312/1253 897/1310/1251 896/1411/1342
f 905/1312/1253 896/1411/1342 904/1412/1343
f 913/1314/1255 905/1312/1253 904/1412/1343
f 913/1314/1255 904/1412/1343 912/1413/1344
f 921/1316/1257 913/1314/1255 912/1413/1344
f 921/1316/1257 912/1413/1344 920/1319/1258
f 291/1414/1236 288/1415/1345 824/1416/1237
f 824/1416/1237 288/1415/1345 922/1417/1346
f 824/1416/1237 922/1417/1346 825/1418/1296
f 825/1418/1296 922/1417/1346 923/1419/1347
f 825/1418/1296 923/1419/1347 826/1420/1294
f 826/1420/1294 923/1419/1347 924/1421/1348
f 826/1420/1294 924/1421/1348 827/1422/1292
f 827/1422/1292 924/1421/1348 925/1423/1349
f 827/1422/1292 925/1423/1349 828/1424/1290
f 828/1424/1290 925/1423/1349 926/1425/1350
f 828/1424/1290 926/1425/1350 829/1426/1288
f 829/1426/1288 926/1425/1350 927/1427/1351
f 829/1426/1288 927/1427/1351 830/1428/1286
f 830/1428/1286 927/1427/1351 928/1429/1352
f 830/1428/1286 928/1429/1352 831/1430/1284
f 831/1430/1284 928/1429/1352 929/1431/1353
f 831/1430/1284 929/1431/1353 832/1432/1283
f 832/1432/1283 929/1431/1353 930/1433/1354
f 284/1434/1355 265/1435/1356 952/1436/1357
f 952/1436/1357 265/1435/1356 931/1437/1358
f 952/1436/1357 931/1437/1358 932/1438/1359
f 952/1436/1357 932/1438/1359 951/1439/1360
f 951/1439/1360 932/1438/1359 933/1440/1361
f 951/1439/1360 933/1440/1361 950/1441/1362
f 950/1441/1362 933/1440/1361 934/1442/1363
f 950/1441/1362 934/1442/1363 949/1443/1364
f 949/1443/1364 934/1442/1363 935/1444/1365
f 949/1443/1364 935/1444/1365 948/1445/1366
f 948/1445/1366 935/1444/1365 936/1446/1367
f 948/1445/1366 936/1446/1367 947/1447/1368
f 947/1447/1368 936/1446/1367 937/1448/1369
f 947/1447/1368 937/1448/1369 946/1449/1370
f 946/1449/1370 937/1448/1369 938/1450/1371
f 946/1449/1370 938/1450/1371 945/1451/1372
f 945/1451/1372 938/1450/1371 939/1452/1373
f 945/1451/1372 939/1452/1373 940/1453/1374
f 945/1451/1372 940/1453/1374 953/1454/1375
f 953/1454/1375 940/1453/1374 941/1455/1376
f 953/1454/1375 941/1455/1376 961/1456/1377
f 961/1456/1377 941/1455/1376 942/1457/1378
f 961/1456/1377 942/1457/1378 969/1458/1379
f 969/1458/1379 942/1457/1378 943/1459/1380
f 969/1458/1379 943/1459/1380 977/1460/1381
f 977/1460/1381 943/1459/1380 944/1461/1382
f 977/1460/1381 944/1461/1382 929/1462/1353
f 929/1462/1353 944/1461/1382 930/1463/1354
f 929/1462/1353 928/1464/1352 977/1460/1381
f 977/1460/1381 928/1464/1352 978/1465/1383
f 977/1460/1381 978/1465/1383 969/1458/1379
f 969/1458/1379 978/1465/1383 970/1466/1384
f 969/1458/1379 970/1466/1384 961/1456/1377
f 961/1456/1377 970/1466/1384 962/1467/1385
f 961/1456/1377 962/1467/1385 953/1454/1375
f 953/1454/1375 962/1467/1385 954/1468/1386
f 953/1454/1375 954/1468/1386 945/1451/1372
f 945/1451/1372 954/1468/1386 946/1449/1370
f 928/1464/1352 927/1469/1351 978/1465/1383
f 978/1465/1383 927/1469/1351 979/1470/1387
f 978/1465/1383 979/1470/1387 970/1466/1384
f 970/1466/1384 979/1470/1387 971/1471/1388
f 970/1466/1384 971/1471/1388 962/1467/1385
f 962/1467/1385 971/1471/1388 963/1472/1389
f 962/1467/1385 963/1472/1389 954/1468/1386
f 954/1468/1386 963/1472/1389 955/1473/1390
f 954/1468/1386 955/1473/1390 946/1449/1370
f 946/1449/1370 955/1473/1390 947/1447/1368
f 927/1469/1351 926/1474/1350 979/1470/1387
f 979/1470/1387 926/1474/1350 980/1475/1391
f 979/1470/1387 980/1475/1391 971/1471/1388
f 971/1471/1388 980/1475/1391 972/1476/1392
f 971/1471/1388 972/1476/1392 963/1472/1389
f 963/1472/1389 972/1476/1392 964/1477/1393
f 963/1472/1389 964/1477/1393 955/1473/1390
f 955/1473/1390 964/1477/1393 956/1478/1394
f 955/1473/1390 956/1478/1394 947/1447/1368
f 947/1447/1368 956/1478/1394 948/1445/1366
f 926/1474/1350 925/1479/1349 980/1475/1391
f 980/1475/1391 925/1479/1349 981/1480/1395
f 980/1475/1391 981/1480/1395 972/1476/1392
f 972/1476/1392 981/1480/1395 973/1481/1396
f 972/1476/1392 973/1481/1396 964/1477/1393
f 964/1477/1393 973/1481/1396 965/1482/1397
f 964/1477/1393 965/1482/1397 956/1478/1394
f 956/1478/1394 965/1482/1397 957/1483/1398
f 956/1478/1394 957/1483/1398 948/1445/1366
f 948/1445/1366 957/1483/1398 949/1443/1364
f 925/1479/1349 924/1484/1348 981/1480/1395
f 981/1480/1395 924/1484/1348 982/1485/1399
f 981/1480/1395 982/1485/1399 973/1481/1396
f 973/1481/1396 982/1485/1399 974/1486/1400
f 973/1481/1396 974/1486/1400 965/1482/1397
f 965/1482/1397 974/1486/1400 966/1487/1401
f 965/1482/1397 966/1487/1401 957/1483/1398
f 957/1483/1398 966/1487/1401 958/1488/1402
f 957/1483/1398 958/1488/1402 949/1443/1364
f 949/1443/1364 958/1488/1402 950/1441/1362
f 924/1484/1348 923/1489/1347 982/1485/1399
f 982/1485/1399 923/1489/1347 983/1490/1403
f 982/1485/1399 983/1490/1403 974/1486/1400
f 974/1486/1400 983/1490/1403 975/1491/1404
f 974/1486/1400 975/1491/1404 966/1487/1401
f 966/1487/1401 975/1491/1404 967/1492/1405
f 966/1487/1401 967/1492/1405 958/1488/1402
f 958/1488/1402 967/1492/1405 959/1493/1406
f 958/1488/1402 959/1493/1406 950/1441/1362
f 950/1441/1362 959/1493/1406 951/1439/1360
f 923/1489/1347 922/1494/1346 983/1490/1403
f 983/1490/1403 922/1494/1346 984/1495/1407
f 983/1490/1403 984/1495/1407 975/1491/1404
f 975/1491/1404 984/1495/1407 976/1496/1408
f 975/1491/1404 976/1496/1408 967/1492/1405
f 967/1492/1405 976/1496/1408 968/1497/1409
f 967/1492/1405 968/1497/1409 959/1493/1406
f 959/1493/1406 968/1497/1409 960/1498/1410
f 959/1493/1406 960/1498/1410 951/1439/1360
f 951/1439/1360 960/1498/1410 952/1436/1357
f 922/1494/1346 288/1499/1345 984/1495/1407
f 984/1495/1407 288/1499/1345 287/1500/1411
f 984/1495/1407 287/1500/1411 976/1496/1408
f 976/1496/1408 287/1500/1411 286/1501/1412
f 976/1496/1408 286/1501/1412 968/1497/1409
f 968/1497/1409 286/1501/1412 285/1502/1413
f 968/1497/1409 285/1502/1413 960/1498/1410
f 960/1498/1410 285/1502/1413 284/1434/1355
f 960/1498/1410 284/1434/1355 952/1436/1357
f 268/1503/1414 258/1504/1415 995/1505/1416
f 995/1505/1416 258/1504/1415 985/1506/1417
f 995/1505/1416 985/1506/1417 999/1507/1418
f 999/1507/1418 985/1506/1417 986/1508/1419
f 999/1507/1418 986/1508/1419 1003/1509/1420
f 1003/1509/1420 986/1508/1419 987/1510/1421
f 1003/1509/1420 987/1510/1421 1007/1511/1422
f 1007/1511/1422 987/1510/1421 988/1512/1423
f 1007/1511/1422 988/1512/1423 1011/1513/1424
f 1011/1513/1424 988/1512/1423 989/1514/1425
f 1011/1513/1424 989/1514/1425 1015/1515/1426
f 1015/1515/1426 989/1514/1425 990/1516/1427
f 1015/1515/1426 990/1516/1427 1019/1517/1428
f 1019/1517/1428 990/1516/1427 991/1518/1429
f 1019/1517/1428 991/1518/1429 1023/1519/1430
f 1023/1519/1430 991/1518/1429 992/1520/1431
f 1023/1519/1430 992/1520/1431 993/1521/1432
f 993/1521/1432 994/1522/1433 1023/1519/1430
f 1023/1519/1430 994/1522/1433 1024/1523/1434
f 1023/1519/1430 1024/1523/1434 1019/1517/1428
f 1019/1517/1428 1024/1523/1434 1020/1524/1435
f 1019/1517/1428 1020/1524/1435 1015/1515/1426
f 1015/1515/1426 1020/1524/1435 1016/1525/1436
f 1015/1515/1426 1016/1525/1436 1011/1513/1424
f 1011/1513/1424 1016/1525/1436 1012/1526/1437
f 1011/1513/1424 1012/1526/1437 1007/1511/1422
f 1007/1511/1422 1012/1526/1437 1008/1527/1438
f 1007/1511/1422 1008/1527/1438 1003/1509/1420
f 1003/1509/1420 1008/1527/1438 1004/1528/1439
f 1003/1509/1420 1004/1528/1439 999/1507/1418
f 999/1507/1418 1004/1528/1439 1000/1529/1440
f 999/1507/1418 1000/1529/1440 995/1505/1416
f 995/1505/1416 1000/1529/1440 996/1530/1441
f 995/1505/1416 996/1530/1441 268/1503/1414
f 268/1503/1414 996/1530/1441 997/1531/1442
f 268/1503/1414 997/1531/1442 998/1532/1443
f 998/1532/1443 997/1531/1442 1002/1533/1444
f 998/1532/1443 1002/1533/1444 932/1534/1445
f 932/1534/1445 1002/1533/1444 933/1535/1446
f 933/1535/1446 1002/1533/1444 1006/1536/1447
f 933/1535/1446 1006/1536/1447 934/1537/1448
f 934/1537/1448 1006/1536/1447 1010/1538/1449
f 934/1537/1448 1010/1538/1449 935/1539/1450
f 935/1539/1450 1010/1538/1449 1014/1540/1451
f 935/1539/1450 1014/1540/1451 936/1541/1452
f 936/1541/1452 1014/1540/1451 1018/1542/1453
f 936/1541/1452 1018/1542/1453 937/1543/1454
f 937/1543/1454 1018/1542/1453 1022/1544/1455
f 937/1543/1454 1022/1544/1455 938/1545/1456
f 938/1545/1456 1022/1544/1455 1026/1546/1457
f 938/1545/1456 1026/1546/1457 939/1547/1458
f 939/1547/1458 1026/1546/1457 994/1522/1433
f 994/1522/1433 1026/1546/1457 1025/1548/1459
f 994/1522/1433 1025/1548/1459 1024/1523/1434
f 1024/1523/1434 1025/1548/1459 1020/1524/1435
f 932/1534/1445 931/1549/1460 998/1532/1443
f 998/1532/1443 931/1549/1460 265/1550/1461
f 998/1532/1443 265/1550/1461 268/1503/1414
f 997/1531/1442 996/1530/1441 1001/1551/1462
f 1001/1551/1462 996/1530/1441 1000/1529/1440
f 1001/1551/1462 1000/1529/1440 1005/1552/1463
f 1005/1552/1463 1000/1529/1440 1004/1528/1439
f 1005/1552/1463 1004/1528/1439 1009/1553/1464
f 1009/1553/1464 1004/1528/1439 1008/1527/1438
f 1009/1553/1464 1008/1527/1438 1013/1554/1465
f 1013/1554/1465 1008/1527/1438 1012/1526/1437
f 1013/1554/1465 1012/1526/1437 1017/1555/1466
f 1017/1555/1466 1012/1526/1437 1016/1525/1436
f 1017/1555/1466 1016/1525/1436 1021/1556/1467
f 1021/1556/1467 1016/1525/1436 1020/1524/1435
f 1021/1556/1467 1020/1524/1435 1025/1548/1459
f 1006/1536/1447 1002/1533/1444 1001/1551/1462
f 1001/1551/1462 1002/1533/1444 997/1531/1442
f 1006/1536/1447 1001/1551/1462 1005/1552/1463
f 1010/1538/1449 1006/1536/1447 1005/1552/1463
f 1010/1538/1449 1005/1552/1463 1009/1553/1464
f 1014/1540/1451 1010/1538/1449 1009/1553/1464
f 1014/1540/1451 1009/1553/1464 1013/1554/1465
f 1018/1542/1453 1014/1540/1451 1013/1554/1465
f 1018/1542/1453 1013/1554/1465 1017/1555/1466
f 1022/1544/1455 1018/1542/1453 1017/1555/1466
f 1022/1544/1455 1017/1555/1466 1021/1556/1467
f 1026/1546/1457 1022/1544/1455 1021/1556/1467
f 1026/1546/1457 1021/1556/1467 1025/1548/1459
f 258/1557/1468 257/1558/1469 985/1559/1470
f 985/1559/1470 257/1558/1469 1039/1560/1471
f 985/1559/1470 1039/1560/1471 1040/1561/1472
f 1040/1561/1472 1039/1560/1471 1048/1562/1473
f 1040/1561/1472 1048/1562/1473 1049/1563/1474
f 1049/1563/1474 1048/1562/1473 1029/1564/1475
f 1049/1563/1474 1029/1564/1475 1030/1565/1476
f 257/1558/1469 256/1566/1477 1039/1560/1471
f 1039/1560/1471 256/1566/1477 1047/1567/1478
f 1039/1560/1471 1047/1567/1478 1048/1562/1473
f 1048/1562/1473 1047/1567/1478 1028/1568/1479
f 1048/1562/1473 1028/1568/1479 1029/1564/1475
f 256/1566/1477 255/1569/1480 1047/1567/1478
f 1047/1567/1478 255/1569/1480 1027/1570/1481
f 1047/1567/1478 1027/1570/1481 1028/1568/1479
f 255/1569/1480 168/1571/1482 1027/1570/1481
f 1049/1563/1474 1030/1565/1476 1050/1572/1483
f 1050/1572/1483 1030/1565/1476 1031/1573/1484
f 1050/1572/1483 1031/1573/1484 1051/1574/1485
f 1051/1574/1485 1031/1573/1484 1032/1575/1486
f 1051/1574/1485 1032/1575/1486 1052/1576/1487
f 1052/1576/1487 1032/1575/1486 1033/1577/1488
f 1052/1576/1487 1033/1577/1488 1053/1578/1489
f 1053/1578/1489 1033/1577/1488 1034/1579/1490
f 1053/1578/1489 1034/1579/1490 1054/1580/1491
f 1054/1580/1491 1034/1579/1490 1036/1581/1492
f 1054/1580/1491 1036/1581/1492 1037/1582/1493
f 1034/1579/1490 1035/1583/1494 1036/1581/1492
f 1054/1580/1491 1037/1582/1493 1046/1584/1495
f 1046/1584/1495 1037/1582/1493 1038/1585/1496
f 1046/1584/1495 1038/1585/1496 992/1586/1497
f 992/1586/1497 1038/1585/1496 993/1587/1498
f 992/1586/1497 991/1588/1499 1046/1584/1495
f 1046/1584/1495 991/1588/1499 1045/1589/1500
f 1046/1584/1495 1045/1589/1500 1054/1580/1491
f 1054/1580/1491 1045/1589/1500 1053/1578/1489
f 991/1588/1499 990/1590/1501 1045/1589/1500
f 1045/1589/1500 990/1590/1501 1044/1591/1502
f 1045/1589/1500 1044/1591/1502 1053/1578/1489
f 1053/1578/1489 1044/1591/1502 1052/1576/1487
f 990/1590/1501 989/1592/1503 1044/1591/1502
f 1044/1591/1502 989/1592/1503 1043/1593/1504
f 1044/1591/1502 1043/1593/1504 1052/1576/1487
f 1052/1576/1487 1043/1593/1504 1051/1574/1485
f 989/1592/1503 988/1594/1505 1043/1593/1504
f 1043/1593/1504 988/1594/1505 1042/1595/1506
f 1043/1593/1504 1042/1595/1506 1051/1574/1485
f 1051/1574/1485 1042/1595/1506 1050/1572/1483
f 988/1594/1505 987/1596/1507 1042/1595/1506
f 1042/1595/1506 987/1596/1507 1041/1597/1508
f 1042/1595/1506 1041/1597/1508 1050/1572/1483
f 1050/1572/1483 1041/1597/1508 1049/1563/1474
f 987/1596/1507 986/1598/1509 1041/1597/1508
f 1041/1597/1508 986/1598/1509 1040/1561/1472
f 1041/1597/1508 1040/1561/1472 1049/1563/1474
f 986/1598/1509 985/1559/1470 1040/1561/1472
f 1055/1599/1510 1035/1600/1511 1065/1601/1512
f 1065/1601/1512 1035/1600/1511 1066/1602/1513
f 1065/1601/1512 1066/1602/1513 1064/1603/1514
f 1064/1603/1514 1066/1602/1513 1063/1604/1515
f 1063/1604/1515 1066/1602/1513 1067/1605/1516
f 1063/1604/1515 1067/1605/1516 1062/1606/1517
f 1062/1606/1517 1067/1605/1516 1068/1607/1518
f 1062/1606/1517 1068/1607/1518 1061/1608/1519
f 1061/1608/1519 1068/1607/1518 1069/1609/1520
f 1061/1608/1519 1069/1609/1520 1060/1610/1521
f 1060/1610/1521 1069/1609/1520 1070/1611/1522
f 1060/1610/1521 1070/1611/1522 1059/1612/1523
f 1059/1612/1523 1070/1611/1522 1071/1613/1524
f 1059/1612/1523 1071/1613/1524 1058/1614/1525
f 1058/1614/1525 1071/1613/1524 1072/1615/1526
f 1058/1614/1525 1072/1615/1526 1057/1616/1527
f 1057/1616/1527 1072/1615/1526 1073/1617/1528
f 1057/1616/1527 1073/1617/1528 1056/1618/1529
f 1056/1618/1529 1073/1617/1528 167/1619/1530
f 167/1619/1530 1073/1617/1528 168/1620/1531
f 168/1620/1531 1073/1617/1528 1027/1621/1532
f 1027/1621/1532 1073/1617/1528 1028/1622/1533
f 1028/1622/1533 1073/1617/1528 1072/1615/1526
f 1028/1622/1533 1072/1615/1526 1029/1623/1534
f 1029/1623/1534 1072/1615/1526 1071/1613/1524
f 1029/1623/1534 1071/1613/1524 1030/1624/1535
f 1030/1624/1535 1071/1613/1524 1070/1611/1522
f 1030/1624/1535 1070/1611/1522 1031/1625/1536
f 1031/1625/1536 1070/1611/1522 1069/1609/1520
f 1031/1625/1536 1069/1609/1520 1032/1626/1537
f 1032/1626/1537 1069/1609/1520 1068/1607/1518
f 1032/1626/1537 1068/1607/1518 1033/1627/1538
f 1033/1627/1538 1068/1607/1518 1067/1605/1516
f 1033/1627/1538 1067/1605/1516 1034/1628/1539
f 1034/1628/1539 1067/1605/1516 1066/1602/1513
f 1034/1628/1539 1066/1602/1513 1035/1600/1511
f 141/1629/1540 140/1630/1541 167/1631/1542
f 167/1631/1542 140/1630/1541 139/1632/1543
f 167/1631/1542 139/1632/1543 1056/1633/1544
f 1056/1633/1544 139/1632/1543 1074/1634/1545
f 1056/1633/1544 1074/1634/1545 1057/1635/1546
f 1057/1635/1546 1074/1634/1545 1075/1636/1547
f 1057/1635/1546 1075/1636/1547 1058/1637/1548
f 1058/1637/1548 1075/1636/1547 1076/1638/1549
f 1058/1637/1548 1076/1638/1549 1059/1639/1550
f 1059/1639/1550 1076/1638/1549 1077/1640/1551
f 1059/1639/1550 1077/1640/1551 1060/1641/1552
f 1060/1641/1552 1077/1640/1551 1078/1642/1553
f 1060/1641/1552 1078/1642/1553 1061/1643/1554
f 1061/1643/1554 1078/1642/1553 1079/1644/1555
f 1061/1643/1554 1079/1644/1555 1062/1645/1556
f 1062/1645/1556 1079/1644/1555 1080/1646/1557
f 1062/1645/1556 1080/1646/1557 1063/1647/1558
f 1063/1647/1558 1080/1646/1557 1081/1648/1559
f 1063/1647/1558 1081/1648/1559 1064/1649/1560
f 1064/1649/1560 1081/1648/1559 145/1650/1561
f 1064/1649/1560 145/1650/1561 144/1651/1562
f 139/1632/1543 138/1652/1563 1074/1634/1545
f 1074/1634/1545 138/1652/1563 137/1653/1564
f 1074/1634/1545 137/1653/1564 1075/1636/1547
f 1075/1636/1547 137/1653/1564 136/1654/1565
f 1075/1636/1547 136/1654/1565 135/1655/1566
f 1075/1636/1547 135/1655/1566 1076/1638/1549
f 1076/1638/1549 135/1655/1566 134/1656/1567
f 1076/1638/1549 134/1656/1567 133/1657/1568
f 1076/1638/1549 133/1657/1568 1077/1640/1551
f 1077/1640/1551 133/1657/1568 132/1658/1569
f 1077/1640/1551 132/1658/1569 156/1659/1570
f 156/1659/1570 132/1658/1569 157/1660/1571
f 157/1660/1571 132/1658/1569 158/1661/1572
f 158/1661/1572 132/1658/1569 131/1662/1573
f 156/1659/1570 155/1663/1574 1077/1640/1551
f 1077/1640/1551 155/1663/1574 154/1664/1575
f 1077/1640/1551 154/1664/1575 1078/1642/1553
f 1078/1642/1553 154/1664/1575 153/1665/1576
f 1078/1642/1553 153/1665/1576 152/1666/1577
f 152/1666/1577 151/1667/1578 1078/1642/1553
f 1078/1642/1553 151/1667/1578 1079/1644/1555
f 151/1667/1578 150/1668/1579 1079/1644/1555
f 1079/1644/1555 150/1668/1579 149/1669/1580
f 1079/1644/1555 149/1669/1580 1080/1646/1557
f 1080/1646/1557 149/1669/1580 148/1670/1581
f 1080/1646/1557 148/1670/1581 147/1671/1582
f 1080/1646/1557 147/1671/1582 1081/1648/1559
f 1081/1648/1559 147/1671/1582 146/1672/1583
f 1081/1648/1559 146/1672/1583 145/1650/1561
f 122/1673/1584 559/1674/1585 99/1675/1586
f 99/1675/1586 559/1674/1585 558/1676/1587
f 99/1675/1586 558/1676/1587 557/1677/1588
f 520/1678/1589 100/1679/1590 557/1677/1588
f 557/1677/1588 100/1679/1590 99/1675/1586
f 520/1680/1591 557/1681/1592 514/1682/1593
f 514/1682/1593 557/1681/1592 556/1683/1594
f 514/1682/1593 556/1683/1594 515/1684/1595
f 515/1684/1595 556/1683/1594 516/1685/1596
f 516/1685/1596 556/1683/1594 517/1686/1597
f 517/1686/1597 556/1683/1594 592/1687/1598
f 517/1686/1597 592/1687/1598 518/1688/1599
f 518/1688/1599 592/1687/1598 513/1689/1600
f 513/1689/1600 592/1687/1598 621/1690/1003
f 513/1689/1600 621/1690/1003 1083/1691/1601
f 1083/1691/1601 621/1690/1003 620/1692/1602
f 1083/1691/1601 620/1692/1602 430/1693/1603
f 430/1693/1603 620/1692/1602 431/1694/1604
f 431/1694/1604 620/1692/1602 432/1695/1605
f 432/1695/1605 620/1692/1602 433/1696/1606
f 433/1696/1606 620/1692/1602 667/1697/1065
f 433/1696/1606 667/1697/1065 434/1698/1607
f 434/1698/1607 667/1697/1065 666/1699/1063
f 434/1698/1607 666/1699/1063 435/1700/1608
f 435/1700/1608 666/1699/1063 665/1701/1061
f 435/1700/1608 665/1701/1061 436/1702/1609
f 436/1702/1609 665/1701/1061 664/1703/1059
f 436/1702/1609 664/1703/1059 663/1704/1057
f 556/1683/1594 595/1705/1610 592/1687/1598
f 592/1687/1598 595/1705/1610 594/1706/1611
f 592/1687/1598 594/1706/1611 593/1707/1612
f 436/1702/1609 663/1704/1057 437/1708/1613
f 437/1708/1613 663/1704/1057 662/1709/1056
f 437/1708/1613 662/1709/1056 438/1710/1614
f 438/1710/1614 662/1709/1056 716/1711/1116
f 438/1710/1614 716/1711/1116 439/1712/1615
f 439/1712/1615 716/1711/1116 734/1713/1146
f 439/1712/1615 734/1713/1146 733/1714/1148
f 439/1712/1615 733/1714/1148 440/1715/1616
f 440/1715/1616 733/1714/1148 732/1716/1150
f 440/1715/1616 732/1716/1150 731/1717/1152
f 731/1717/1152 730/1718/1154 440/1715/1616
f 440/1715/1616 730/1718/1154 729/1719/1156
f 440/1715/1616 729/1719/1156 441/1720/1617
f 441/1720/1617 729/1719/1156 728/1721/1158
f 441/1720/1617 728/1721/1158 727/1722/1160
f 727/1722/1160 726/1723/1162 441/1720/1617
f 441/1720/1617 726/1723/1162 725/1724/1164
f 441/1720/1617 725/1724/1164 442/1725/1618
f 442/1725/1618 725/1724/1164 443/1726/1619
f 443/1726/1619 725/1724/1164 823/1727/1235
f 443/1726/1619 823/1727/1235 444/1728/1620
f 444/1728/1620 823/1727/1235 445/1729/1621
f 445/1729/1621 823/1727/1235 841/1730/1265
f 445/1729/1621 841/1730/1265 840/1731/1267
f 840/1731/1267 839/1732/1269 445/1729/1621
f 445/1729/1621 839/1732/1269 838/1733/1271
f 445/1729/1621 838/1733/1271 446/1734/1622
f 446/1734/1622 838/1733/1271 837/1735/1273
f 446/1734/1622 837/1735/1273 836/1736/1275
f 836/1736/1275 835/1737/1277 446/1734/1622
f 446/1734/1622 835/1737/1277 834/1738/1279
f 446/1734/1622 834/1738/1279 447/1739/1623
f 447/1739/1623 834/1738/1279 833/1740/1281
f 447/1739/1623 833/1740/1281 832/1741/1283
f 447/1739/1623 832/1741/1283 448/1742/1624
f 448/1742/1624 832/1741/1283 930/1743/1354
f 448/1742/1624 930/1743/1354 449/1744/1625
f 449/1744/1625 930/1743/1354 944/1745/1382
f 449/1744/1625 944/1745/1382 450/1746/1626
f 450/1746/1626 944/1745/1382 943/1747/1380
f 450/1746/1626 943/1747/1380 942/1748/1378
f 450/1746/1626 942/1748/1378 451/1749/1627
f 451/1749/1627 942/1748/1378 941/1750/1376
f 451/1749/1627 941/1750/1376 452/1751/1628
f 452/1751/1628 941/1750/1376 940/1752/1374
f 452/1751/1628 940/1752/1374 453/1753/1629
f 453/1753/1629 940/1752/1374 939/1754/1630
f 453/1753/1629 939/1754/1630 454/1755/1631
f 454/1755/1631 939/1754/1630 455/1756/1632
f 455/1756/1632 939/1754/1630 456/1757/1633
f 456/1757/1633 939/1754/1630 1082/1758/1634
f 456/1757/1633 1082/1758/1634 416/1759/1635
f 416/1759/1635 1082/1758/1634 411/1760/1636
f 411/1760/1636 1082/1758/1634 994/1761/1433
f 411/1760/1636 994/1761/1433 993/1762/1637
f 939/1754/1630 994/1761/1433 1082/1758/1634
f 1038/1763/1638 1037/1764/1639 993/1762/1637
f 993/1762/1637 1037/1764/1639 1036/1765/1640
f 993/1762/1637 1036/1765/1640 1035/1766/1641
f 1055/1767/1642 409/1768/1643 1035/1766/1641
f 1035/1766/1641 409/1768/1643 415/1769/1644
f 1035/1766/1641 415/1769/1644 414/1770/1645
f 1055/1767/1642 410/1771/1646 409/1768/1643
f 414/1770/1645 413/1772/1647 1035/1766/1641
f 1035/1766/1641 413/1772/1647 993/1762/1637
f 413/1772/1647 412/1773/1648 993/1762/1637
f 993/1762/1637 412/1773/1648 411/1760/1636
f 456/1757/1633 416/1759/1635 457/1774/1649
f 457/1774/1649 416/1759/1635 423/1775/1650
f 457/1774/1649 423/1775/1650 458/1776/1651
f 458/1776/1651 423/1775/1650 422/1777/1652
f 458/1776/1651 422/1777/1652 459/1778/1653
f 459/1778/1653 422/1777/1652 421/1779/1654
f 459/1778/1653 421/1779/1654 420/1780/1655
f 459/1778/1653 420/1780/1655 460/1781/1656
f 460/1781/1656 420/1780/1655 419/1782/1657
f 460/1781/1656 419/1782/1657 461/1783/1658
f 461/1783/1658 419/1782/1657 418/1784/1659
f 461/1783/1658 418/1784/1659 417/1785/1660
f 1083/1691/1601 430/1693/1603 506/1786/1661
f 506/1786/1661 430/1693/1603 429/1787/1662
f 506/1786/1661 429/1787/1662 507/1788/1663
f 507/1788/1663 429/1787/1662 428/1789/1664
f 507/1788/1663 428/1789/1664 508/1790/1665
f 508/1790/1665 428/1789/1664 427/1791/1666
f 508/1790/1665 427/1791/1666 509/1792/1667
f 509/1792/1667 427/1791/1666 510/1793/1668
f 510/1793/1668 427/1791/1666 426/1794/1669
f 510/1793/1668 426/1794/1669 511/1795/1670
f 511/1795/1670 426/1794/1669 425/1796/1671
f 511/1795/1670 425/1796/1671 512/1797/1672
f 512/1797/1672 425/1796/1671 424/1798/1673
f 506/1786/1661 513/1689/1600 1083/1691/1601
f 144/1799/1674 143/1800/1675 1064/1801/1676
f 1064/1801/1676 143/1800/1675 1065/1802/1677
f 1065/1802/1677 143/1800/1675 1055/1803/1678
f 1055/1803/1678 143/1800/1675 1084/1804/1679
f 1055/1803/1678 1084/1804/1679 410/1805/1680
f 167/1806/1530 142/1807/1681 141/1808/1682
f 535/1809/1683 534/1810/1684 519/1811/1685
f 519/1811/1685 534/1810/1684 533/1812/1686
f 519/1811/1685 533/1812/1686 532/1813/1687
f 532/1813/1687 531/1814/1688 519/1811/1685
f 519/1811/1685 531/1814/1688 530/1815/1689
f 519/1811/1685 530/1815/1689 529/1816/1690
f 529/1816/1690 528/1817/1691 519/1811/1685
f 519/1811/1685 528/1817/1691 527/1818/1692
f 519/1811/1685 527/1818/1692 526/1819/1693
f 519/1811/1685 526/1819/1693 520/1820/1694
f 520/1820/1694 526/1819/1693 525/1821/1695
f 520/1820/1694 525/1821/1695 100/1822/1696
f 100/1822/1696 525/1821/1695 524/1823/1697
f 100/1822/1696 524/1823/1697 523/1824/1698
f 523/1824/1698 522/1825/1699 100/1822/1696
f 100/1822/1696 522/1825/1699 521/1826/1700
f 100/1822/1696 521/1826/1700 70/1827/1701
f 70/1827/1701 69/1828/1702 100/1822/1696
f 76/1829/1703 75/1830/1704 1084/1831/1705
f 1084/1831/1705 75/1830/1704 408/1832/1706
f 1084/1831/1705 408/1832/1706 407/1833/1707
f 407/1833/1707 406/1834/1708 1084/1831/1705
f 1084/1831/1705 406/1834/1708 405/1835/1709
f 1084/1831/1705 405/1835/1709 404/1836/1710
f 1084/1831/1705 404/1836/1710 410/1837/1711
f 410/1837/1711 404/1836/1710 403/1838/1712
f 410/1837/1711 403/1838/1712 393/1839/1713
f 393/1839/1713 403/1838/1712 402/1840/1714
f 393/1839/1713 402/1840/1714 401/1841/1715
f 401/1841/1715 400/1842/1716 393/1839/1713
f 393/1839/1713 400/1842/1716 399/1843/1717
f 393/1839/1713 399/1843/1717 398/1844/1718
f 398/1844/1718 397/1845/1719 393/1839/1713
f 393/1839/1713 397/1845/1719 396/1846/1720
f 393/1839/1713 396/1846/1720 395/1847/1721
f 395/1847/1721 394/1848/1722 393/1839/1713
f 1084/1849/1723 1085/1850/1724 76/1851/1725
f 76/1851/1725 1085/1850/1724 77/1852/1726
f 79/1853/1727 78/1854/1728 1087/1855/1729
f 1087/1855/1729 78/1854/1728 1086/1856/1730
f 1088/1857/1731 1084/1858/1732 44/1859/1733
f 44/1859/1733 1084/1858/1732 143/1860/195
f 44/1859/1733 143/1860/195 23/1861/194
f 1089/1862/1734 1090/1863/1735 1088/1857/1731
f 1088/1857/1731 1090/1863/1735 1087/1864/1736
f 1088/1857/1731 1087/1864/1736 1086/1865/1737
f 1085/1866/1738 1084/1858/1732 1086/1865/1737
f 1086/1865/1737 1084/1858/1732 1088/1857/1731
f 78/1867/1739 77/1868/1740 1086/1869/1741
f 1086/1869/1741 77/1868/1740 1085/1870/1742
f 67/1871/1743 66/1872/1744 102/1873/1745
f 102/1873/1745 66/1872/1744 103/1874/1746
f 102/1875/1747 101/1876/1748 67/1877/1749
f 67/1877/1749 101/1876/1748 68/1878/1750
f 1092/1879/1751 1139/1880/1752 1091/1881/1753
f 1091/1881/1753 1139/1880/1752 1127/1882/1754
f 1091/1883/1753 1127/1884/1754 1471/1885/1755
f 1471/1885/1755 1127/1884/1754 1128/1886/1756
f 1471/1885/1755 1128/1886/1756 1472/1887/1757
f 1472/1887/1757 1128/1886/1756 1129/1888/1758
f 1472/1887/1757 1129/1888/1758 1473/1889/1759
f 1473/1889/1759 1129/1888/1758 1130/1890/1760
f 1473/1889/1759 1130/1890/1760 1474/1891/1761
f 1474/1891/1761 1130/1890/1760 1131/1892/1762
f 1474/1891/1761 1131/1892/1762 1475/1893/1763
f 1475/1893/1763 1131/1892/1762 1132/1894/1764
f 1475/1893/1763 1132/1894/1764 1476/1895/1765
f 1476/1895/1765 1132/1894/1764 1133/1896/1766
f 1476/1895/1765 1133/1896/1766 1477/1897/1767
f 1477/1897/1767 1133/1896/1766 1134/1898/1768
f 1477/1897/1767 1134/1898/1768 1478/1899/1769
f 1478/1899/1769 1134/1898/1768 462/1900/1770
f 1478/1899/1769 462/1900/1770 505/1901/1771
f 1139/1880/1752 1092/1879/1751 1147/1902/1772
f 1147/1902/1772 1092/1879/1751 1093/1903/1773
f 1147/1902/1772 1093/1903/1773 1155/1904/1774
f 1155/1904/1774 1093/1903/1773 1094/1905/1775
f 1155/1904/1774 1094/1905/1775 1163/1906/1776
f 1163/1906/1776 1094/1905/1775 1095/1907/1777
f 1163/1906/1776 1095/1907/1777 1138/1908/1778
f 1138/1908/1778 1095/1907/1777 1096/1909/1779
f 1138/1908/1778 1096/1909/1779 1193/1910/1780
f 1193/1910/1780 1096/1909/1779 1178/1911/1781
f 1193/1910/1780 1178/1911/1781 1179/1912/1782
f 1179/1912/1782 1178/1911/1781 1195/1913/1783
f 1179/1912/1782 1195/1913/1783 1196/1914/1784
f 1196/1914/1784 1195/1913/1783 1204/1915/1785
f 1196/1914/1784 1204/1915/1785 1205/1916/1786
f 1205/1916/1786 1204/1915/1785 1213/1917/1787
f 1205/1916/1786 1213/1917/1787 1214/1918/1788
f 1214/1918/1788 1213/1917/1787 1229/1919/1789
f 1214/1918/1788 1229/1919/1789 1228/1920/1790
f 1228/1920/1790 1229/1919/1789 1223/1921/1791
f 1228/1920/1790 1223/1921/1791 1224/1922/1792
f 1224/1922/1792 1223/1921/1791 1240/1923/1793
f 1224/1922/1792 1240/1923/1793 1241/1924/1794
f 1241/1924/1794 1240/1923/1793 1249/1925/1795
f 1241/1924/1794 1249/1925/1795 476/1926/597
f 476/1926/597 1249/1925/1795 477/1927/600
f 477/1927/600 1249/1925/1795 1257/1928/1796
f 477/1927/600 1257/1928/1796 478/1929/602
f 478/1929/602 1257/1928/1796 1264/1930/1797
f 478/1929/602 1264/1930/1797 479/1931/604
f 479/1931/604 1264/1930/1797 1273/1932/1798
f 479/1931/604 1273/1932/1798 480/1933/606
f 480/1933/606 1273/1932/1798 1272/1934/1799
f 480/1933/606 1272/1934/1799 481/1935/608
f 481/1935/608 1272/1934/1799 1288/1936/1800
f 481/1935/608 1288/1936/1800 482/1937/610
f 482/1937/610 1288/1936/1800 1296/1938/1801
f 482/1937/610 1296/1938/1801 483/1939/612
f 483/1939/612 1296/1938/1801 1304/1940/1802
f 483/1939/612 1304/1940/1802 484/1941/614
f 484/1941/614 1304/1940/1802 1313/1942/1803
f 484/1941/614 1313/1942/1803 485/1943/616
f 485/1943/616 1313/1942/1803 1312/1944/1804
f 485/1943/616 1312/1944/1804 486/1945/618
f 486/1945/618 1312/1944/1804 1328/1946/1805
f 486/1945/618 1328/1946/1805 487/1947/620
f 487/1947/620 1328/1946/1805 1336/1948/1806
f 487/1947/620 1336/1948/1806 488/1949/622
f 488/1949/622 1336/1948/1806 1344/1950/1807
f 488/1949/622 1344/1950/1807 489/1951/624
f 489/1951/624 1344/1950/1807 1351/1952/1808
f 489/1951/624 1351/1952/1808 490/1953/1809
f 490/1953/1809 1351/1952/1808 1360/1954/1810
f 490/1953/1809 1360/1954/1810 491/1955/1811
f 491/1955/1811 1360/1954/1810 1359/1956/1812
f 491/1955/1811 1359/1956/1812 492/1957/1813
f 492/1957/1813 1359/1956/1812 1375/1958/1814
f 492/1957/1813 1375/1958/1814 493/1959/1815
f 493/1959/1815 1375/1958/1814 1383/1960/1816
f 493/1959/1815 1383/1960/1816 494/1961/1817
f 494/1961/1817 1383/1960/1816 1391/1962/1818
f 494/1961/1817 1391/1962/1818 495/1963/1819
f 495/1963/1819 1391/1962/1818 1400/1964/1820
f 495/1963/1819 1400/1964/1820 496/1965/1821
f 496/1965/1821 1400/1964/1820 1399/1966/1822
f 496/1965/1821 1399/1966/1822 497/1967/1823
f 497/1967/1823 1399/1966/1822 1415/1968/1824
f 497/1967/1823 1415/1968/1824 498/1969/1825
f 498/1969/1825 1415/1968/1824 1423/1970/1826
f 498/1969/1825 1423/1970/1826 499/1971/1827
f 499/1971/1827 1423/1970/1826 1431/1972/1828
f 499/1971/1827 1431/1972/1828 500/1973/1829
f 500/1973/1829 1431/1972/1828 1438/1974/1830
f 500/1973/1829 1438/1974/1830 501/1975/1831
f 501/1975/1831 1438/1974/1830 1447/1976/1832
f 501/1975/1831 1447/1976/1832 502/1977/1833
f 502/1977/1833 1447/1976/1832 1446/1978/1834
f 502/1977/1833 1446/1978/1834 503/1979/1835
f 503/1979/1835 1446/1978/1834 1462/1980/1836
f 503/1979/1835 1462/1980/1836 504/1981/1837
f 504/1981/1837 1462/1980/1836 1470/1982/1838
f 504/1981/1837 1470/1982/1838 505/1901/1771
f 505/1901/1771 1470/1982/1838 1478/1899/1769
f 1096/1909/1779 1097/1983/1839 1178/1911/1781
f 1178/1911/1781 1097/1983/1839 1194/1984/1840
f 1178/1911/1781 1194/1984/1840 1195/1913/1783
f 1195/1913/1783 1194/1984/1840 1203/1985/1841
f 1195/1913/1783 1203/1985/1841 1204/1915/1785
f 1204/1915/1785 1203/1985/1841 1212/1986/1842
f 1204/1915/1785 1212/1986/1842 1213/1917/1787
f 1213/1917/1787 1212/1986/1842 1230/1987/1843
f 1213/1917/1787 1230/1987/1843 1229/1919/1789
f 1229/1919/1789 1230/1987/1843 1222/1988/1844
f 1229/1919/1789 1222/1988/1844 1223/1921/1791
f 1223/1921/1791 1222/1988/1844 1239/1989/1845
f 1223/1921/1791 1239/1989/1845 1240/1923/1793
f 1240/1923/1793 1239/1989/1845 1248/1990/1846
f 1240/1923/1793 1248/1990/1846 1249/1925/1795
f 1249/1925/1795 1248/1990/1846 1257/1928/1796
f 1097/1983/1839 1098/1991/1847 1194/1984/1840
f 1194/1984/1840 1098/1991/1847 1202/1992/1848
f 1194/1984/1840 1202/1992/1848 1203/1985/1841
f 1203/1985/1841 1202/1992/1848 1211/1993/1849
f 1203/1985/1841 1211/1993/1849 1212/1986/1842
f 1212/1986/1842 1211/1993/1849 1231/1994/1850
f 1212/1986/1842 1231/1994/1850 1230/1987/1843
f 1230/1987/1843 1231/1994/1850 1221/1995/1851
f 1230/1987/1843 1221/1995/1851 1222/1988/1844
f 1222/1988/1844 1221/1995/1851 1238/1996/1852
f 1222/1988/1844 1238/1996/1852 1239/1989/1845
f 1239/1989/1845 1238/1996/1852 1247/1997/1853
f 1239/1989/1845 1247/1997/1853 1248/1990/1846
f 1248/1990/1846 1247/1997/1853 1256/1998/1854
f 1248/1990/1846 1256/1998/1854 1257/1928/1796
f 1257/1928/1796 1256/1998/1854 1264/1930/1797
f 1098/1991/1847 1099/1999/1855 1202/1992/1848
f 1202/1992/1848 1099/1999/1855 1210/2000/1856
f 1202/1992/1848 1210/2000/1856 1211/1993/1849
f 1211/1993/1849 1210/2000/1856 1232/2001/1857
f 1211/1993/1849 1232/2001/1857 1231/1994/1850
f 1231/1994/1850 1232/2001/1857 1220/2002/1858
f 1231/1994/1850 1220/2002/1858 1221/1995/1851
f 1221/1995/1851 1220/2002/1858 1237/2003/1859
f 1221/1995/1851 1237/2003/1859 1238/1996/1852
f 1238/1996/1852 1237/2003/1859 1246/2004/1860
f 1238/1996/1852 1246/2004/1860 1247/1997/1853
f 1247/1997/1853 1246/2004/1860 1255/2005/1861
f 1247/1997/1853 1255/2005/1861 1256/1998/1854
f 1256/1998/1854 1255/2005/1861 1263/2006/1862
f 1256/1998/1854 1263/2006/1862 1264/1930/1797
f 1264/1930/1797 1263/2006/1862 1273/1932/1798
f 1099/1999/1855 1100/2007/1863 1210/2000/1856
f 1210/2000/1856 1100/2007/1863 1233/2008/1864
f 1210/2000/1856 1233/2008/1864 1232/2001/1857
f 1232/2001/1857 1233/2008/1864 1219/2009/1865
f 1232/2001/1857 1219/2009/1865 1220/2002/1858
f 1220/2002/1858 1219/2009/1865 1236/2010/1866
f 1220/2002/1858 1236/2010/1866 1237/2003/1859
f 1237/2003/1859 1236/2010/1866 1245/2011/1867
f 1237/2003/1859 1245/2011/1867 1246/2004/1860
f 1246/2004/1860 1245/2011/1867 1254/2012/1868
f 1246/2004/1860 1254/2012/1868 1255/2005/1861
f 1255/2005/1861 1254/2012/1868 1262/2013/1869
f 1255/2005/1861 1262/2013/1869 1263/2006/1862
f 1263/2006/1862 1262/2013/1869 1274/2014/1870
f 1263/2006/1862 1274/2014/1870 1273/1932/1798
f 1273/1932/1798 1274/2014/1870 1272/1934/1799
f 1233/2008/1864 1100/2007/1863 1218/2015/1871
f 1218/2015/1871 1100/2007/1863 1101/2016/1872
f 1218/2015/1871 1101/2016/1872 1234/2017/1873
f 1234/2017/1873 1101/2016/1872 1102/2018/1874
f 1234/2017/1873 1102/2018/1874 1242/2019/1875
f 1242/2019/1875 1102/2018/1874 1103/2020/1876
f 1242/2019/1875 1103/2020/1876 1250/2021/1877
f 1250/2021/1877 1103/2020/1876 1104/2022/1878
f 1250/2021/1877 1104/2022/1878 1137/2023/1879
f 1137/2023/1879 1104/2022/1878 1105/2024/1880
f 1137/2023/1879 1105/2024/1880 1280/2025/1881
f 1280/2025/1881 1105/2024/1880 1265/2026/1882
f 1280/2025/1881 1265/2026/1882 1266/2027/1883
f 1266/2027/1883 1265/2026/1882 1282/2028/1884
f 1266/2027/1883 1282/2028/1884 1283/2029/1885
f 1283/2029/1885 1282/2028/1884 1291/2030/1886
f 1283/2029/1885 1291/2030/1886 1292/2031/1887
f 1292/2031/1887 1291/2030/1886 1300/2032/1888
f 1292/2031/1887 1300/2032/1888 1301/2033/1889
f 1301/2033/1889 1300/2032/1888 1316/2034/1890
f 1301/2033/1889 1316/2034/1890 1315/2035/1891
f 1315/2035/1891 1316/2034/1890 1310/2036/1892
f 1315/2035/1891 1310/2036/1892 1311/2037/1893
f 1311/2037/1893 1310/2036/1892 1327/2038/1894
f 1311/2037/1893 1327/2038/1894 1328/1946/1805
f 1328/1946/1805 1327/2038/1894 1336/1948/1806
f 1105/2024/1880 1106/2039/1895 1265/2026/1882
f 1265/2026/1882 1106/2039/1895 1281/2040/1896
f 1265/2026/1882 1281/2040/1896 1282/2028/1884
f 1282/2028/1884 1281/2040/1896 1290/2041/1897
f 1282/2028/1884 1290/2041/1897 1291/2030/1886
f 1291/2030/1886 1290/2041/1897 1299/2042/1898
f 1291/2030/1886 1299/2042/1898 1300/2032/1888
f 1300/2032/1888 1299/2042/1898 1317/2043/1899
f 1300/2032/1888 1317/2043/1899 1316/2034/1890
f 1316/2034/1890 1317/2043/1899 1309/2044/1900
f 1316/2034/1890 1309/2044/1900 1310/2036/1892
f 1310/2036/1892 1309/2044/1900 1326/2045/1901
f 1310/2036/1892 1326/2045/1901 1327/2038/1894
f 1327/2038/1894 1326/2045/1901 1335/2046/1902
f 1327/2038/1894 1335/2046/1902 1336/1948/1806
f 1336/1948/1806 1335/2046/1902 1344/1950/1807
f 1106/2039/1895 1107/2047/1903 1281/2040/1896
f 1281/2040/1896 1107/2047/1903 1289/2048/1904
f 1281/2040/1896 1289/2048/1904 1290/2041/1897
f 1290/2041/1897 1289/2048/1904 1298/2049/1905
f 1290/2041/1897 1298/2049/1905 1299/2042/1898
f 1299/2042/1898 1298/2049/1905 1318/2050/1906
f 1299/2042/1898 1318/2050/1906 1317/2043/1899
f 1317/2043/1899 1318/2050/1906 1308/2051/1907
f 1317/2043/1899 1308/2051/1907 1309/2044/1900
f 1309/2044/1900 1308/2051/1907 1325/2052/1908
f 1309/2044/1900 1325/2052/1908 1326/2045/1901
f 1326/2045/1901 1325/2052/1908 1334/2053/1909
f 1326/2045/1901 1334/2053/1909 1335/2046/1902
f 1335/2046/1902 1334/2053/1909 1343/2054/1910
f 1335/2046/1902 1343/2054/1910 1344/1950/1807
f 1344/1950/1807 1343/2054/1910 1351/1952/1808
f 1107/2047/1903 1108/2055/1911 1289/2048/1904
f 1289/2048/1904 1108/2055/1911 1297/2056/1912
f 1289/2048/1904 1297/2056/1912 1298/2049/1905
f 1298/2049/1905 1297/2056/1912 1319/2057/1913
f 1298/2049/1905 1319/2057/1913 1318/2050/1906
f 1318/2050/1906 1319/2057/1913 1307/2058/1914
f 1318/2050/1906 1307/2058/1914 1308/2051/1907
f 1308/2051/1907 1307/2058/1914 1324/2059/1915
f 1308/2051/1907 1324/2059/1915 1325/2052/1908
f 1325/2052/1908 1324/2059/1915 1333/2060/1916
f 1325/2052/1908 1333/2060/1916 1334/2053/1909
f 1334/2053/1909 1333/2060/1916 1342/2061/1917
f 1334/2053/1909 1342/2061/1917 1343/2054/1910
f 1343/2054/1910 1342/2061/1917 1350/2062/1918
f 1343/2054/1910 1350/2062/1918 1351/1952/1808
f 1351/1952/1808 1350/2062/1918 1360/1954/1810
f 1108/2055/1911 1109/2063/1919 1297/2056/1912
f 1297/2056/1912 1109/2063/1919 1320/2064/1920
f 1297/2056/1912 1320/2064/1920 1319/2057/1913
f 1319/2057/1913 1320/2064/1920 1306/2065/1921
f 1319/2057/1913 1306/2065/1921 1307/2058/1914
f 1307/2058/1914 1306/2065/1921 1323/2066/1922
f 1307/2058/1914 1323/2066/1922 1324/2059/1915
f 1324/2059/1915 1323/2066/1922 1332/2067/1923
f 1324/2059/1915 1332/2067/1923 1333/2060/1916
f 1333/2060/1916 1332/2067/1923 1341/2068/1924
f 1333/2060/1916 1341/2068/1924 1342/2061/1917
f 1342/2061/1917 1341/2068/1924 1349/2069/1925
f 1342/2061/1917 1349/2069/1925 1350/2062/1918
f 1350/2062/1918 1349/2069/1925 1361/2070/1926
f 1350/2062/1918 1361/2070/1926 1360/1954/1810
f 1360/1954/1810 1361/2070/1926 1359/1956/1812
f 1320/2064/1920 1109/2063/1919 1305/2071/1927
f 1305/2071/1927 1109/2063/1919 1110/2072/1928
f 1305/2071/1927 1110/2072/1928 1321/2073/1929
f 1321/2073/1929 1110/2072/1928 1111/2074/1930
f 1321/2073/1929 1111/2074/1930 1329/2075/1931
f 1329/2075/1931 1111/2074/1930 1112/2076/1932
f 1329/2075/1931 1112/2076/1932 1337/2077/1933
f 1337/2077/1933 1112/2076/1932 1113/2078/1934
f 1337/2077/1933 1113/2078/1934 1136/2079/1935
f 1136/2079/1935 1113/2078/1934 1114/2080/1936
f 1136/2079/1935 1114/2080/1936 1367/2081/1937
f 1367/2081/1937 1114/2080/1936 1352/2082/1938
f 1367/2081/1937 1352/2082/1938 1353/2083/1939
f 1353/2083/1939 1352/2082/1938 1369/2084/1940
f 1353/2083/1939 1369/2084/1940 1370/2085/1941
f 1370/2085/1941 1369/2084/1940 1378/2086/1942
f 1370/2085/1941 1378/2086/1942 1379/2087/1943
f 1379/2087/1943 1378/2086/1942 1387/2088/1944
f 1379/2087/1943 1387/2088/1944 1388/2089/1945
f 1388/2089/1945 1387/2088/1944 1403/2090/1946
f 1388/2089/1945 1403/2090/1946 1402/2091/1947
f 1402/2091/1947 1403/2090/1946 1397/2092/1948
f 1402/2091/1947 1397/2092/1948 1398/2093/1949
f 1398/2093/1949 1397/2092/1948 1414/2094/1950
f 1398/2093/1949 1414/2094/1950 1415/1968/1824
f 1415/1968/1824 1414/2094/1950 1423/1970/1826
f 1114/2080/1936 1115/2095/1951 1352/2082/1938
f 1352/2082/1938 1115/2095/1951 1368/2096/1952
f 1352/2082/1938 1368/2096/1952 1369/2084/1940
f 1369/2084/1940 1368/2096/1952 1377/2097/1953
f 1369/2084/1940 1377/2097/1953 1378/2086/1942
f 1378/2086/1942 1377/2097/1953 1386/2098/1954
f 1378/2086/1942 1386/2098/1954 1387/2088/1944
f 1387/2088/1944 1386/2098/1954 1404/2099/1955
f 1387/2088/1944 1404/2099/1955 1403/2090/1946
f 1403/2090/1946 1404/2099/1955 1396/2100/1956
f 1403/2090/1946 1396/2100/1956 1397/2092/1948
f 1397/2092/1948 1396/2100/1956 1413/2101/1957
f 1397/2092/1948 1413/2101/1957 1414/2094/1950
f 1414/2094/1950 1413/2101/1957 1422/2102/1958
f 1414/2094/1950 1422/2102/1958 1423/1970/1826
f 1423/1970/1826 1422/2102/1958 1431/1972/1828
f 1115/2095/1951 1116/2103/1959 1368/2096/1952
f 1368/2096/1952 1116/2103/1959 1376/2104/1960
f 1368/2096/1952 1376/2104/1960 1377/2097/1953
f 1377/2097/1953 1376/2104/1960 1385/2105/1961
f 1377/2097/1953 1385/2105/1961 1386/2098/1954
f 1386/2098/1954 1385/2105/1961 1405/2106/1962
f 1386/2098/1954 1405/2106/1962 1404/2099/1955
f 1404/2099/1955 1405/2106/1962 1395/2107/1963
f 1404/2099/1955 1395/2107/1963 1396/2100/1956
f 1396/2100/1956 1395/2107/1963 1412/2108/1964
f 1396/2100/1956 1412/2108/1964 1413/2101/1957
f 1413/2101/1957 1412/2108/1964 1421/2109/1965
f 1413/2101/1957 1421/2109/1965 1422/2102/1958
f 1422/2102/1958 1421/2109/1965 1430/2110/1966
f 1422/2102/1958 1430/2110/1966 1431/1972/1828
f 1431/1972/1828 1430/2110/1966 1438/1974/1830
f 1116/2103/1959 1117/2111/1967 1376/2104/1960
f 1376/2104/1960 1117/2111/1967 1384/2112/1968
f 1376/2104/1960 1384/2112/1968 1385/2105/1961
f 1385/2105/1961 1384/2112/1968 1406/2113/1969
f 1385/2105/1961 1406/2113/1969 1405/2106/1962
f 1405/2106/1962 1406/2113/1969 1394/2114/1970
f 1405/2106/1962 1394/2114/1970 1395/2107/1963
f 1395/2107/1963 1394/2114/1970 1411/2115/1971
f 1395/2107/1963 1411/2115/1971 1412/2108/1964
f 1412/2108/1964 1411/2115/1971 1420/2116/1972
f 1412/2108/1964 1420/2116/1972 1421/2109/1965
f 1421/2109/1965 1420/2116/1972 1429/2117/1973
f 1421/2109/1965 1429/2117/1973 1430/2110/1966
f 1430/2110/1966 1429/2117/1973 1437/2118/1974
f 1430/2110/1966 1437/2118/1974 1438/1974/1830
f 1438/1974/1830 1437/2118/1974 1447/1976/1832
f 1117/2111/1967 1118/2119/1975 1384/2112/1968
f 1384/2112/1968 1118/2119/1975 1407/2120/1976
f 1384/2112/1968 1407/2120/1976 1406/2113/1969
f 1406/2113/1969 1407/2120/1976 1393/2121/1977
f 1406/2113/1969 1393/2121/1977 1394/2114/1970
f 1394/2114/1970 1393/2121/1977 1410/2122/1978
f 1394/2114/1970 1410/2122/1978 1411/2115/1971
f 1411/2115/1971 1410/2122/1978 1419/2123/1979
f 1411/2115/1971 1419/2123/1979 1420/2116/1972
f 1420/2116/1972 1419/2123/1979 1428/2124/1980
f 1420/2116/1972 1428/2124/1980 1429/2117/1973
f 1429/2117/1973 1428/2124/1980 1436/2125/1981
f 1429/2117/1973 1436/2125/1981 1437/2118/1974
f 1437/2118/1974 1436/2125/1981 1448/2126/1982
f 1437/2118/1974 1448/2126/1982 1447/1976/1832
f 1447/1976/1832 1448/2126/1982 1446/1978/1834
f 1407/2120/1976 1118/2119/1975 1392/2127/1983
f 1392/2127/1983 1118/2119/1975 1119/2128/1984
f 1392/2127/1983 1119/2128/1984 1408/2129/1985
f 1408/2129/1985 1119/2128/1984 1120/2130/1986
f 1408/2129/1985 1120/2130/1986 1416/2131/1987
f 1416/2131/1987 1120/2130/1986 1121/2132/1988
f 1416/2131/1987 1121/2132/1988 1424/2133/1989
f 1424/2133/1989 1121/2132/1988 1122/2134/1990
f 1424/2133/1989 1122/2134/1990 1135/2135/1991
f 1135/2135/1991 1122/2134/1990 1123/2136/1992
f 1135/2135/1991 1123/2136/1992 1454/2137/1993
f 1454/2137/1993 1123/2136/1992 1439/2138/1994
f 1454/2137/1993 1439/2138/1994 1440/2139/1995
f 1440/2139/1995 1439/2138/1994 1456/2140/1996
f 1440/2139/1995 1456/2140/1996 1457/2141/1997
f 1457/2141/1997 1456/2140/1996 1465/2142/1998
f 1457/2141/1997 1465/2142/1998 1466/2143/1999
f 1466/2143/1999 1465/2142/1998 1474/1891/1761
f 1466/2143/1999 1474/1891/1761 1475/1893/1763
f 1123/2136/1992 1124/2144/2000 1439/2138/1994
f 1439/2138/1994 1124/2144/2000 1455/2145/2001
f 1439/2138/1994 1455/2145/2001 1456/2140/1996
f 1456/2140/1996 1455/2145/2001 1464/2146/2002
f 1456/2140/1996 1464/2146/2002 1465/2142/1998
f 1465/2142/1998 1464/2146/2002 1473/1889/1759
f 1465/2142/1998 1473/1889/1759 1474/1891/1761
f 1124/2144/2000 1125/2147/2003 1455/2145/2001
f 1455/2145/2001 1125/2147/2003 1463/2148/2004
f 1455/2145/2001 1463/2148/2004 1464/2146/2002
f 1464/2146/2002 1463/2148/2004 1472/1887/1757
f 1464/2146/2002 1472/1887/1757 1473/1889/1759
f 1125/2147/2003 1126/2149/2005 1463/2148/2004
f 1463/2148/2004 1126/2149/2005 1471/1885/1755
f 1463/2148/2004 1471/1885/1755 1472/1887/1757
f 1126/2149/2005 1091/1883/1753 1471/1885/1755
f 476/1926/597 475/2150/595 1241/1924/1794
f 1241/1924/1794 475/2150/595 1225/2151/2006
f 1241/1924/1794 1225/2151/2006 1224/1922/1792
f 1224/1922/1792 1225/2151/2006 1227/2152/2007
f 1224/1922/1792 1227/2152/2007 1228/1920/1790
f 1228/1920/1790 1227/2152/2007 1215/2153/2008
f 1228/1920/1790 1215/2153/2008 1214/1918/1788
f 1214/1918/1788 1215/2153/2008 1206/2154/2009
f 1214/1918/1788 1206/2154/2009 1205/1916/1786
f 1205/1916/1786 1206/2154/2009 1197/2155/2010
f 1205/1916/1786 1197/2155/2010 1196/1914/1784
f 1196/1914/1784 1197/2155/2010 1180/2156/2011
f 1196/1914/1784 1180/2156/2011 1179/1912/1782
f 1179/1912/1782 1180/2156/2011 1192/2157/2012
f 1179/1912/1782 1192/2157/2012 1193/1910/1780
f 1193/1910/1780 1192/2157/2012 1138/1908/1778
f 475/2150/595 474/2158/593 1225/2151/2006
f 1225/2151/2006 474/2158/593 1226/2159/2013
f 1225/2151/2006 1226/2159/2013 1227/2152/2007
f 1227/2152/2007 1226/2159/2013 1216/2160/2014
f 1227/2152/2007 1216/2160/2014 1215/2153/2008
f 1215/2153/2008 1216/2160/2014 1207/2161/2015
f 1215/2153/2008 1207/2161/2015 1206/2154/2009
f 1206/2154/2009 1207/2161/2015 1198/2162/2016
f 1206/2154/2009 1198/2162/2016 1197/2155/2010
f 1197/2155/2010 1198/2162/2016 1181/2163/2017
f 1197/2155/2010 1181/2163/2017 1180/2156/2011
f 1180/2156/2011 1181/2163/2017 1191/2164/2018
f 1180/2156/2011 1191/2164/2018 1192/2157/2012
f 1192/2157/2012 1191/2164/2018 1171/2165/2019
f 1192/2157/2012 1171/2165/2019 1138/1908/1778
f 1138/1908/1778 1171/2165/2019 1163/1906/1776
f 474/2158/593 473/2166/591 1226/2159/2013
f 1226/2159/2013 473/2166/591 1217/2167/2020
f 1226/2159/2013 1217/2167/2020 1216/2160/2014
f 1216/2160/2014 1217/2167/2020 1208/2168/2021
f 1216/2160/2014 1208/2168/2021 1207/2161/2015
f 1207/2161/2015 1208/2168/2021 1199/2169/2022
f 1207/2161/2015 1199/2169/2022 1198/2162/2016
f 1198/2162/2016 1199/2169/2022 1182/2170/2023
f 1198/2162/2016 1182/2170/2023 1181/2163/2017
f 1181/2163/2017 1182/2170/2023 1190/2171/2024
f 1181/2163/2017 1190/2171/2024 1191/2164/2018
f 1191/2164/2018 1190/2171/2024 1172/2172/2025
f 1191/2164/2018 1172/2172/2025 1171/2165/2019
f 1171/2165/2019 1172/2172/2025 1164/2173/2026
f 1171/2165/2019 1164/2173/2026 1163/1906/1776
f 1163/1906/1776 1164/2173/2026 1155/1904/1774
f 473/2166/591 472/2174/589 1217/2167/2020
f 1217/2167/2020 472/2174/589 1209/2175/2027
f 1217/2167/2020 1209/2175/2027 1208/2168/2021
f 1208/2168/2021 1209/2175/2027 1200/2176/2028
f 1208/2168/2021 1200/2176/2028 1199/2169/2022
f 1199/2169/2022 1200/2176/2028 1183/2177/2029
f 1199/2169/2022 1183/2177/2029 1182/2170/2023
f 1182/2170/2023 1183/2177/2029 1189/2178/2030
f 1182/2170/2023 1189/2178/2030 1190/2171/2024
f 1190/2171/2024 1189/2178/2030 1173/2179/2031
f 1190/2171/2024 1173/2179/2031 1172/2172/2025
f 1172/2172/2025 1173/2179/2031 1165/2180/2032
f 1172/2172/2025 1165/2180/2032 1164/2173/2026
f 1164/2173/2026 1165/2180/2032 1156/2181/2033
f 1164/2173/2026 1156/2181/2033 1155/1904/1774
f 1155/1904/1774 1156/2181/2033 1147/1902/1772
f 472/2174/589 471/2182/587 1209/2175/2027
f 1209/2175/2027 471/2182/587 1201/2183/2034
f 1209/2175/2027 1201/2183/2034 1200/2176/2028
f 1200/2176/2028 1201/2183/2034 1184/2184/2035
f 1200/2176/2028 1184/2184/2035 1183/2177/2029
f 1183/2177/2029 1184/2184/2035 1188/2185/2036
f 1183/2177/2029 1188/2185/2036 1189/2178/2030
f 1189/2178/2030 1188/2185/2036 1174/2186/2037
f 1189/2178/2030 1174/2186/2037 1173/2179/2031
f 1173/2179/2031 1174/2186/2037 1166/2187/2038
f 1173/2179/2031 1166/2187/2038 1165/2180/2032
f 1165/2180/2032 1166/2187/2038 1157/2188/2039
f 1165/2180/2032 1157/2188/2039 1156/2181/2033
f 1156/2181/2033 1157/2188/2039 1148/2189/2040
f 1156/2181/2033 1148/2189/2040 1147/1902/1772
f 1147/1902/1772 1148/2189/2040 1139/1880/1752
f 471/2182/587 470/2190/584 1201/2183/2034
f 1201/2183/2034 470/2190/584 1185/2191/2041
f 1201/2183/2034 1185/2191/2041 1184/2184/2035
f 1184/2184/2035 1185/2191/2041 1187/2192/2042
f 1184/2184/2035 1187/2192/2042 1188/2185/2036
f 1188/2185/2036 1187/2192/2042 1175/2193/2043
f 1188/2185/2036 1175/2193/2043 1174/2186/2037
f 1174/2186/2037 1175/2193/2043 1167/2194/2044
f 1174/2186/2037 1167/2194/2044 1166/2187/2038
f 1166/2187/2038 1167/2194/2044 1158/2195/2045
f 1166/2187/2038 1158/2195/2045 1157/2188/2039
f 1157/2188/2039 1158/2195/2045 1149/2196/2046
f 1157/2188/2039 1149/2196/2046 1148/2189/2040
f 1148/2189/2040 1149/2196/2046 1140/2197/2047
f 1148/2189/2040 1140/2197/2047 1139/1880/1752
f 1139/1880/1752 1140/2197/2047 1127/1882/1754
f 470/2190/584 469/2198/2048 1185/2191/2041
f 1185/2191/2041 469/2198/2048 1186/2199/2049
f 1185/2191/2041 1186/2199/2049 1187/2192/2042
f 1187/2192/2042 1186/2199/2049 1176/2200/2050
f 1187/2192/2042 1176/2200/2050 1175/2193/2043
f 1175/2193/2043 1176/2200/2050 1168/2201/2051
f 1175/2193/2043 1168/2201/2051 1167/2194/2044
f 1167/2194/2044 1168/2201/2051 1159/2202/2052
f 1167/2194/2044 1159/2202/2052 1158/2195/2045
f 1158/2195/2045 1159/2202/2052 1150/2203/2053
f 1158/2195/2045 1150/2203/2053 1149/2196/2046
f 1149/2196/2046 1150/2203/2053 1141/2204/2054
f 1149/2196/2046 1141/2204/2054 1140/2197/2047
f 1140/2197/2047 1141/2204/2054 1128/2205/1756
f 1140/2197/2047 1128/2205/1756 1127/1882/1754
f 469/2198/2048 468/2206/2055 1186/2199/2049
f 1186/2199/2049 468/2206/2055 1177/2207/2056
f 1186/2199/2049 1177/2207/2056 1176/2200/2050
f 1176/2200/2050 1177/2207/2056 1169/2208/2057
f 1176/2200/2050 1169/2208/2057 1168/2201/2051
f 1168/2201/2051 1169/2208/2057 1160/2209/2058
f 1168/2201/2051 1160/2209/2058 1159/2202/2052
f 1159/2202/2052 1160/2209/2058 1151/2210/2059
f 1159/2202/2052 1151/2210/2059 1150/2203/2053
f 1150/2203/2053 1151/2210/2059 1142/2211/2060
f 1150/2203/2053 1142/2211/2060 1141/2204/2054
f 1141/2204/2054 1142/2211/2060 1129/2212/1758
f 1141/2204/2054 1129/2212/1758 1128/2205/1756
f 468/2206/2055 467/2213/2061 1177/2207/2056
f 1177/2207/2056 467/2213/2061 1170/2214/2062
f 1177/2207/2056 1170/2214/2062 1169/2208/2057
f 1169/2208/2057 1170/2214/2062 1161/2215/2063
f 1169/2208/2057 1161/2215/2063 1160/2209/2058
f 1160/2209/2058 1161/2215/2063 1152/2216/2064
f 1160/2209/2058 1152/2216/2064 1151/2210/2059
f 1151/2210/2059 1152/2216/2064 1143/2217/2065
f 1151/2210/2059 1143/2217/2065 1142/2211/2060
f 1142/2211/2060 1143/2217/2065 1130/2218/1760
f 1142/2211/2060 1130/2218/1760 1129/2212/1758
f 467/2213/2061 466/2219/2066 1170/2214/2062
f 1170/2214/2062 466/2219/2066 1162/2220/2067
f 1170/2214/2062 1162/2220/2067 1161/2215/2063
f 1161/2215/2063 1162/2220/2067 1153/2221/2068
f 1161/2215/2063 1153/2221/2068 1152/2216/2064
f 1152/2216/2064 1153/2221/2068 1144/2222/2069
f 1152/2216/2064 1144/2222/2069 1143/2217/2065
f 1143/2217/2065 1144/2222/2069 1131/2223/1762
f 1143/2217/2065 1131/2223/1762 1130/2218/1760
f 466/2219/2066 465/2224/2070 1162/2220/2067
f 1162/2220/2067 465/2224/2070 1154/2225/2071
f 1162/2220/2067 1154/2225/2071 1153/2221/2068
f 1153/2221/2068 1154/2225/2071 1145/2226/2072
f 1153/2221/2068 1145/2226/2072 1144/2222/2069
f 1144/2222/2069 1145/2226/2072 1132/2227/1764
f 1144/2222/2069 1132/2227/1764 1131/2223/1762
f 465/2224/2070 464/2228/2073 1154/2225/2071
f 1154/2225/2071 464/2228/2073 1146/2229/2074
f 1154/2225/2071 1146/2229/2074 1145/2226/2072
f 1145/2226/2072 1146/2229/2074 1133/2230/1766
f 1145/2226/2072 1133/2230/1766 1132/2227/1764
f 464/2228/2073 463/2231/2075 1146/2229/2074
f 1146/2229/2074 463/2231/2075 1134/2232/1768
f 1146/2229/2074 1134/2232/1768 1133/2230/1766
f 463/2231/2075 462/2233/1770 1134/2232/1768
f 1233/2008/1864 1218/2015/1871 1219/2009/1865
f 1219/2009/1865 1218/2015/1871 1235/2234/2076
f 1219/2009/1865 1235/2234/2076 1236/2010/1866
f 1236/2010/1866 1235/2234/2076 1244/2235/2077
f 1236/2010/1866 1244/2235/2077 1245/2011/1867
f 1245/2011/1867 1244/2235/2077 1253/2236/2078
f 1245/2011/1867 1253/2236/2078 1254/2012/1868
f 1254/2012/1868 1253/2236/2078 1261/2237/2079
f 1254/2012/1868 1261/2237/2079 1262/2013/1869
f 1262/2013/1869 1261/2237/2079 1275/2238/2080
f 1262/2013/1869 1275/2238/2080 1274/2014/1870
f 1274/2014/1870 1275/2238/2080 1271/2239/2081
f 1274/2014/1870 1271/2239/2081 1272/1934/1799
f 1272/1934/1799 1271/2239/2081 1288/1936/1800
f 1218/2015/1871 1234/2017/1873 1235/2234/2076
f 1235/2234/2076 1234/2017/1873 1243/2240/2082
f 1235/2234/2076 1243/2240/2082 1244/2235/2077
f 1244/2235/2077 1243/2240/2082 1252/2241/2083
f 1244/2235/2077 1252/2241/2083 1253/2236/2078
f 1253/2236/2078 1252/2241/2083 1260/2242/2084
f 1253/2236/2078 1260/2242/2084 1261/2237/2079
f 1261/2237/2079 1260/2242/2084 1276/2243/2085
f 1261/2237/2079 1276/2243/2085 1275/2238/2080
f 1275/2238/2080 1276/2243/2085 1270/2244/2086
f 1275/2238/2080 1270/2244/2086 1271/2239/2081
f 1271/2239/2081 1270/2244/2086 1287/2245/2087
f 1271/2239/2081 1287/2245/2087 1288/1936/1800
f 1288/1936/1800 1287/2245/2087 1296/1938/1801
f 1234/2017/1873 1242/2019/1875 1243/2240/2082
f 1243/2240/2082 1242/2019/1875 1251/2246/2088
f 1243/2240/2082 1251/2246/2088 1252/2241/2083
f 1252/2241/2083 1251/2246/2088 1259/2247/2089
f 1252/2241/2083 1259/2247/2089 1260/2242/2084
f 1260/2242/2084 1259/2247/2089 1277/2248/2090
f 1260/2242/2084 1277/2248/2090 1276/2243/2085
f 1276/2243/2085 1277/2248/2090 1269/2249/2091
f 1276/2243/2085 1269/2249/2091 1270/2244/2086
f 1270/2244/2086 1269/2249/2091 1286/2250/2092
f 1270/2244/2086 1286/2250/2092 1287/2245/2087
f 1287/2245/2087 1286/2250/2092 1295/2251/2093
f 1287/2245/2087 1295/2251/2093 1296/1938/1801
f 1296/1938/1801 1295/2251/2093 1304/1940/1802
f 1242/2019/1875 1250/2021/1877 1251/2246/2088
f 1251/2246/2088 1250/2021/1877 1258/2252/2094
f 1251/2246/2088 1258/2252/2094 1259/2247/2089
f 1259/2247/2089 1258/2252/2094 1278/2253/2095
f 1259/2247/2089 1278/2253/2095 1277/2248/2090
f 1277/2248/2090 1278/2253/2095 1268/2254/2096
f 1277/2248/2090 1268/2254/2096 1269/2249/2091
f 1269/2249/2091 1268/2254/2096 1285/2255/2097
f 1269/2249/2091 1285/2255/2097 1286/2250/2092
f 1286/2250/2092 1285/2255/2097 1294/2256/2098
f 1286/2250/2092 1294/2256/2098 1295/2251/2093
f 1295/2251/2093 1294/2256/2098 1303/2257/2099
f 1295/2251/2093 1303/2257/2099 1304/1940/1802
f 1304/1940/1802 1303/2257/2099 1313/1942/1803
f 1250/2021/1877 1137/2023/1879 1258/2252/2094
f 1258/2252/2094 1137/2023/1879 1279/2258/2100
f 1258/2252/2094 1279/2258/2100 1278/2253/2095
f 1278/2253/2095 1279/2258/2100 1267/2259/2101
f 1278/2253/2095 1267/2259/2101 1268/2254/2096
f 1268/2254/2096 1267/2259/2101 1284/2260/2102
f 1268/2254/2096 1284/2260/2102 1285/2255/2097
f 1285/2255/2097 1284/2260/2102 1293/2261/2103
f 1285/2255/2097 1293/2261/2103 1294/2256/2098
f 1294/2256/2098 1293/2261/2103 1302/2262/2104
f 1294/2256/2098 1302/2262/2104 1303/2257/2099
f 1303/2257/2099 1302/2262/2104 1314/2263/2105
f 1303/2257/2099 1314/2263/2105 1313/1942/1803
f 1313/1942/1803 1314/2263/2105 1312/1944/1804
f 1280/2025/1881 1266/2027/1883 1279/2258/2100
f 1279/2258/2100 1266/2027/1883 1267/2259/2101
f 1284/2260/2102 1267/2259/2101 1283/2029/1885
f 1283/2029/1885 1267/2259/2101 1266/2027/1883
f 1137/2023/1879 1280/2025/1881 1279/2258/2100
f 1293/2261/2103 1284/2260/2102 1292/2031/1887
f 1292/2031/1887 1284/2260/2102 1283/2029/1885
f 1302/2262/2104 1293/2261/2103 1301/2033/1889
f 1301/2033/1889 1293/2261/2103 1292/2031/1887
f 1314/2263/2105 1302/2262/2104 1315/2035/1891
f 1315/2035/1891 1302/2262/2104 1301/2033/1889
f 1320/2064/1920 1305/2071/1927 1306/2065/1921
f 1306/2065/1921 1305/2071/1927 1322/2264/2106
f 1306/2065/1921 1322/2264/2106 1323/2066/1922
f 1323/2066/1922 1322/2264/2106 1331/2265/2107
f 1323/2066/1922 1331/2265/2107 1332/2067/1923
f 1332/2067/1923 1331/2265/2107 1340/2266/2108
f 1332/2067/1923 1340/2266/2108 1341/2068/1924
f 1341/2068/1924 1340/2266/2108 1348/2267/2109
f 1341/2068/1924 1348/2267/2109 1349/2069/1925
f 1349/2069/1925 1348/2267/2109 1362/2268/2110
f 1349/2069/1925 1362/2268/2110 1361/2070/1926
f 1361/2070/1926 1362/2268/2110 1358/2269/2111
f 1361/2070/1926 1358/2269/2111 1359/1956/1812
f 1359/1956/1812 1358/2269/2111 1375/1958/1814
f 1314/2263/2105 1315/2035/1891 1311/2037/1893
f 1328/1946/1805 1312/1944/1804 1311/2037/1893
f 1311/2037/1893 1312/1944/1804 1314/2263/2105
f 1305/2071/1927 1321/2073/1929 1322/2264/2106
f 1322/2264/2106 1321/2073/1929 1330/2270/2112
f 1322/2264/2106 1330/2270/2112 1331/2265/2107
f 1331/2265/2107 1330/2270/2112 1339/2271/2113
f 1331/2265/2107 1339/2271/2113 1340/2266/2108
f 1340/2266/2108 1339/2271/2113 1347/2272/2114
f 1340/2266/2108 1347/2272/2114 1348/2267/2109
f 1348/2267/2109 1347/2272/2114 1363/2273/2115
f 1348/2267/2109 1363/2273/2115 1362/2268/2110
f 1362/2268/2110 1363/2273/2115 1357/2274/2116
f 1362/2268/2110 1357/2274/2116 1358/2269/2111
f 1358/2269/2111 1357/2274/2116 1374/2275/2117
f 1358/2269/2111 1374/2275/2117 1375/1958/1814
f 1375/1958/1814 1374/2275/2117 1383/1960/1816
f 1321/2073/1929 1329/2075/1931 1330/2270/2112
f 1330/2270/2112 1329/2075/1931 1338/2276/2118
f 1330/2270/2112 1338/2276/2118 1339/2271/2113
f 1339/2271/2113 1338/2276/2118 1346/2277/2119
f 1339/2271/2113 1346/2277/2119 1347/2272/2114
f 1347/2272/2114 1346/2277/2119 1364/2278/2120
f 1347/2272/2114 1364/2278/2120 1363/2273/2115
f 1363/2273/2115 1364/2278/2120 1356/2279/2121
f 1363/2273/2115 1356/2279/2121 1357/2274/2116
f 1357/2274/2116 1356/2279/2121 1373/2280/2122
f 1357/2274/2116 1373/2280/2122 1374/2275/2117
f 1374/2275/2117 1373/2280/2122 1382/2281/2123
f 1374/2275/2117 1382/2281/2123 1383/1960/1816
f 1383/1960/1816 1382/2281/2123 1391/1962/1818
f 1329/2075/1931 1337/2077/1933 1338/2276/2118
f 1338/2276/2118 1337/2077/1933 1345/2282/2124
f 1338/2276/2118 1345/2282/2124 1346/2277/2119
f 1346/2277/2119 1345/2282/2124 1365/2283/2125
f 1346/2277/2119 1365/2283/2125 1364/2278/2120
f 1364/2278/2120 1365/2283/2125 1355/2284/2126
f 1364/2278/2120 1355/2284/2126 1356/2279/2121
f 1356/2279/2121 1355/2284/2126 1372/2285/2127
f 1356/2279/2121 1372/2285/2127 1373/2280/2122
f 1373/2280/2122 1372/2285/2127 1381/2286/2128
f 1373/2280/2122 1381/2286/2128 1382/2281/2123
f 1382/2281/2123 1381/2286/2128 1390/2287/2129
f 1382/2281/2123 1390/2287/2129 1391/1962/1818
f 1391/1962/1818 1390/2287/2129 1400/1964/1820
f 1337/2077/1933 1136/2079/1935 1345/2282/2124
f 1345/2282/2124 1136/2079/1935 1366/2288/2130
f 1345/2282/2124 1366/2288/2130 1365/2283/2125
f 1365/2283/2125 1366/2288/2130 1354/2289/2131
f 1365/2283/2125 1354/2289/2131 1355/2284/2126
f 1355/2284/2126 1354/2289/2131 1371/2290/2132
f 1355/2284/2126 1371/2290/2132 1372/2285/2127
f 1372/2285/2127 1371/2290/2132 1380/2291/2133
f 1372/2285/2127 1380/2291/2133 1381/2286/2128
f 1381/2286/2128 1380/2291/2133 1389/2292/2134
f 1381/2286/2128 1389/2292/2134 1390/2287/2129
f 1390/2287/2129 1389/2292/2134 1401/2293/2135
f 1390/2287/2129 1401/2293/2135 1400/1964/1820
f 1400/1964/1820 1401/2293/2135 1399/1966/1822
f 1367/2081/1937 1353/2083/1939 1366/2288/2130
f 1366/2288/2130 1353/2083/1939 1354/2289/2131
f 1371/2290/2132 1354/2289/2131 1370/2085/1941
f 1370/2085/1941 1354/2289/2131 1353/2083/1939
f 1136/2079/1935 1367/2081/1937 1366/2288/2130
f 1380/2291/2133 1371/2290/2132 1379/2087/1943
f 1379/2087/1943 1371/2290/2132 1370/2085/1941
f 1389/2292/2134 1380/2291/2133 1388/2089/1945
f 1388/2089/1945 1380/2291/2133 1379/2087/1943
f 1401/2293/2135 1389/2292/2134 1402/2091/1947
f 1402/2091/1947 1389/2292/2134 1388/2089/1945
f 1407/2120/1976 1392/2127/1983 1393/2121/1977
f 1393/2121/1977 1392/2127/1983 1409/2294/2136
f 1393/2121/1977 1409/2294/2136 1410/2122/1978
f 1410/2122/1978 1409/2294/2136 1418/2295/2137
f 1410/2122/1978 1418/2295/2137 1419/2123/1979
f 1419/2123/1979 1418/2295/2137 1427/2296/2138
f 1419/2123/1979 1427/2296/2138 1428/2124/1980
f 1428/2124/1980 1427/2296/2138 1435/2297/2139
f 1428/2124/1980 1435/2297/2139 1436/2125/1981
f 1436/2125/1981 1435/2297/2139 1449/2298/2140
f 1436/2125/1981 1449/2298/2140 1448/2126/1982
f 1448/2126/1982 1449/2298/2140 1445/2299/2141
f 1448/2126/1982 1445/2299/2141 1446/1978/1834
f 1446/1978/1834 1445/2299/2141 1462/1980/1836
f 1401/2293/2135 1402/2091/1947 1398/2093/1949
f 1415/1968/1824 1399/1966/1822 1398/2093/1949
f 1398/2093/1949 1399/1966/1822 1401/2293/2135
f 1392/2127/1983 1408/2129/1985 1409/2294/2136
f 1409/2294/2136 1408/2129/1985 1417/2300/2142
f 1409/2294/2136 1417/2300/2142 1418/2295/2137
f 1418/2295/2137 1417/2300/2142 1426/2301/2143
f 1418/2295/2137 1426/2301/2143 1427/2296/2138
f 1427/2296/2138 1426/2301/2143 1434/2302/2144
f 1427/2296/2138 1434/2302/2144 1435/2297/2139
f 1435/2297/2139 1434/2302/2144 1450/2303/2145
f 1435/2297/2139 1450/2303/2145 1449/2298/2140
f 1449/2298/2140 1450/2303/2145 1444/2304/2146
f 1449/2298/2140 1444/2304/2146 1445/2299/2141
f 1445/2299/2141 1444/2304/2146 1461/2305/2147
f 1445/2299/2141 1461/2305/2147 1462/1980/1836
f 1462/1980/1836 1461/2305/2147 1470/1982/1838
f 1408/2129/1985 1416/2131/1987 1417/2300/2142
f 1417/2300/2142 1416/2131/1987 1425/2306/2148
f 1417/2300/2142 1425/2306/2148 1426/2301/2143
f 1426/2301/2143 1425/2306/2148 1433/2307/2149
f 1426/2301/2143 1433/2307/2149 1434/2302/2144
f 1434/2302/2144 1433/2307/2149 1451/2308/2150
f 1434/2302/2144 1451/2308/2150 1450/2303/2145
f 1450/2303/2145 1451/2308/2150 1443/2309/2151
f 1450/2303/2145 1443/2309/2151 1444/2304/2146
f 1444/2304/2146 1443/2309/2151 1460/2310/2152
f 1444/2304/2146 1460/2310/2152 1461/2305/2147
f 1461/2305/2147 1460/2310/2152 1469/2311/2153
f 1461/2305/2147 1469/2311/2153 1470/1982/1838
f 1470/1982/1838 1469/2311/2153 1478/1899/1769
f 1416/2131/1987 1424/2133/1989 1425/2306/2148
f 1425/2306/2148 1424/2133/1989 1432/2312/2154
f 1425/2306/2148 1432/2312/2154 1433/2307/2149
f 1433/2307/2149 1432/2312/2154 1452/2313/2155
f 1433/2307/2149 1452/2313/2155 1451/2308/2150
f 1451/2308/2150 1452/2313/2155 1442/2314/2156
f 1451/2308/2150 1442/2314/2156 1443/2309/2151
f 1443/2309/2151 1442/2314/2156 1459/2315/2157
f 1443/2309/2151 1459/2315/2157 1460/2310/2152
f 1460/2310/2152 1459/2315/2157 1468/2316/2158
f 1460/2310/2152 1468/2316/2158 1469/2311/2153
f 1469/2311/2153 1468/2316/2158 1477/1897/1767
f 1469/2311/2153 1477/1897/1767 1478/1899/1769
f 1424/2133/1989 1135/2135/1991 1432/2312/2154
f 1432/2312/2154 1135/2135/1991 1453/2317/2159
f 1432/2312/2154 1453/2317/2159 1452/2313/2155
f 1452/2313/2155 1453/2317/2159 1441/2318/2160
f 1452/2313/2155 1441/2318/2160 1442/2314/2156
f 1442/2314/2156 1441/2318/2160 1458/2319/2161
f 1442/2314/2156 1458/2319/2161 1459/2315/2157
f 1459/2315/2157 1458/2319/2161 1467/2320/2162
f 1459/2315/2157 1467/2320/2162 1468/2316/2158
f 1468/2316/2158 1467/2320/2162 1476/1895/1765
f 1468/2316/2158 1476/1895/1765 1477/1897/1767
f 1454/2137/1993 1440/2139/1995 1453/2317/2159
f 1453/2317/2159 1440/2139/1995 1441/2318/2160
f 1458/2319/2161 1441/2318/2160 1457/2141/1997
f 1457/2141/1997 1441/2318/2160 1440/2139/1995
f 1135/2135/1991 1454/2137/1993 1453/2317/2159
f 1467/2320/2162 1458/2319/2161 1466/2143/1999
f 1466/2143/1999 1458/2319/2161 1457/2141/1997
f 1476/1895/1765 1467/2320/2162 1475/1893/1763
f 1475/1893/1763 1467/2320/2162 1466/2143/1999
f 1126/2321/2163 1110/2322/2164 1091/2323/2165
f 1091/2323/2165 1110/2322/2164 1109/2324/2166
f 1091/2323/2165 1109/2324/2166 1092/2325/2167
f 1092/2325/2167 1109/2324/2166 1108/2326/1911
f 1092/2325/2167 1108/2326/1911 1093/2327/2168
f 1093/2327/2168 1108/2326/1911 1107/2328/2169
f 1093/2327/2168 1107/2328/2169 1094/2329/2170
f 1094/2329/2170 1107/2328/2169 1106/2330/2171
f 1094/2329/2170 1106/2330/2171 1095/2331/2172
f 1095/2331/2172 1106/2330/2171 1105/2332/2173
f 1095/2331/2172 1105/2332/2173 1096/2333/2174
f 1096/2333/2174 1105/2332/2173 1104/2334/2175
f 1096/2333/2174 1104/2334/2175 1097/2335/2176
f 1097/2335/2176 1104/2334/2175 1103/2336/2177
f 1097/2335/2176 1103/2336/2177 1098/2337/2178
f 1098/2337/2178 1103/2336/2177 1102/2338/2179
f 1098/2337/2178 1102/2338/2179 1099/2339/2180
f 1099/2339/2180 1102/2338/2179 1101/2340/2181
f 1099/2339/2180 1101/2340/2181 1100/2341/2182
f 1110/2322/2164 1126/2321/2163 1111/2342/2183
f 1111/2342/2183 1126/2321/2163 1125/2343/2184
f 1111/2342/2183 1125/2343/2184 1112/2344/2185
f 1112/2344/2185 1125/2343/2184 1124/2345/2186
f 1112/2344/2185 1124/2345/2186 1113/2346/2187
f 1113/2346/2187 1124/2345/2186 1123/2347/2188
f 1113/2346/2187 1123/2347/2188 1114/2348/2189
f 1114/2348/2189 1123/2347/2188 1122/2349/2190
f 1114/2348/2189 1122/2349/2190 1115/2350/2191
f 1115/2350/2191 1122/2349/2190 1121/2351/2192
f 1115/2350/2191 1121/2351/2192 1116/2352/2193
f 1116/2352/2193 1121/2351/2192 1120/2353/2194
f 1116/2352/2193 1120/2353/2194 1117/2354/2195
f 1117/2354/2195 1120/2353/2194 1119/2355/2196
f 1117/2354/2195 1119/2355/2196 1118/2356/2197
f 69/2357/2198 68/2358/2199 100/2359/2200
f 100/2359/2200 68/2358/2199 101/2360/2201
f 106/2361/2202 105/2362/2203 63/2363/2204
f 63/2363/2204 105/2362/2203 64/2364/2205
f 105/2365/2206 104/2366/2207 64/2367/2208
f 64/2367/2208 104/2366/2207 65/2368/2209
f 66/2369/2210 65/2370/2211 103/2371/2212
f 103/2371/2212 65/2370/2211 104/2372/2213
f 1088/2373/2214 44/2374/2215 72/2375/2216
f 72/2375/2216 44/2374/2215 43/2376/2217
f 1089/2377/2218 1088/2378/2219 81/2379/2220
f 81/2379/2220 1088/2378/2219 72/2380/2221
f 1090/2381/2222 1089/2382/2223 80/2383/2224
f 80/2383/2224 1089/2382/2223 81/2384/2225
f 1087/2385/2226 1090/2386/2227 79/2387/2228
f 79/2387/2228 1090/2386/2227 80/2388/2229
# 1478 vertices
# 2388 texture params
# 2229 normals
# 2952 facets

# 1 groups
