# WaveFront *.obj file (generated by Autodesk ATF)

mtllib Base_edu_ISS.mtl

g Body1

v 151.250000 -111.250000 -0.800000
v 151.272788 -110.989528 -0.800000
v 151.340461 -110.736970 -0.800000
v 151.450962 -110.500000 -0.800000
v 151.600933 -110.285819 -0.800000
v 151.785819 -110.100933 -0.800000
v 152.000000 -109.950962 -0.800000
v 152.236970 -109.840461 -0.800000
v 152.489528 -109.772788 -0.800000
v 152.750000 -109.750000 -0.800000
v 153.010472 -109.772788 -0.800000
v 153.263030 -109.840461 -0.800000
v 153.500000 -109.950962 -0.800000
v 153.714181 -110.100933 -0.800000
v 153.899067 -110.285819 -0.800000
v 154.049038 -110.500000 -0.800000
v 154.159539 -110.736970 -0.800000
v 154.227212 -110.989528 -0.800000
v 154.250000 -111.250000 -0.800000
v 154.227212 -111.510472 -0.800000
v 154.159539 -111.763030 -0.800000
v 154.049038 -112.000000 -0.800000
v 153.899067 -112.214181 -0.800000
v 153.714181 -112.399067 -0.800000
v 153.500000 -112.549038 -0.800000
v 153.263030 -112.659539 -0.800000
v 153.010472 -112.727212 -0.800000
v 152.750000 -112.750000 -0.800000
v 152.489528 -112.727212 -0.800000
v 152.236970 -112.659539 -0.800000
v 152.000000 -112.549038 -0.800000
v 151.785819 -112.399067 -0.800000
v 151.600933 -112.214181 -0.800000
v 151.450962 -112.000000 -0.800000
v 151.340461 -111.763030 -0.800000
v 151.272788 -111.510472 -0.800000
v 150.500000 -111.250000 -0.800000
v 150.534183 -111.640708 -0.800000
v 150.635692 -112.019545 -0.800000
v 150.801443 -112.375000 -0.800000
v 151.026400 -112.696272 -0.800000
v 151.303728 -112.973600 -0.800000
v 151.625000 -113.198557 -0.800000
v 151.980455 -113.364308 -0.800000
v 152.359292 -113.465817 -0.800000
v 152.750000 -113.500000 -0.800000
v 153.140708 -113.465817 -0.800000
v 153.519545 -113.364308 -0.800000
v 153.875000 -113.198557 -0.800000
v 154.196272 -112.973600 -0.800000
v 154.473600 -112.696272 -0.800000
v 154.698557 -112.375000 -0.800000
v 154.864308 -112.019545 -0.800000
v 154.965817 -111.640708 -0.800000
v 155.000000 -111.250000 -0.800000
v 154.965817 -110.859292 -0.800000
v 154.864308 -110.480455 -0.800000
v 154.698557 -110.125000 -0.800000
v 154.473600 -109.803728 -0.800000
v 154.196272 -109.526400 -0.800000
v 153.875000 -109.301443 -0.800000
v 153.519545 -109.135692 -0.800000
v 153.140708 -109.034183 -0.800000
v 152.750000 -109.000000 -0.800000
v 152.359292 -109.034183 -0.800000
v 151.980455 -109.135692 -0.800000
v 151.625000 -109.301443 -0.800000
v 151.303728 -109.526400 -0.800000
v 151.026400 -109.803728 -0.800000
v 150.801443 -110.125000 -0.800000
v 150.635692 -110.480455 -0.800000
v 150.534183 -110.859292 -0.800000
v 131.000000 -39.250000 -0.800000
v 130.977212 -39.510472 -0.800000
v 130.909539 -39.763030 -0.800000
v 130.799038 -40.000000 -0.800000
v 130.649067 -40.214181 -0.800000
v 130.464181 -40.399067 -0.800000
v 130.250000 -40.549038 -0.800000
v 130.013030 -40.659539 -0.800000
v 129.760472 -40.727212 -0.800000
v 129.500000 -40.750000 -0.800000
v 129.239528 -40.727212 -0.800000
v 128.986970 -40.659539 -0.800000
v 128.750000 -40.549038 -0.800000
v 128.535819 -40.399067 -0.800000
v 128.350933 -40.214181 -0.800000
v 128.200962 -40.000000 -0.800000
v 128.090461 -39.763030 -0.800000
v 128.022788 -39.510472 -0.800000
v 128.000000 -39.250000 -0.800000
v 128.022788 -38.989528 -0.800000
v 128.090461 -38.736970 -0.800000
v 128.200962 -38.500000 -0.800000
v 128.350933 -38.285819 -0.800000
v 128.535819 -38.100933 -0.800000
v 128.750000 -37.950962 -0.800000
v 128.986970 -37.840461 -0.800000
v 129.239528 -37.772788 -0.800000
v 129.500000 -37.750000 -0.800000
v 129.760472 -37.772788 -0.800000
v 130.013030 -37.840461 -0.800000
v 130.250000 -37.950962 -0.800000
v 130.464181 -38.100933 -0.800000
v 130.649067 -38.285819 -0.800000
v 130.799038 -38.500000 -0.800000
v 130.909539 -38.736970 -0.800000
v 130.977212 -38.989528 -0.800000
v 131.750000 -39.250000 -0.800000
v 131.715817 -38.859292 -0.800000
v 131.614308 -38.480455 -0.800000
v 131.448557 -38.125000 -0.800000
v 131.223600 -37.803728 -0.800000
v 130.946272 -37.526400 -0.800000
v 130.625000 -37.301443 -0.800000
v 130.269545 -37.135692 -0.800000
v 129.890708 -37.034183 -0.800000
v 129.500000 -37.000000 -0.800000
v 129.109292 -37.034183 -0.800000
v 128.730455 -37.135692 -0.800000
v 128.375000 -37.301443 -0.800000
v 128.053728 -37.526400 -0.800000
v 127.776400 -37.803728 -0.800000
v 127.551443 -38.125000 -0.800000
v 127.385692 -38.480455 -0.800000
v 127.284183 -38.859292 -0.800000
v 127.250000 -39.250000 -0.800000
v 127.284183 -39.640708 -0.800000
v 127.385692 -40.019545 -0.800000
v 127.551443 -40.375000 -0.800000
v 127.776400 -40.696272 -0.800000
v 128.053728 -40.973600 -0.800000
v 128.375000 -41.198557 -0.800000
v 128.730455 -41.364308 -0.800000
v 129.109292 -41.465817 -0.800000
v 129.500000 -41.500000 -0.800000
v 129.890708 -41.465817 -0.800000
v 130.269545 -41.364308 -0.800000
v 130.625000 -41.198557 -0.800000
v 130.946272 -40.973600 -0.800000
v 131.223600 -40.696272 -0.800000
v 131.448557 -40.375000 -0.800000
v 131.614308 -40.019545 -0.800000
v 131.715817 -39.640708 -0.800000
v 152.000000 -39.250000 -0.800000
v 152.022788 -38.989528 -0.800000
v 152.090461 -38.736970 -0.800000
v 152.200962 -38.500000 -0.800000
v 152.350933 -38.285819 -0.800000
v 152.535819 -38.100933 -0.800000
v 152.750000 -37.950962 -0.800000
v 152.986970 -37.840461 -0.800000
v 153.239528 -37.772788 -0.800000
v 153.500000 -37.750000 -0.800000
v 153.760472 -37.772788 -0.800000
v 154.013030 -37.840461 -0.800000
v 154.250000 -37.950962 -0.800000
v 154.464181 -38.100933 -0.800000
v 154.649067 -38.285819 -0.800000
v 154.799038 -38.500000 -0.800000
v 154.909539 -38.736970 -0.800000
v 154.977212 -38.989528 -0.800000
v 155.000000 -39.250000 -0.800000
v 154.977212 -39.510472 -0.800000
v 154.909539 -39.763030 -0.800000
v 154.799038 -40.000000 -0.800000
v 154.649067 -40.214181 -0.800000
v 154.464181 -40.399067 -0.800000
v 154.250000 -40.549038 -0.800000
v 154.013030 -40.659539 -0.800000
v 153.760472 -40.727212 -0.800000
v 153.500000 -40.750000 -0.800000
v 153.239528 -40.727212 -0.800000
v 152.986970 -40.659539 -0.800000
v 152.750000 -40.549038 -0.800000
v 152.535819 -40.399067 -0.800000
v 152.350933 -40.214181 -0.800000
v 152.200962 -40.000000 -0.800000
v 152.090461 -39.763030 -0.800000
v 152.022788 -39.510472 -0.800000
v 151.250000 -39.250000 -0.800000
v 151.284183 -39.640708 -0.800000
v 151.385692 -40.019545 -0.800000
v 151.551443 -40.375000 -0.800000
v 151.776400 -40.696272 -0.800000
v 152.053728 -40.973600 -0.800000
v 152.375000 -41.198557 -0.800000
v 152.730455 -41.364308 -0.800000
v 153.109292 -41.465817 -0.800000
v 153.500000 -41.500000 -0.800000
v 153.890708 -41.465817 -0.800000
v 154.269545 -41.364308 -0.800000
v 154.625000 -41.198557 -0.800000
v 154.946272 -40.973600 -0.800000
v 155.223600 -40.696272 -0.800000
v 155.448557 -40.375000 -0.800000
v 155.614308 -40.019545 -0.800000
v 155.715817 -39.640708 -0.800000
v 155.750000 -39.250000 -0.800000
v 155.715817 -38.859292 -0.800000
v 155.614308 -38.480455 -0.800000
v 155.448557 -38.125000 -0.800000
v 155.223600 -37.803728 -0.800000
v 154.946272 -37.526400 -0.800000
v 154.625000 -37.301443 -0.800000
v 154.269545 -37.135692 -0.800000
v 153.890708 -37.034183 -0.800000
v 153.500000 -37.000000 -0.800000
v 153.109292 -37.034183 -0.800000
v 152.730455 -37.135692 -0.800000
v 152.375000 -37.301443 -0.800000
v 152.053728 -37.526400 -0.800000
v 151.776400 -37.803728 -0.800000
v 151.551443 -38.125000 -0.800000
v 151.385692 -38.480455 -0.800000
v 151.284183 -38.859292 -0.800000
v 131.750000 -111.250000 -0.800000
v 131.727212 -111.510472 -0.800000
v 131.659539 -111.763030 -0.800000
v 131.549038 -112.000000 -0.800000
v 131.399067 -112.214181 -0.800000
v 131.214181 -112.399067 -0.800000
v 131.000000 -112.549038 -0.800000
v 130.763030 -112.659539 -0.800000
v 130.510472 -112.727212 -0.800000
v 130.250000 -112.750000 -0.800000
v 129.989528 -112.727212 -0.800000
v 129.736970 -112.659539 -0.800000
v 129.500000 -112.549038 -0.800000
v 129.285819 -112.399067 -0.800000
v 129.100933 -112.214181 -0.800000
v 128.950962 -112.000000 -0.800000
v 128.840461 -111.763030 -0.800000
v 128.772788 -111.510472 -0.800000
v 128.750000 -111.250000 -0.800000
v 128.772788 -110.989528 -0.800000
v 128.840461 -110.736970 -0.800000
v 128.950962 -110.500000 -0.800000
v 129.100933 -110.285819 -0.800000
v 129.285819 -110.100933 -0.800000
v 129.500000 -109.950962 -0.800000
v 129.736970 -109.840461 -0.800000
v 129.989528 -109.772788 -0.800000
v 130.250000 -109.750000 -0.800000
v 130.510472 -109.772788 -0.800000
v 130.763030 -109.840461 -0.800000
v 131.000000 -109.950962 -0.800000
v 131.214181 -110.100933 -0.800000
v 131.399067 -110.285819 -0.800000
v 131.549038 -110.500000 -0.800000
v 131.659539 -110.736970 -0.800000
v 131.727212 -110.989528 -0.800000
v 132.500000 -111.250000 -0.800000
v 132.465817 -110.859292 -0.800000
v 132.364308 -110.480455 -0.800000
v 132.198557 -110.125000 -0.800000
v 131.973600 -109.803728 -0.800000
v 131.696272 -109.526400 -0.800000
v 131.375000 -109.301443 -0.800000
v 131.019545 -109.135692 -0.800000
v 130.640708 -109.034183 -0.800000
v 130.250000 -109.000000 -0.800000
v 129.859292 -109.034183 -0.800000
v 129.480455 -109.135692 -0.800000
v 129.125000 -109.301443 -0.800000
v 128.803728 -109.526400 -0.800000
v 128.526400 -109.803728 -0.800000
v 128.301443 -110.125000 -0.800000
v 128.135692 -110.480455 -0.800000
v 128.034183 -110.859292 -0.800000
v 128.000000 -111.250000 -0.800000
v 128.034183 -111.640708 -0.800000
v 128.135692 -112.019545 -0.800000
v 128.301443 -112.375000 -0.800000
v 128.526400 -112.696272 -0.800000
v 128.803728 -112.973600 -0.800000
v 129.125000 -113.198557 -0.800000
v 129.480455 -113.364308 -0.800000
v 129.859292 -113.465817 -0.800000
v 130.250000 -113.500000 -0.800000
v 130.640708 -113.465817 -0.800000
v 131.019545 -113.364308 -0.800000
v 131.375000 -113.198557 -0.800000
v 131.696272 -112.973600 -0.800000
v 131.973600 -112.696272 -0.800000
v 132.198557 -112.375000 -0.800000
v 132.364308 -112.019545 -0.800000
v 132.465817 -111.640708 -0.800000
v 125.700000 -45.550000 1.400000
v 125.692404 -45.636824 1.400000
v 125.669846 -45.721010 1.400000
v 125.633013 -45.800000 1.400000
v 125.583022 -45.871394 1.400000
v 125.521394 -45.933022 1.400000
v 125.450000 -45.983013 1.400000
v 125.371010 -46.019846 1.400000
v 125.286824 -46.042404 1.400000
v 125.200000 -46.050000 1.400000
v 122.000000 -46.050000 1.400000
v 121.913176 -46.042404 1.400000
v 121.828990 -46.019846 1.400000
v 121.750000 -45.983013 1.400000
v 121.678606 -45.933022 1.400000
v 121.616978 -45.871394 1.400000
v 121.566987 -45.800000 1.400000
v 121.530154 -45.721010 1.400000
v 121.507596 -45.636824 1.400000
v 121.500000 -45.550000 1.400000
v 121.500000 -45.450000 1.400000
v 125.700000 -45.450000 1.400000
v 157.800000 -46.050000 1.400000
v 157.713176 -46.042404 1.400000
v 157.628990 -46.019846 1.400000
v 157.550000 -45.983013 1.400000
v 157.478606 -45.933022 1.400000
v 157.416978 -45.871394 1.400000
v 157.366987 -45.800000 1.400000
v 157.330154 -45.721010 1.400000
v 157.307596 -45.636824 1.400000
v 157.300000 -45.550000 1.400000
v 157.300000 -45.450000 1.400000
v 161.500000 -45.450000 1.400000
v 161.500000 -45.550000 1.400000
v 161.492404 -45.636824 1.400000
v 161.469846 -45.721010 1.400000
v 161.433013 -45.800000 1.400000
v 161.383022 -45.871394 1.400000
v 161.321394 -45.933022 1.400000
v 161.250000 -45.983013 1.400000
v 161.171010 -46.019846 1.400000
v 161.086824 -46.042404 1.400000
v 161.000000 -46.050000 1.400000
v 157.300000 -45.450000 -2.400000
v 161.000000 -45.450000 -2.400000
v 161.500000 -45.450000 -2.900000
v 125.700000 -45.550000 3.600000
v 125.689453 -45.652155 3.702155
v 125.658258 -45.750000 3.800000
v 125.624574 -45.814078 3.735922
v 125.581990 -45.872620 3.677380
v 125.531399 -45.924399 3.625601
v 125.473861 -45.968330 3.581670
v 125.410583 -46.003492 3.546508
v 125.377201 -46.017547 3.532453
v 125.342890 -46.029148 3.520852
v 125.307829 -46.038235 3.511765
v 125.272202 -46.044759 3.505241
v 125.236196 -46.048688 3.501312
v 125.200000 -46.050000 3.500000
v 125.692404 -45.636824 2.600000
v 125.669846 -45.721010 2.600000
v 125.633013 -45.800000 2.600000
v 125.583022 -45.871394 2.600000
v 125.521394 -45.933022 2.600000
v 125.450000 -45.983013 2.600000
v 125.371010 -46.019846 2.600000
v 125.286824 -46.042404 2.600000
v 125.700000 -45.450000 -2.400000
v 125.700000 -42.950000 -2.400000
v 125.700000 -42.950000 3.600000
v 122.000000 -46.050000 3.500000
v 157.800000 -46.050000 3.500000
v 157.763804 -46.048688 3.501312
v 157.727798 -46.044759 3.505241
v 157.692171 -46.038235 3.511765
v 157.657110 -46.029148 3.520852
v 157.622799 -46.017547 3.532453
v 157.589417 -46.003492 3.546508
v 157.526139 -45.968330 3.581670
v 157.468601 -45.924399 3.625601
v 157.418010 -45.872620 3.677380
v 157.375426 -45.814078 3.735922
v 157.341742 -45.750000 3.800000
v 157.310547 -45.652155 3.702155
v 157.300000 -45.550000 3.600000
v 157.713176 -46.042404 2.600000
v 157.628990 -46.019846 2.600000
v 157.550000 -45.983013 2.600000
v 157.478606 -45.933022 2.600000
v 157.416978 -45.871394 2.600000
v 157.366987 -45.800000 2.600000
v 157.330154 -45.721010 2.600000
v 157.307596 -45.636824 2.600000
v 157.300000 -42.950000 3.600000
v 157.300000 -42.950000 -2.400000
v 157.375426 -45.685922 3.864078
v 157.418010 -45.627380 3.922620
v 157.468601 -45.575601 3.974399
v 157.526139 -45.531670 4.018330
v 157.589417 -45.496508 4.053492
v 157.622799 -45.482453 4.067547
v 157.657110 -45.470852 4.079148
v 157.692171 -45.461765 4.088235
v 157.727798 -45.455241 4.094759
v 157.763804 -45.451312 4.098688
v 157.800000 -45.450000 4.100000
v 157.800000 -42.950000 4.100000
v 157.713176 -42.950000 4.092404
v 157.628990 -42.950000 4.069846
v 157.550000 -42.950000 4.033013
v 157.478606 -42.950000 3.983022
v 157.416978 -42.950000 3.921394
v 157.366987 -42.950000 3.850000
v 157.330154 -42.950000 3.771010
v 157.307596 -42.950000 3.686824
v 157.307596 -44.350000 3.686824
v 157.330154 -44.350000 3.771010
v 157.366987 -44.350000 3.850000
v 157.416978 -44.350000 3.921394
v 157.478606 -44.350000 3.983022
v 157.550000 -44.350000 4.033013
v 157.628990 -44.350000 4.069846
v 157.713176 -44.350000 4.092404
v 121.500000 -45.550000 3.292893
v 121.913176 -46.042404 3.496854
v 121.828990 -46.019846 3.487510
v 121.750000 -45.983013 3.472253
v 121.678606 -45.933022 3.451546
v 121.616978 -45.871394 3.426019
v 121.566987 -45.800000 3.396447
v 121.530154 -45.721010 3.363728
v 121.507596 -45.636824 3.328857
v 121.507596 -45.636824 2.450000
v 121.530154 -45.721010 2.450000
v 121.566987 -45.800000 2.450000
v 121.616978 -45.871394 2.450000
v 121.678606 -45.933022 2.450000
v 121.750000 -45.983013 2.450000
v 121.828990 -46.019846 2.450000
v 121.913176 -46.042404 2.450000
v 122.000000 -45.450000 4.100000
v 121.913176 -45.446854 4.092404
v 121.828990 -45.437510 4.069846
v 121.750000 -45.422253 4.033013
v 121.678606 -45.401546 3.983022
v 121.616978 -45.376019 3.921394
v 121.566987 -45.346447 3.850000
v 121.530154 -45.313728 3.771010
v 121.507596 -45.278857 3.686824
v 121.500000 -45.242893 3.600000
v 122.000000 -43.657107 4.100000
v 121.913176 -43.621143 4.092404
v 121.828990 -43.586272 4.069846
v 121.750000 -43.553553 4.033013
v 121.678606 -43.523981 3.983022
v 121.616978 -43.498454 3.921394
v 121.566987 -43.477747 3.850000
v 121.530154 -43.462490 3.771010
v 121.507596 -43.453146 3.686824
v 121.500000 -43.450000 3.600000
v 125.200000 -42.450000 3.600000
v 125.200000 -42.457596 3.686824
v 125.200000 -42.480154 3.771010
v 125.200000 -42.516987 3.850000
v 125.200000 -42.566978 3.921394
v 125.200000 -42.628606 3.983022
v 125.200000 -42.700000 4.033013
v 125.200000 -42.778990 4.069846
v 125.200000 -42.863176 4.092404
v 125.200000 -42.950000 4.100000
v 125.286824 -42.950000 4.092404
v 125.371010 -42.950000 4.069846
v 125.450000 -42.950000 4.033013
v 125.521394 -42.950000 3.983022
v 125.583022 -42.950000 3.921394
v 125.633013 -42.950000 3.850000
v 125.669846 -42.950000 3.771010
v 125.692404 -42.950000 3.686824
v 125.692404 -42.863176 3.600000
v 125.669846 -42.778990 3.600000
v 125.633013 -42.700000 3.600000
v 125.583022 -42.628606 3.600000
v 125.521394 -42.566978 3.600000
v 125.450000 -42.516987 3.600000
v 125.371010 -42.480154 3.600000
v 125.286824 -42.457596 3.600000
v 125.572944 -42.628570 3.687153
v 125.538583 -42.879376 3.961073
v 125.649683 -42.877234 3.806131
v 125.235599 -42.461793 3.701917
v 125.270048 -42.455432 3.622274
v 125.237117 -42.535563 3.877245
v 125.272766 -42.500317 3.806131
v 125.306207 -42.478686 3.728775
v 125.336417 -42.471322 3.647514
v 125.229719 -42.668657 4.012265
v 125.270624 -42.611417 3.961073
v 125.309391 -42.564431 3.898948
v 125.344846 -42.529119 3.827770
v 125.375915 -42.506553 3.749695
v 125.401656 -42.497414 3.667087
v 125.244331 -42.766664 4.063058
v 125.292072 -42.704298 4.025621
v 125.337025 -42.649373 3.975296
v 125.377829 -42.603550 3.913607
v 125.413248 -42.568219 3.842422
v 125.442210 -42.544448 3.763895
v 125.463837 -42.532957 3.680406
v 125.240422 -42.869172 4.091765
v 125.296586 -42.806676 4.069179
v 125.349825 -42.748520 4.032387
v 125.398527 -42.696465 3.982501
v 125.441217 -42.652087 3.921033
v 125.476603 -42.616730 3.849843
v 125.503614 -42.591465 3.771089
v 125.521430 -42.577056 3.687153
v 125.280828 -42.909578 4.091765
v 125.343324 -42.853414 4.069179
v 125.401480 -42.800175 4.032387
v 125.453535 -42.751473 3.982501
v 125.497913 -42.708783 3.921033
v 125.533270 -42.673397 3.849843
v 125.558535 -42.646386 3.771089
v 125.383336 -42.905669 4.063058
v 125.445702 -42.857928 4.025621
v 125.500627 -42.812975 3.975296
v 125.546450 -42.772171 3.913607
v 125.581781 -42.736752 3.842422
v 125.605552 -42.707790 3.763895
v 125.617043 -42.686163 3.680406
v 125.481343 -42.920281 4.012265
v 125.585569 -42.840609 3.898948
v 125.620881 -42.805154 3.827770
v 125.643447 -42.774085 3.749695
v 125.652586 -42.748344 3.667087
v 125.614437 -42.912883 3.877245
v 125.671314 -42.843793 3.728775
v 125.678678 -42.813583 3.647514
v 125.688207 -42.914401 3.701917
v 125.694568 -42.879952 3.622274
v 125.200000 -45.450000 4.100000
v 125.236196 -45.451312 4.098688
v 125.272202 -45.455241 4.094759
v 125.307829 -45.461765 4.088235
v 125.342890 -45.470852 4.079148
v 125.377201 -45.482453 4.067547
v 125.410583 -45.496508 4.053492
v 125.473861 -45.531670 4.018330
v 125.531399 -45.575601 3.974399
v 125.581990 -45.627380 3.922620
v 125.624574 -45.685922 3.864078
v 125.633013 -44.350000 3.850000
v 125.669846 -44.350000 3.771010
v 125.692404 -44.350000 3.686824
v 125.583022 -44.350000 3.921394
v 125.521394 -44.350000 3.983022
v 125.450000 -44.350000 4.033013
v 125.371010 -44.350000 4.069846
v 125.286824 -44.350000 4.092404
v 125.375351 -42.481756 -2.400000
v 125.289101 -42.458003 -2.477783
v 125.200000 -42.450000 -2.546447
v 125.692518 -42.863827 -2.400000
v 125.670297 -42.780233 -2.400000
v 125.634001 -42.701719 -2.400000
v 125.584716 -42.630636 -2.400000
v 125.523918 -42.569110 -2.400000
v 125.453427 -42.518984 -2.400000
v 125.371010 -42.480154 -1.009835
v 125.371010 -42.480154 0.526777
v 125.371010 -42.480154 2.063388
v 125.450000 -42.516987 2.063388
v 125.450000 -42.516987 0.526777
v 125.450000 -42.516987 -1.009835
v 125.286824 -42.457596 -1.009835
v 125.286824 -42.457596 0.526777
v 125.286824 -42.457596 2.063388
v 125.521394 -42.566978 2.063388
v 125.521394 -42.566978 0.526777
v 125.521394 -42.566978 -1.009835
v 125.583022 -42.628606 2.063388
v 125.583022 -42.628606 0.526777
v 125.583022 -42.628606 -1.009835
v 125.633013 -42.700000 2.063388
v 125.633013 -42.700000 0.526777
v 125.633013 -42.700000 -1.009835
v 125.669846 -42.778990 2.063388
v 125.669846 -42.778990 0.526777
v 125.669846 -42.778990 -1.009835
v 125.692433 -42.863343 2.063388
v 125.692463 -42.863509 0.526777
v 125.692492 -42.863676 -1.009835
v 122.707107 -42.950000 4.100000
v 122.500000 -42.450000 3.600000
v 122.503146 -42.457596 3.686824
v 122.512490 -42.480154 3.771010
v 122.527747 -42.516987 3.850000
v 122.548454 -42.566978 3.921394
v 122.573981 -42.628606 3.983022
v 122.603553 -42.700000 4.033013
v 122.636272 -42.778990 4.069846
v 122.671143 -42.863176 4.092404
v 123.850000 -42.863176 4.092404
v 123.850000 -42.778990 4.069846
v 123.850000 -42.700000 4.033013
v 123.850000 -42.628606 3.983022
v 123.850000 -42.566978 3.921394
v 123.850000 -42.516987 3.850000
v 123.850000 -42.480154 3.771010
v 123.850000 -42.457596 3.686824
v 121.500000 -43.450000 -7.400000
v 121.500000 -55.650000 -7.400000
v 121.500000 -67.850000 -7.400000
v 121.500000 -80.050000 -7.400000
v 121.500000 -80.050000 -2.900000
v 121.500000 -68.516667 -2.900000
v 121.500000 -56.983333 -2.900000
v 121.500000 -45.450000 -2.900000
v 122.500000 -42.450000 -7.400000
v 124.700000 -42.450000 -2.900000
v 124.700000 -42.450000 -7.400000
v 161.000000 -46.050000 3.500000
v 161.500000 -45.550000 3.292893
v 161.492404 -45.636824 3.328857
v 161.469846 -45.721010 3.363728
v 161.433013 -45.800000 3.396447
v 161.383022 -45.871394 3.426019
v 161.321394 -45.933022 3.451546
v 161.250000 -45.983013 3.472253
v 161.171010 -46.019846 3.487510
v 161.086824 -46.042404 3.496854
v 161.086824 -46.042404 2.450000
v 161.171010 -46.019846 2.450000
v 161.250000 -45.983013 2.450000
v 161.321394 -45.933022 2.450000
v 161.383022 -45.871394 2.450000
v 161.433013 -45.800000 2.450000
v 161.469846 -45.721010 2.450000
v 161.492404 -45.636824 2.450000
v 161.500000 -45.242893 3.600000
v 161.492404 -45.278857 3.686824
v 161.469846 -45.313728 3.771010
v 161.433013 -45.346447 3.850000
v 161.383022 -45.376019 3.921394
v 161.321394 -45.401546 3.983022
v 161.250000 -45.422253 4.033013
v 161.171010 -45.437510 4.069846
v 161.086824 -45.446854 4.092404
v 161.000000 -45.450000 4.100000
v 161.500000 -43.450000 3.600000
v 161.492404 -43.453146 3.686824
v 161.469846 -43.462490 3.771010
v 161.433013 -43.477747 3.850000
v 161.383022 -43.498454 3.921394
v 161.321394 -43.523981 3.983022
v 161.250000 -43.553553 4.033013
v 161.171010 -43.586272 4.069846
v 161.086824 -43.621143 4.092404
v 161.000000 -43.657107 4.100000
v 157.800000 -42.450000 3.600000
v 157.713176 -42.457596 3.600000
v 157.628990 -42.480154 3.600000
v 157.550000 -42.516987 3.600000
v 157.478606 -42.566978 3.600000
v 157.416978 -42.628606 3.600000
v 157.366987 -42.700000 3.600000
v 157.330154 -42.778990 3.600000
v 157.307596 -42.863176 3.600000
v 157.800000 -42.863176 4.092404
v 157.800000 -42.778990 4.069846
v 157.800000 -42.700000 4.033013
v 157.800000 -42.628606 3.983022
v 157.800000 -42.566978 3.921394
v 157.800000 -42.516987 3.850000
v 157.800000 -42.480154 3.771010
v 157.800000 -42.457596 3.686824
v 157.478570 -42.577056 3.687153
v 157.729376 -42.611417 3.961073
v 157.727234 -42.500317 3.806131
v 157.729952 -42.455432 3.622274
v 157.764401 -42.461793 3.701917
v 157.663583 -42.471322 3.647514
v 157.693793 -42.478686 3.728775
v 157.762883 -42.535563 3.877245
v 157.598344 -42.497414 3.667087
v 157.624085 -42.506553 3.749695
v 157.655154 -42.529119 3.827770
v 157.690609 -42.564431 3.898948
v 157.770281 -42.668657 4.012265
v 157.536163 -42.532957 3.680406
v 157.557790 -42.544448 3.763895
v 157.586752 -42.568219 3.842422
v 157.622171 -42.603550 3.913607
v 157.662975 -42.649373 3.975296
v 157.707928 -42.704298 4.025621
v 157.755669 -42.766664 4.063058
v 157.496386 -42.591465 3.771089
v 157.523397 -42.616730 3.849843
v 157.558783 -42.652087 3.921033
v 157.601473 -42.696465 3.982501
v 157.650175 -42.748520 4.032387
v 157.703414 -42.806676 4.069179
v 157.759578 -42.869172 4.091765
v 157.719172 -42.909578 4.091765
v 157.656676 -42.853414 4.069179
v 157.598520 -42.800175 4.032387
v 157.546465 -42.751473 3.982501
v 157.502087 -42.708783 3.921033
v 157.466730 -42.673397 3.849843
v 157.441465 -42.646386 3.771089
v 157.427056 -42.628570 3.687153
v 157.382957 -42.686163 3.680406
v 157.394448 -42.707790 3.763895
v 157.418219 -42.736752 3.842422
v 157.453550 -42.772171 3.913607
v 157.499373 -42.812975 3.975296
v 157.554298 -42.857928 4.025621
v 157.616664 -42.905669 4.063058
v 157.347414 -42.748344 3.667087
v 157.356553 -42.774085 3.749695
v 157.379119 -42.805154 3.827770
v 157.414431 -42.840609 3.898948
v 157.461417 -42.879376 3.961073
v 157.518657 -42.920281 4.012265
v 157.321322 -42.813583 3.647514
v 157.328686 -42.843793 3.728775
v 157.350317 -42.877234 3.806131
v 157.385563 -42.912883 3.877245
v 157.305432 -42.879952 3.622274
v 157.311793 -42.914401 3.701917
v 160.500000 -42.450000 3.600000
v 160.292893 -42.950000 4.100000
v 160.328857 -42.863176 4.092404
v 160.363728 -42.778990 4.069846
v 160.396447 -42.700000 4.033013
v 160.426019 -42.628606 3.983022
v 160.451546 -42.566978 3.921394
v 160.472253 -42.516987 3.850000
v 160.487510 -42.480154 3.771010
v 160.496854 -42.457596 3.686824
v 159.150000 -42.457596 3.686824
v 159.150000 -42.480154 3.771010
v 159.150000 -42.516987 3.850000
v 159.150000 -42.566978 3.921394
v 159.150000 -42.628606 3.983022
v 159.150000 -42.700000 4.033013
v 159.150000 -42.778990 4.069846
v 159.150000 -42.863176 4.092404
v 157.624649 -42.481756 -2.400000
v 157.546573 -42.518984 -2.400000
v 157.476082 -42.569110 -2.400000
v 157.415284 -42.630636 -2.400000
v 157.365999 -42.701719 -2.400000
v 157.329703 -42.780233 -2.400000
v 157.307482 -42.863827 -2.400000
v 157.800000 -42.450000 -2.546447
v 157.710899 -42.458003 -2.477783
v 157.550000 -42.516987 -1.009835
v 157.550000 -42.516987 0.526777
v 157.550000 -42.516987 2.063388
v 157.628990 -42.480154 2.063388
v 157.628990 -42.480154 0.526777
v 157.628990 -42.480154 -1.009835
v 157.478606 -42.566978 -1.009835
v 157.478606 -42.566978 0.526777
v 157.478606 -42.566978 2.063388
v 157.416978 -42.628606 -1.009835
v 157.416978 -42.628606 0.526777
v 157.416978 -42.628606 2.063388
v 157.366987 -42.700000 -1.009835
v 157.366987 -42.700000 0.526777
v 157.366987 -42.700000 2.063388
v 157.330154 -42.778990 -1.009835
v 157.330154 -42.778990 0.526777
v 157.330154 -42.778990 2.063388
v 157.307508 -42.863676 -1.009835
v 157.307537 -42.863509 0.526777
v 157.307567 -42.863343 2.063388
v 157.713176 -42.457596 2.063388
v 157.713176 -42.457596 0.526777
v 157.713176 -42.457596 -1.009835
v 120.000000 -83.550000 -4.248612
v 120.000000 -83.550000 -3.900000
v 119.500000 -83.050000 -3.400000
v 119.500000 -83.050000 -4.400000
v 121.833333 -83.050000 -7.900000
v 122.100925 -83.550000 -7.400000
v 125.700000 -83.550000 -7.400000
v 125.700000 -83.550000 1.600000
v 121.900000 -83.550000 1.600000
v 121.900000 -83.550000 -4.400000
v 120.500000 -83.550000 -4.400000
v 122.166667 -82.550000 -8.400000
v 126.700000 -82.550000 -8.400000
v 119.500000 -92.050000 -4.400000
v 119.500000 -92.050000 -3.400000
v 120.000000 -91.550000 -3.900000
v 120.000000 -91.550000 -4.248612
v 122.100925 -91.550000 -7.400000
v 121.833333 -92.050000 -7.900000
v 119.500000 -93.550000 -4.400000
v 119.500000 -93.550000 0.600000
v 119.500000 -91.394435 1.100000
v 119.500000 -83.050000 1.100000
v 122.166667 -92.550000 -8.400000
v 122.166667 -100.421665 -8.400000
v 121.500000 -101.937097 -7.400000
v 125.700000 -91.550000 -7.400000
v 126.700000 -92.550000 -8.400000
v 163.000000 -83.550000 -4.248612
v 160.899075 -83.550000 -7.400000
v 161.166667 -83.050000 -7.900000
v 163.500000 -83.050000 -4.400000
v 163.500000 -83.050000 -3.400000
v 163.000000 -83.550000 -3.900000
v 157.300000 -83.550000 -7.400000
v 156.300000 -82.550000 -8.400000
v 160.833333 -82.550000 -8.400000
v 162.500000 -83.550000 -4.400000
v 161.100000 -83.550000 -4.400000
v 161.100000 -83.550000 1.600000
v 157.300000 -83.550000 1.600000
v 163.000000 -91.550000 -4.248612
v 163.000000 -91.550000 -3.900000
v 163.500000 -92.050000 -3.400000
v 163.500000 -92.050000 -4.400000
v 161.166667 -92.050000 -7.900000
v 160.899075 -91.550000 -7.400000
v 157.300000 -91.550000 -7.400000
v 157.300000 -91.550000 1.600000
v 161.100000 -91.550000 1.600000
v 161.100000 -91.550000 -4.400000
v 162.500000 -91.550000 -4.400000
v 160.833333 -92.550000 -8.400000
v 156.300000 -92.550000 -8.400000
v 120.500000 -91.550000 -4.400000
v 160.833333 -69.765849 -8.400000
v 160.833333 -56.981698 -8.400000
v 160.833333 -44.197547 -8.400000
v 161.500000 -43.450000 -7.400000
v 161.500000 -55.650000 -7.400000
v 161.500000 -67.850000 -7.400000
v 161.500000 -80.050000 -7.400000
v 162.500000 -82.050000 -5.900000
v 125.700000 -91.550000 1.600000
v 121.900000 -91.550000 -4.400000
v 121.900000 -91.550000 1.600000
v 122.000000 -80.168034 -2.400000
v 122.000000 -68.595356 -2.400000
v 122.000000 -57.022678 -2.400000
v 122.000000 -45.450000 -2.400000
v 120.500000 -82.050000 -2.900000
v 121.059017 -82.050000 -2.400000
v 151.250000 -39.250000 -2.400000
v 151.284183 -38.859292 -2.400000
v 151.385692 -38.480455 -2.400000
v 151.551443 -38.125000 -2.400000
v 151.776400 -37.803728 -2.400000
v 152.053728 -37.526400 -2.400000
v 152.375000 -37.301443 -2.400000
v 152.730455 -37.135692 -2.400000
v 153.109292 -37.034183 -2.400000
v 153.500000 -37.000000 -2.400000
v 153.890708 -37.034183 -2.400000
v 154.269545 -37.135692 -2.400000
v 154.625000 -37.301443 -2.400000
v 154.946272 -37.526400 -2.400000
v 155.223600 -37.803728 -2.400000
v 155.448557 -38.125000 -2.400000
v 155.614308 -38.480455 -2.400000
v 155.715817 -38.859292 -2.400000
v 155.750000 -39.250000 -2.400000
v 155.715817 -39.640708 -2.400000
v 155.614308 -40.019545 -2.400000
v 155.448557 -40.375000 -2.400000
v 155.223600 -40.696272 -2.400000
v 154.946272 -40.973600 -2.400000
v 154.625000 -41.198557 -2.400000
v 154.269545 -41.364308 -2.400000
v 153.890708 -41.465817 -2.400000
v 153.500000 -41.500000 -2.400000
v 153.109292 -41.465817 -2.400000
v 152.730455 -41.364308 -2.400000
v 152.375000 -41.198557 -2.400000
v 152.053728 -40.973600 -2.400000
v 151.776400 -40.696272 -2.400000
v 151.551443 -40.375000 -2.400000
v 151.385692 -40.019545 -2.400000
v 151.284183 -39.640708 -2.400000
v 150.500000 -111.250000 -2.400000
v 150.534183 -110.859292 -2.400000
v 150.635692 -110.480455 -2.400000
v 150.801443 -110.125000 -2.400000
v 151.026400 -109.803728 -2.400000
v 151.303728 -109.526400 -2.400000
v 151.625000 -109.301443 -2.400000
v 151.980455 -109.135692 -2.400000
v 152.359292 -109.034183 -2.400000
v 152.750000 -109.000000 -2.400000
v 153.140708 -109.034183 -2.400000
v 153.519545 -109.135692 -2.400000
v 153.875000 -109.301443 -2.400000
v 154.196272 -109.526400 -2.400000
v 154.473600 -109.803728 -2.400000
v 154.698557 -110.125000 -2.400000
v 154.864308 -110.480455 -2.400000
v 154.965817 -110.859292 -2.400000
v 155.000000 -111.250000 -2.400000
v 154.965817 -111.640708 -2.400000
v 154.864308 -112.019545 -2.400000
v 154.698557 -112.375000 -2.400000
v 154.473600 -112.696272 -2.400000
v 154.196272 -112.973600 -2.400000
v 153.875000 -113.198557 -2.400000
v 153.519545 -113.364308 -2.400000
v 153.140708 -113.465817 -2.400000
v 152.750000 -113.500000 -2.400000
v 152.359292 -113.465817 -2.400000
v 151.980455 -113.364308 -2.400000
v 151.625000 -113.198557 -2.400000
v 151.303728 -112.973600 -2.400000
v 151.026400 -112.696272 -2.400000
v 150.801443 -112.375000 -2.400000
v 150.635692 -112.019545 -2.400000
v 150.534183 -111.640708 -2.400000
v 132.500000 -111.250000 -2.400000
v 132.465817 -111.640708 -2.400000
v 132.364308 -112.019545 -2.400000
v 132.198557 -112.375000 -2.400000
v 131.973600 -112.696272 -2.400000
v 131.696272 -112.973600 -2.400000
v 131.375000 -113.198557 -2.400000
v 131.019545 -113.364308 -2.400000
v 130.640708 -113.465817 -2.400000
v 130.250000 -113.500000 -2.400000
v 129.859292 -113.465817 -2.400000
v 129.480455 -113.364308 -2.400000
v 129.125000 -113.198557 -2.400000
v 128.803728 -112.973600 -2.400000
v 128.526400 -112.696272 -2.400000
v 128.301443 -112.375000 -2.400000
v 128.135692 -112.019545 -2.400000
v 128.034183 -111.640708 -2.400000
v 128.000000 -111.250000 -2.400000
v 128.034183 -110.859292 -2.400000
v 128.135692 -110.480455 -2.400000
v 128.301443 -110.125000 -2.400000
v 128.526400 -109.803728 -2.400000
v 128.803728 -109.526400 -2.400000
v 129.125000 -109.301443 -2.400000
v 129.480455 -109.135692 -2.400000
v 129.859292 -109.034183 -2.400000
v 130.250000 -109.000000 -2.400000
v 130.640708 -109.034183 -2.400000
v 131.019545 -109.135692 -2.400000
v 131.375000 -109.301443 -2.400000
v 131.696272 -109.526400 -2.400000
v 131.973600 -109.803728 -2.400000
v 132.198557 -110.125000 -2.400000
v 132.364308 -110.480455 -2.400000
v 132.465817 -110.859292 -2.400000
v 131.750000 -39.250000 -2.400000
v 131.715817 -39.640708 -2.400000
v 131.614308 -40.019545 -2.400000
v 131.448557 -40.375000 -2.400000
v 131.223600 -40.696272 -2.400000
v 130.946272 -40.973600 -2.400000
v 130.625000 -41.198557 -2.400000
v 130.269545 -41.364308 -2.400000
v 129.890708 -41.465817 -2.400000
v 129.500000 -41.500000 -2.400000
v 129.109292 -41.465817 -2.400000
v 128.730455 -41.364308 -2.400000
v 128.375000 -41.198557 -2.400000
v 128.053728 -40.973600 -2.400000
v 127.776400 -40.696272 -2.400000
v 127.551443 -40.375000 -2.400000
v 127.385692 -40.019545 -2.400000
v 127.284183 -39.640708 -2.400000
v 127.250000 -39.250000 -2.400000
v 127.284183 -38.859292 -2.400000
v 127.385692 -38.480455 -2.400000
v 127.551443 -38.125000 -2.400000
v 127.776400 -37.803728 -2.400000
v 128.053728 -37.526400 -2.400000
v 128.375000 -37.301443 -2.400000
v 128.730455 -37.135692 -2.400000
v 129.109292 -37.034183 -2.400000
v 129.500000 -37.000000 -2.400000
v 129.890708 -37.034183 -2.400000
v 130.269545 -37.135692 -2.400000
v 130.625000 -37.301443 -2.400000
v 130.946272 -37.526400 -2.400000
v 131.223600 -37.803728 -2.400000
v 131.448557 -38.125000 -2.400000
v 131.614308 -38.480455 -2.400000
v 131.715817 -38.859292 -2.400000
v 126.400000 -82.050000 -2.400000
v 126.538919 -82.062154 -2.400000
v 126.673616 -82.098246 -2.400000
v 126.800000 -82.157180 -2.400000
v 126.914230 -82.237164 -2.400000
v 127.012836 -82.335770 -2.400000
v 127.092820 -82.450000 -2.400000
v 127.151754 -82.576384 -2.400000
v 127.187846 -82.711081 -2.400000
v 127.200000 -82.850000 -2.400000
v 127.200000 -94.016667 -2.400000
v 127.200000 -105.183333 -2.400000
v 127.200000 -116.350000 -2.400000
v 127.225827 -116.645202 -2.400000
v 127.302523 -116.931434 -2.400000
v 127.427757 -117.200000 -2.400000
v 127.597724 -117.442739 -2.400000
v 127.807261 -117.652276 -2.400000
v 128.050000 -117.822243 -2.400000
v 128.318566 -117.947477 -2.400000
v 128.604798 -118.024173 -2.400000
v 128.900000 -118.050000 -2.400000
v 141.500000 -118.050000 -2.400000
v 154.100000 -118.050000 -2.400000
v 154.395202 -118.024173 -2.400000
v 154.681434 -117.947477 -2.400000
v 154.950000 -117.822243 -2.400000
v 155.192739 -117.652276 -2.400000
v 155.402276 -117.442739 -2.400000
v 155.572243 -117.200000 -2.400000
v 155.697477 -116.931434 -2.400000
v 155.774173 -116.645202 -2.400000
v 155.800000 -116.350000 -2.400000
v 155.800000 -105.183333 -2.400000
v 155.800000 -94.016667 -2.400000
v 155.800000 -82.850000 -2.400000
v 155.812154 -82.711081 -2.400000
v 155.848246 -82.576384 -2.400000
v 155.907180 -82.450000 -2.400000
v 155.987164 -82.335770 -2.400000
v 156.085770 -82.237164 -2.400000
v 156.200000 -82.157180 -2.400000
v 156.326384 -82.098246 -2.400000
v 156.461081 -82.062154 -2.400000
v 156.600000 -82.050000 -2.400000
v 161.940983 -82.050000 -2.400000
v 161.000000 -80.168034 -2.400000
v 161.000000 -68.595356 -2.400000
v 161.000000 -57.022678 -2.400000
v 156.800000 -41.657107 -2.400000
v 156.800000 -37.750000 -2.400000
v 156.777212 -37.489528 -2.400000
v 156.709539 -37.236970 -2.400000
v 156.599038 -37.000000 -2.400000
v 156.449067 -36.785819 -2.400000
v 156.264181 -36.600933 -2.400000
v 156.050000 -36.450962 -2.400000
v 155.813030 -36.340461 -2.400000
v 155.560472 -36.272788 -2.400000
v 155.300000 -36.250000 -2.400000
v 141.500000 -36.250000 -2.400000
v 127.700000 -36.250000 -2.400000
v 127.439528 -36.272788 -2.400000
v 127.186970 -36.340461 -2.400000
v 126.950000 -36.450962 -2.400000
v 126.735819 -36.600933 -2.400000
v 126.550933 -36.785819 -2.400000
v 126.400962 -37.000000 -2.400000
v 126.290461 -37.236970 -2.400000
v 126.222788 -37.489528 -2.400000
v 126.200000 -37.750000 -2.400000
v 126.200000 -41.657107 -2.400000
v 148.313661 -45.450000 -2.400000
v 134.686339 -104.416667 -2.400000
v 134.686339 -77.150000 -2.400000
v 148.313661 -41.500000 -2.400000
v 134.686339 -45.450000 -2.400000
v 134.686339 -41.500000 -2.400000
v 148.313661 -113.500000 -2.400000
v 134.686339 -113.500000 -2.400000
v 148.313661 -104.416667 -2.400000
v 134.686339 -49.883333 -2.400000
v 148.313661 -49.883333 -2.400000
v 134.686339 -63.516667 -2.400000
v 148.313661 -63.516667 -2.400000
v 148.313661 -77.150000 -2.400000
v 134.686339 -90.783333 -2.400000
v 148.313661 -90.783333 -2.400000
v 161.500000 -80.050000 -2.900000
v 161.500000 -68.516667 -2.900000
v 161.500000 -56.983333 -2.900000
v 162.500000 -82.050000 -2.900000
v 125.700000 -37.750000 -2.900000
v 125.700000 -41.450000 -2.900000
v 127.700000 -35.750000 -2.900000
v 127.352704 -35.780384 -2.900000
v 127.015960 -35.870615 -2.900000
v 126.700000 -36.017949 -2.900000
v 126.414425 -36.217911 -2.900000
v 126.167911 -36.464425 -2.900000
v 125.967949 -36.750000 -2.900000
v 125.820615 -37.065960 -2.900000
v 125.730384 -37.402704 -2.900000
v 155.300000 -35.750000 -2.900000
v 141.500000 -35.750000 -2.900000
v 157.300000 -37.750000 -2.900000
v 157.269616 -37.402704 -2.900000
v 157.179385 -37.065960 -2.900000
v 157.032051 -36.750000 -2.900000
v 156.832089 -36.464425 -2.900000
v 156.585575 -36.217911 -2.900000
v 156.300000 -36.017949 -2.900000
v 155.984040 -35.870615 -2.900000
v 155.647296 -35.780384 -2.900000
v 157.300000 -41.450000 -2.900000
v 158.300000 -42.450000 -2.900000
v 125.700000 -41.450000 -7.400000
v 125.700000 -37.750000 -7.400000
v 127.700000 -35.750000 -7.400000
v 127.352704 -35.780384 -7.400000
v 127.015960 -35.870615 -7.400000
v 126.700000 -36.017949 -7.400000
v 126.414425 -36.217911 -7.400000
v 126.167911 -36.464425 -7.400000
v 125.967949 -36.750000 -7.400000
v 125.820615 -37.065960 -7.400000
v 125.730384 -37.402704 -7.400000
v 155.300000 -35.750000 -7.400000
v 141.500000 -35.750000 -7.400000
v 157.300000 -37.750000 -7.400000
v 157.269616 -37.402704 -7.400000
v 157.179385 -37.065960 -7.400000
v 157.032051 -36.750000 -7.400000
v 156.832089 -36.464425 -7.400000
v 156.585575 -36.217911 -7.400000
v 156.300000 -36.017949 -7.400000
v 155.984040 -35.870615 -7.400000
v 155.647296 -35.780384 -7.400000
v 157.300000 -41.450000 -7.400000
v 158.300000 -42.450000 -7.400000
v 160.500000 -42.450000 -7.400000
v 160.085786 -43.450000 -8.400000
v 157.885786 -43.450000 -8.400000
v 156.300000 -41.864214 -8.400000
v 126.700000 -37.750000 -8.400000
v 126.700000 -41.864214 -8.400000
v 125.114214 -43.450000 -8.400000
v 122.914214 -43.450000 -8.400000
v 122.166667 -44.197547 -8.400000
v 127.700000 -36.750000 -8.400000
v 127.526352 -36.765192 -8.400000
v 127.357980 -36.810307 -8.400000
v 127.200000 -36.883975 -8.400000
v 127.057212 -36.983956 -8.400000
v 126.933956 -37.107212 -8.400000
v 126.833975 -37.250000 -8.400000
v 126.760307 -37.407980 -8.400000
v 126.715192 -37.576352 -8.400000
v 155.300000 -36.750000 -8.400000
v 141.500000 -36.750000 -8.400000
v 156.300000 -37.750000 -8.400000
v 156.284808 -37.576352 -8.400000
v 156.239693 -37.407980 -8.400000
v 156.166025 -37.250000 -8.400000
v 156.066044 -37.107212 -8.400000
v 155.942788 -36.983956 -8.400000
v 155.800000 -36.883975 -8.400000
v 155.642020 -36.810307 -8.400000
v 155.473648 -36.765192 -8.400000
v 120.000000 -91.335643 1.600000
v 120.000000 -83.257107 1.600000
v 120.707107 -82.550000 1.600000
v 120.500000 -82.050000 1.100000
v 162.292893 -82.550000 1.600000
v 163.000000 -83.257107 1.600000
v 163.500000 -83.050000 1.100000
v 162.500000 -82.050000 1.100000
v 163.000000 -91.335643 1.600000
v 163.500000 -91.394435 1.100000
v 156.600000 -82.050000 1.100000
v 156.600000 -82.550000 1.600000
v 155.800000 -82.850000 1.100000
v 156.300000 -82.850000 1.600000
v 156.304558 -82.797906 1.600000
v 156.318092 -82.747394 1.600000
v 156.340192 -82.700000 1.600000
v 156.370187 -82.657164 1.600000
v 156.407164 -82.620187 1.600000
v 156.450000 -82.590192 1.600000
v 156.497394 -82.568092 1.600000
v 156.547906 -82.554558 1.600000
v 156.461081 -82.062154 1.100000
v 156.326384 -82.098246 1.100000
v 156.200000 -82.157180 1.100000
v 156.085770 -82.237164 1.100000
v 155.987164 -82.335770 1.100000
v 155.907180 -82.450000 1.100000
v 155.848246 -82.576384 1.100000
v 155.812154 -82.711081 1.100000
v 155.800000 -94.016667 1.100000
v 155.800000 -105.183333 1.100000
v 155.800000 -116.350000 1.100000
v 156.300000 -116.350000 1.600000
v 156.300000 -105.183333 1.600000
v 156.300000 -94.016667 1.600000
v 154.100000 -118.050000 1.100000
v 154.100000 -118.550000 1.600000
v 154.482026 -118.516577 1.600000
v 154.852444 -118.417324 1.600000
v 155.200000 -118.255256 1.600000
v 155.514133 -118.035298 1.600000
v 155.785298 -117.764133 1.600000
v 156.005256 -117.450000 1.600000
v 156.167324 -117.102444 1.600000
v 156.266577 -116.732026 1.600000
v 155.774173 -116.645202 1.100000
v 155.697477 -116.931434 1.100000
v 155.572243 -117.200000 1.100000
v 155.402276 -117.442739 1.100000
v 155.192739 -117.652276 1.100000
v 154.950000 -117.822243 1.100000
v 154.681434 -117.947477 1.100000
v 154.395202 -118.024173 1.100000
v 141.500000 -118.050000 1.100000
v 128.900000 -118.050000 1.100000
v 128.900000 -118.550000 1.600000
v 141.500000 -118.550000 1.600000
v 128.604798 -118.024173 1.100000
v 128.318566 -117.947477 1.100000
v 128.050000 -117.822243 1.100000
v 127.807261 -117.652276 1.100000
v 127.597724 -117.442739 1.100000
v 127.427757 -117.200000 1.100000
v 127.302523 -116.931434 1.100000
v 127.225827 -116.645202 1.100000
v 127.200000 -116.350000 1.100000
v 126.700000 -116.350000 1.600000
v 126.733423 -116.732026 1.600000
v 126.832676 -117.102444 1.600000
v 126.994744 -117.450000 1.600000
v 127.214702 -117.764133 1.600000
v 127.485867 -118.035298 1.600000
v 127.800000 -118.255256 1.600000
v 128.147556 -118.417324 1.600000
v 128.517974 -118.516577 1.600000
v 127.200000 -82.850000 1.100000
v 126.700000 -82.850000 1.600000
v 126.700000 -94.016667 1.600000
v 126.700000 -105.183333 1.600000
v 127.200000 -105.183333 1.100000
v 127.200000 -94.016667 1.100000
v 127.187846 -82.711081 1.100000
v 127.151754 -82.576384 1.100000
v 127.092820 -82.450000 1.100000
v 127.012836 -82.335770 1.100000
v 126.914230 -82.237164 1.100000
v 126.800000 -82.157180 1.100000
v 126.673616 -82.098246 1.100000
v 126.538919 -82.062154 1.100000
v 126.400000 -82.050000 1.100000
v 126.400000 -82.550000 1.600000
v 126.452094 -82.554558 1.600000
v 126.502606 -82.568092 1.600000
v 126.550000 -82.590192 1.600000
v 126.592836 -82.620187 1.600000
v 126.629813 -82.657164 1.600000
v 126.659808 -82.700000 1.600000
v 126.681908 -82.747394 1.600000
v 126.695442 -82.797906 1.600000
v 120.500000 -82.050000 -5.900000
v 126.538919 -82.062154 -0.650000
v 126.673616 -82.098246 -0.650000
v 126.800000 -82.157180 -0.650000
v 126.914230 -82.237164 -0.650000
v 127.012836 -82.335770 -0.650000
v 127.092820 -82.450000 -0.650000
v 127.151754 -82.576384 -0.650000
v 127.187846 -82.711081 -0.650000
v 155.720845 -118.550000 1.600000
v 155.887157 -118.536073 1.600000
v 156.048837 -118.494681 1.600000
v 156.201381 -118.426975 1.600000
v 156.340540 -118.334843 1.600000
v 156.462438 -118.220850 1.600000
v 156.563681 -118.088172 1.600000
v 156.641447 -117.940503 1.600000
v 156.693571 -117.781958 1.600000
v 159.846786 -104.558801 1.600000
v 155.812154 -82.711081 -0.650000
v 155.848246 -82.576384 -0.650000
v 155.907180 -82.450000 -0.650000
v 155.987164 -82.335770 -0.650000
v 156.085770 -82.237164 -0.650000
v 156.200000 -82.157180 -0.650000
v 156.326384 -82.098246 -0.650000
v 156.461081 -82.062154 -0.650000
v 163.500000 -93.550000 0.600000
v 163.500000 -93.550000 -4.400000
v 157.666297 -118.013915 0.600000
v 160.583149 -105.781958 0.600000
v 155.720845 -119.550000 0.600000
v 156.053469 -119.522146 0.600000
v 156.376828 -119.439361 0.600000
v 156.681916 -119.303951 0.600000
v 156.960234 -119.119686 0.600000
v 157.204031 -118.891701 0.600000
v 157.406516 -118.626343 0.600000
v 157.562048 -118.331006 0.600000
v 127.279155 -118.550000 1.600000
v 127.279155 -119.550000 0.600000
v 141.500000 -119.550000 0.600000
v 126.306429 -117.781958 1.600000
v 125.333703 -118.013915 0.600000
v 125.437952 -118.331006 0.600000
v 125.593484 -118.626343 0.600000
v 125.795969 -118.891701 0.600000
v 126.039766 -119.119686 0.600000
v 126.318084 -119.303951 0.600000
v 126.623172 -119.439361 0.600000
v 126.946531 -119.522146 0.600000
v 127.112843 -118.536073 1.600000
v 126.951163 -118.494681 1.600000
v 126.798619 -118.426975 1.600000
v 126.659460 -118.334843 1.600000
v 126.537562 -118.220850 1.600000
v 126.436319 -118.088172 1.600000
v 126.358553 -117.940503 1.600000
v 122.416851 -105.781958 0.600000
v 123.153214 -104.558801 1.600000
v 160.833333 -100.421665 -8.400000
v 161.500000 -101.937097 -7.400000
v 159.583149 -109.975506 -7.400000
v 157.666297 -118.013915 -7.400000
v 156.693571 -117.781958 -8.400000
v 158.763452 -109.101811 -8.400000
v 155.720845 -119.550000 -7.400000
v 155.720845 -118.550000 -8.400000
v 155.887157 -118.536073 -8.400000
v 156.048837 -118.494681 -8.400000
v 156.201381 -118.426975 -8.400000
v 156.340540 -118.334843 -8.400000
v 156.462438 -118.220850 -8.400000
v 156.563681 -118.088172 -8.400000
v 156.641447 -117.940503 -8.400000
v 157.562048 -118.331006 -7.400000
v 157.406516 -118.626343 -7.400000
v 157.204031 -118.891701 -7.400000
v 156.960234 -119.119686 -7.400000
v 156.681916 -119.303951 -7.400000
v 156.376828 -119.439361 -7.400000
v 156.053469 -119.522146 -7.400000
v 127.279155 -119.550000 -7.400000
v 127.279155 -118.550000 -8.400000
v 141.500000 -118.550000 -8.400000
v 141.500000 -119.550000 -7.400000
v 125.333703 -118.013915 -7.400000
v 126.306429 -117.781958 -8.400000
v 126.358553 -117.940503 -8.400000
v 126.436319 -118.088172 -8.400000
v 126.537562 -118.220850 -8.400000
v 126.659460 -118.334843 -8.400000
v 126.798619 -118.426975 -8.400000
v 126.951163 -118.494681 -8.400000
v 127.112843 -118.536073 -8.400000
v 126.946531 -119.522146 -7.400000
v 126.623172 -119.439361 -7.400000
v 126.318084 -119.303951 -7.400000
v 126.039766 -119.119686 -7.400000
v 125.795969 -118.891701 -7.400000
v 125.593484 -118.626343 -7.400000
v 125.437952 -118.331006 -7.400000
v 124.236548 -109.101811 -8.400000
v 123.416851 -109.975506 -7.400000
v 126.946531 -119.522146 -3.400000
v 126.623172 -119.439361 -3.400000
v 126.318084 -119.303951 -3.400000
v 126.039766 -119.119686 -3.400000
v 125.795969 -118.891701 -3.400000
v 125.593484 -118.626343 -3.400000
v 125.437952 -118.331006 -3.400000
v 157.562048 -118.331006 -3.400000
v 157.406516 -118.626343 -3.400000
v 157.204031 -118.891701 -3.400000
v 156.960234 -119.119686 -3.400000
v 156.681916 -119.303951 -3.400000
v 156.376828 -119.439361 -3.400000
v 156.053469 -119.522146 -3.400000
v 122.166667 -69.765849 -8.400000
v 122.166667 -56.981698 -8.400000
v 147.944444 -104.916667 -8.400000
v 135.055556 -104.916667 -8.400000
v 135.055556 -91.283333 -8.400000
v 147.944444 -91.283333 -8.400000
v 135.055556 -77.650000 -8.400000
v 147.944444 -77.650000 -8.400000
v 135.055556 -64.016667 -8.400000
v 147.944444 -64.016667 -8.400000
v 135.055556 -50.383333 -8.400000
v 147.944444 -50.383333 -8.400000
v 151.250000 -111.250000 2.600000
v 151.272788 -110.989528 2.600000
v 151.340461 -110.736970 2.600000
v 151.450962 -110.500000 2.600000
v 151.600933 -110.285819 2.600000
v 151.785819 -110.100933 2.600000
v 152.000000 -109.950962 2.600000
v 152.236970 -109.840461 2.600000
v 152.489528 -109.772788 2.600000
v 152.750000 -109.750000 2.600000
v 153.010472 -109.772788 2.600000
v 153.263030 -109.840461 2.600000
v 153.500000 -109.950962 2.600000
v 153.714181 -110.100933 2.600000
v 153.899067 -110.285819 2.600000
v 154.049038 -110.500000 2.600000
v 154.159539 -110.736970 2.600000
v 154.227212 -110.989528 2.600000
v 154.250000 -111.250000 2.600000
v 154.227212 -111.510472 2.600000
v 154.159539 -111.763030 2.600000
v 154.049038 -112.000000 2.600000
v 153.899067 -112.214181 2.600000
v 153.714181 -112.399067 2.600000
v 153.500000 -112.549038 2.600000
v 153.263030 -112.659539 2.600000
v 153.010472 -112.727212 2.600000
v 152.750000 -112.750000 2.600000
v 152.489528 -112.727212 2.600000
v 152.236970 -112.659539 2.600000
v 152.000000 -112.549038 2.600000
v 151.785819 -112.399067 2.600000
v 151.600933 -112.214181 2.600000
v 151.450962 -112.000000 2.600000
v 151.340461 -111.763030 2.600000
v 151.272788 -111.510472 2.600000
v 152.000000 -39.250000 2.600000
v 152.022788 -38.989528 2.600000
v 152.090461 -38.736970 2.600000
v 152.200962 -38.500000 2.600000
v 152.350933 -38.285819 2.600000
v 152.535819 -38.100933 2.600000
v 152.750000 -37.950962 2.600000
v 152.986970 -37.840461 2.600000
v 153.239528 -37.772788 2.600000
v 153.500000 -37.750000 2.600000
v 153.760472 -37.772788 2.600000
v 154.013030 -37.840461 2.600000
v 154.250000 -37.950962 2.600000
v 154.464181 -38.100933 2.600000
v 154.649067 -38.285819 2.600000
v 154.799038 -38.500000 2.600000
v 154.909539 -38.736970 2.600000
v 154.977212 -38.989528 2.600000
v 155.000000 -39.250000 2.600000
v 154.977212 -39.510472 2.600000
v 154.909539 -39.763030 2.600000
v 154.799038 -40.000000 2.600000
v 154.649067 -40.214181 2.600000
v 154.464181 -40.399067 2.600000
v 154.250000 -40.549038 2.600000
v 154.013030 -40.659539 2.600000
v 153.760472 -40.727212 2.600000
v 153.500000 -40.750000 2.600000
v 153.239528 -40.727212 2.600000
v 152.986970 -40.659539 2.600000
v 152.750000 -40.549038 2.600000
v 152.535819 -40.399067 2.600000
v 152.350933 -40.214181 2.600000
v 152.200962 -40.000000 2.600000
v 152.090461 -39.763030 2.600000
v 152.022788 -39.510472 2.600000
v 131.750000 -111.250000 2.600000
v 131.727212 -111.510472 2.600000
v 131.659539 -111.763030 2.600000
v 131.549038 -112.000000 2.600000
v 131.399067 -112.214181 2.600000
v 131.214181 -112.399067 2.600000
v 131.000000 -112.549038 2.600000
v 130.763030 -112.659539 2.600000
v 130.510472 -112.727212 2.600000
v 130.250000 -112.750000 2.600000
v 129.989528 -112.727212 2.600000
v 129.736970 -112.659539 2.600000
v 129.500000 -112.549038 2.600000
v 129.285819 -112.399067 2.600000
v 129.100933 -112.214181 2.600000
v 128.950962 -112.000000 2.600000
v 128.840461 -111.763030 2.600000
v 128.772788 -111.510472 2.600000
v 128.750000 -111.250000 2.600000
v 128.772788 -110.989528 2.600000
v 128.840461 -110.736970 2.600000
v 128.950962 -110.500000 2.600000
v 129.100933 -110.285819 2.600000
v 129.285819 -110.100933 2.600000
v 129.500000 -109.950962 2.600000
v 129.736970 -109.840461 2.600000
v 129.989528 -109.772788 2.600000
v 130.250000 -109.750000 2.600000
v 130.510472 -109.772788 2.600000
v 130.763030 -109.840461 2.600000
v 131.000000 -109.950962 2.600000
v 131.214181 -110.100933 2.600000
v 131.399067 -110.285819 2.600000
v 131.549038 -110.500000 2.600000
v 131.659539 -110.736970 2.600000
v 131.727212 -110.989528 2.600000
v 131.000000 -39.250000 2.600000
v 130.977212 -39.510472 2.600000
v 130.909539 -39.763030 2.600000
v 130.799038 -40.000000 2.600000
v 130.649067 -40.214181 2.600000
v 130.464181 -40.399067 2.600000
v 130.250000 -40.549038 2.600000
v 130.013030 -40.659539 2.600000
v 129.760472 -40.727212 2.600000
v 129.500000 -40.750000 2.600000
v 129.239528 -40.727212 2.600000
v 128.986970 -40.659539 2.600000
v 128.750000 -40.549038 2.600000
v 128.535819 -40.399067 2.600000
v 128.350933 -40.214181 2.600000
v 128.200962 -40.000000 2.600000
v 128.090461 -39.763030 2.600000
v 128.022788 -39.510472 2.600000
v 128.000000 -39.250000 2.600000
v 128.022788 -38.989528 2.600000
v 128.090461 -38.736970 2.600000
v 128.200962 -38.500000 2.600000
v 128.350933 -38.285819 2.600000
v 128.535819 -38.100933 2.600000
v 128.750000 -37.950962 2.600000
v 128.986970 -37.840461 2.600000
v 129.239528 -37.772788 2.600000
v 129.500000 -37.750000 2.600000
v 129.760472 -37.772788 2.600000
v 130.013030 -37.840461 2.600000
v 130.250000 -37.950962 2.600000
v 130.464181 -38.100933 2.600000
v 130.649067 -38.285819 2.600000
v 130.799038 -38.500000 2.600000
v 130.909539 -38.736970 2.600000
v 130.977212 -38.989528 2.600000
vt -0.147721 -0.026047 0.000000
vt -0.150000 0.000000 0.000000
vt -0.225000 0.000000 0.000000
vt -0.147721 0.026047 0.000000
vt -0.221582 0.039071 0.000000
vt -0.140954 0.051303 0.000000
vt -0.211431 0.076955 0.000000
vt -0.129904 0.075000 0.000000
vt -0.194856 0.112500 0.000000
vt -0.114907 0.096418 0.000000
vt -0.172360 0.144627 0.000000
vt -0.096418 0.114907 0.000000
vt -0.144627 0.172360 0.000000
vt -0.075000 0.129904 0.000000
vt -0.112500 0.194856 0.000000
vt -0.051303 0.140954 0.000000
vt -0.076955 0.211431 0.000000
vt -0.026047 0.147721 0.000000
vt -0.039071 0.221582 0.000000
vt 0.000000 0.150000 0.000000
vt 0.000000 0.225000 0.000000
vt 0.039071 0.221582 0.000000
vt 0.026047 0.147721 0.000000
vt 0.076955 0.211431 0.000000
vt 0.051303 0.140954 0.000000
vt 0.112500 0.194856 0.000000
vt 0.075000 0.129904 0.000000
vt 0.144627 0.172360 0.000000
vt 0.096418 0.114907 0.000000
vt 0.172360 0.144627 0.000000
vt 0.114907 0.096418 0.000000
vt 0.194856 0.112500 0.000000
vt 0.129904 0.075000 0.000000
vt 0.211431 0.076955 0.000000
vt 0.140954 0.051303 0.000000
vt 0.221582 0.039071 0.000000
vt 0.147721 0.026047 0.000000
vt 0.225000 -0.000000 0.000000
vt 0.150000 -0.000000 0.000000
vt 0.221582 -0.039071 0.000000
vt 0.147721 -0.026047 0.000000
vt 0.140954 -0.051303 0.000000
vt 0.211431 -0.076955 0.000000
vt 0.129904 -0.075000 0.000000
vt 0.194856 -0.112500 0.000000
vt 0.114907 -0.096418 0.000000
vt 0.172360 -0.144627 0.000000
vt 0.096418 -0.114907 0.000000
vt 0.144627 -0.172360 0.000000
vt 0.075000 -0.129904 0.000000
vt 0.112500 -0.194856 0.000000
vt 0.051303 -0.140954 0.000000
vt 0.076955 -0.211431 0.000000
vt 0.026047 -0.147721 0.000000
vt 0.039071 -0.221582 0.000000
vt -0.000000 -0.150000 0.000000
vt -0.000000 -0.225000 0.000000
vt -0.039071 -0.221582 0.000000
vt -0.026047 -0.147721 0.000000
vt -0.076955 -0.211431 0.000000
vt -0.051303 -0.140954 0.000000
vt -0.112500 -0.194856 0.000000
vt -0.075000 -0.129904 0.000000
vt -0.144627 -0.172360 0.000000
vt -0.096418 -0.114907 0.000000
vt -0.172360 -0.144627 0.000000
vt -0.114907 -0.096418 0.000000
vt -0.194856 -0.112500 0.000000
vt -0.129904 -0.075000 0.000000
vt -0.211431 -0.076955 0.000000
vt -0.140954 -0.051303 0.000000
vt -0.221582 -0.039071 0.000000
vt 0.147721 -0.026047 0.000000
vt 0.221582 -0.039071 0.000000
vt 0.150000 0.000000 0.000000
vt 0.225000 0.000000 0.000000
vt 0.147721 0.026047 0.000000
vt 0.221582 0.039071 0.000000
vt 0.140954 0.051303 0.000000
vt 0.211431 0.076955 0.000000
vt 0.129904 0.075000 0.000000
vt 0.194856 0.112500 0.000000
vt 0.114907 0.096418 0.000000
vt 0.172360 0.144627 0.000000
vt 0.096418 0.114907 0.000000
vt 0.144627 0.172360 0.000000
vt 0.075000 0.129904 0.000000
vt 0.112500 0.194856 0.000000
vt 0.051303 0.140954 0.000000
vt 0.076955 0.211431 0.000000
vt 0.026047 0.147721 0.000000
vt 0.039071 0.221582 0.000000
vt -0.000000 0.150000 0.000000
vt -0.000000 0.225000 0.000000
vt -0.039071 0.221582 0.000000
vt 0.140954 -0.051303 0.000000
vt 0.211431 -0.076955 0.000000
vt 0.129904 -0.075000 0.000000
vt 0.194856 -0.112500 0.000000
vt 0.114907 -0.096418 0.000000
vt 0.172360 -0.144627 0.000000
vt 0.096418 -0.114907 0.000000
vt 0.144627 -0.172360 0.000000
vt 0.075000 -0.129904 0.000000
vt 0.112500 -0.194856 0.000000
vt 0.051303 -0.140954 0.000000
vt 0.076955 -0.211431 0.000000
vt 0.026047 -0.147721 0.000000
vt 0.039071 -0.221582 0.000000
vt -0.000000 -0.150000 0.000000
vt -0.000000 -0.225000 0.000000
vt -0.039071 -0.221582 0.000000
vt -0.026047 -0.147721 0.000000
vt -0.076955 -0.211431 0.000000
vt -0.051303 -0.140954 0.000000
vt -0.112500 -0.194856 0.000000
vt -0.075000 -0.129904 0.000000
vt -0.144627 -0.172360 0.000000
vt -0.096418 -0.114907 0.000000
vt -0.172360 -0.144627 0.000000
vt -0.114907 -0.096418 0.000000
vt -0.194856 -0.112500 0.000000
vt -0.129904 -0.075000 0.000000
vt -0.211431 -0.076955 0.000000
vt -0.140954 -0.051303 0.000000
vt -0.221582 -0.039071 0.000000
vt -0.147721 -0.026047 0.000000
vt -0.225000 0.000000 0.000000
vt -0.150000 0.000000 0.000000
vt -0.147721 0.026047 0.000000
vt -0.221582 0.039071 0.000000
vt -0.140954 0.051303 0.000000
vt -0.211431 0.076955 0.000000
vt -0.129904 0.075000 0.000000
vt -0.194856 0.112500 0.000000
vt -0.114907 0.096418 0.000000
vt -0.172360 0.144627 0.000000
vt -0.096418 0.114907 0.000000
vt -0.144627 0.172360 0.000000
vt -0.075000 0.129904 0.000000
vt -0.112500 0.194856 0.000000
vt -0.051303 0.140954 0.000000
vt -0.076955 0.211431 0.000000
vt -0.026047 0.147721 0.000000
vt -0.147721 -0.026047 0.000000
vt -0.150000 0.000000 0.000000
vt -0.225000 0.000000 0.000000
vt -0.147721 0.026047 0.000000
vt -0.221582 0.039071 0.000000
vt -0.140954 0.051303 0.000000
vt -0.211431 0.076955 0.000000
vt -0.129904 0.075000 0.000000
vt -0.194856 0.112500 0.000000
vt -0.114907 0.096418 0.000000
vt -0.172360 0.144627 0.000000
vt -0.096418 0.114907 0.000000
vt -0.144627 0.172360 0.000000
vt -0.075000 0.129904 0.000000
vt -0.112500 0.194856 0.000000
vt -0.051303 0.140954 0.000000
vt -0.076955 0.211431 0.000000
vt -0.026047 0.147721 0.000000
vt -0.039071 0.221582 0.000000
vt 0.000000 0.150000 0.000000
vt 0.000000 0.225000 0.000000
vt 0.039071 0.221582 0.000000
vt 0.026047 0.147721 0.000000
vt 0.076955 0.211431 0.000000
vt 0.051303 0.140954 0.000000
vt 0.112500 0.194856 0.000000
vt 0.075000 0.129904 0.000000
vt 0.144627 0.172360 0.000000
vt 0.096418 0.114907 0.000000
vt 0.172360 0.144627 0.000000
vt 0.114907 0.096418 0.000000
vt 0.194856 0.112500 0.000000
vt 0.129904 0.075000 0.000000
vt 0.211431 0.076955 0.000000
vt 0.140954 0.051303 0.000000
vt 0.221582 0.039071 0.000000
vt 0.147721 0.026047 0.000000
vt 0.225000 0.000000 0.000000
vt 0.150000 0.000000 0.000000
vt 0.221582 -0.039071 0.000000
vt 0.147721 -0.026047 0.000000
vt 0.140954 -0.051303 0.000000
vt 0.211431 -0.076955 0.000000
vt 0.129904 -0.075000 0.000000
vt 0.194856 -0.112500 0.000000
vt 0.114907 -0.096418 0.000000
vt 0.172360 -0.144627 0.000000
vt 0.096418 -0.114907 0.000000
vt 0.144627 -0.172360 0.000000
vt 0.075000 -0.129904 0.000000
vt 0.112500 -0.194856 0.000000
vt 0.051303 -0.140954 0.000000
vt 0.076955 -0.211431 0.000000
vt 0.026047 -0.147721 0.000000
vt 0.039071 -0.221582 0.000000
vt -0.000000 -0.150000 0.000000
vt -0.000000 -0.225000 0.000000
vt -0.039071 -0.221582 0.000000
vt -0.026047 -0.147721 0.000000
vt -0.076955 -0.211431 0.000000
vt -0.051303 -0.140954 0.000000
vt -0.112500 -0.194856 0.000000
vt -0.075000 -0.129904 0.000000
vt -0.144627 -0.172360 0.000000
vt -0.096418 -0.114907 0.000000
vt -0.172360 -0.144627 0.000000
vt -0.114907 -0.096418 0.000000
vt -0.194856 -0.112500 0.000000
vt -0.129904 -0.075000 0.000000
vt -0.211431 -0.076955 0.000000
vt -0.140954 -0.051303 0.000000
vt -0.221582 -0.039071 0.000000
vt 0.147721 -0.026047 0.000000
vt 0.221582 -0.039071 0.000000
vt 0.150000 0.000000 0.000000
vt 0.225000 0.000000 0.000000
vt 0.147721 0.026047 0.000000
vt 0.221582 0.039071 0.000000
vt 0.140954 0.051303 0.000000
vt 0.211431 0.076955 0.000000
vt 0.129904 0.075000 0.000000
vt 0.194856 0.112500 0.000000
vt 0.114907 0.096418 0.000000
vt 0.172360 0.144627 0.000000
vt 0.096418 0.114907 0.000000
vt 0.144627 0.172360 0.000000
vt 0.075000 0.129904 0.000000
vt 0.112500 0.194856 0.000000
vt 0.051303 0.140954 0.000000
vt 0.076955 0.211431 0.000000
vt 0.026047 0.147721 0.000000
vt 0.039071 0.221582 0.000000
vt -0.000000 0.150000 0.000000
vt -0.000000 0.225000 0.000000
vt -0.039071 0.221582 0.000000
vt 0.140954 -0.051303 0.000000
vt 0.211431 -0.076955 0.000000
vt 0.129904 -0.075000 0.000000
vt 0.194856 -0.112500 0.000000
vt 0.114907 -0.096418 0.000000
vt 0.172360 -0.144627 0.000000
vt 0.096418 -0.114907 0.000000
vt 0.144627 -0.172360 0.000000
vt 0.075000 -0.129904 0.000000
vt 0.112500 -0.194856 0.000000
vt 0.051303 -0.140954 0.000000
vt 0.076955 -0.211431 0.000000
vt 0.026047 -0.147721 0.000000
vt 0.039071 -0.221582 0.000000
vt -0.000000 -0.150000 0.000000
vt -0.000000 -0.225000 0.000000
vt -0.039071 -0.221582 0.000000
vt -0.026047 -0.147721 0.000000
vt -0.076955 -0.211431 0.000000
vt -0.051303 -0.140954 0.000000
vt -0.112500 -0.194856 0.000000
vt -0.075000 -0.129904 0.000000
vt -0.144627 -0.172360 0.000000
vt -0.096418 -0.114907 0.000000
vt -0.172360 -0.144627 0.000000
vt -0.114907 -0.096418 0.000000
vt -0.194856 -0.112500 0.000000
vt -0.129904 -0.075000 0.000000
vt -0.211431 -0.076955 0.000000
vt -0.140954 -0.051303 0.000000
vt -0.221582 -0.039071 0.000000
vt -0.147721 -0.026047 0.000000
vt -0.225000 0.000000 0.000000
vt -0.150000 0.000000 0.000000
vt -0.147721 0.026047 0.000000
vt -0.221582 0.039071 0.000000
vt -0.140954 0.051303 0.000000
vt -0.211431 0.076955 0.000000
vt -0.129904 0.075000 0.000000
vt -0.194856 0.112500 0.000000
vt -0.114907 0.096418 0.000000
vt -0.172360 0.144627 0.000000
vt -0.096418 0.114907 0.000000
vt -0.144627 0.172360 0.000000
vt -0.075000 0.129904 0.000000
vt -0.112500 0.194856 0.000000
vt -0.051303 0.140954 0.000000
vt -0.076955 0.211431 0.000000
vt -0.026047 0.147721 0.000000
vt 0.041318 0.419240 0.000000
vt 0.041318 0.000760 0.000000
vt 0.050000 0.420000 0.000000
vt 0.050000 0.000000 0.000000
vt 0.060000 0.000000 0.000000
vt 0.032899 0.003015 0.000000
vt 0.032899 0.416985 0.000000
vt 0.025000 0.006699 0.000000
vt 0.025000 0.413301 0.000000
vt 0.017861 0.011698 0.000000
vt 0.017861 0.408302 0.000000
vt 0.011698 0.017861 0.000000
vt 0.011698 0.402139 0.000000
vt 0.006699 0.025000 0.000000
vt 0.000000 0.050000 0.000000
vt 0.003015 0.032899 0.000000
vt 0.000760 0.041318 0.000000
vt 0.006699 0.395000 0.000000
vt 0.000000 0.370000 0.000000
vt 0.003015 0.387101 0.000000
vt 0.000760 0.378682 0.000000
vt 0.060000 0.420000 0.000000
vt -0.000760 0.378682 0.000000
vt -0.003015 0.387101 0.000000
vt -0.000000 0.370000 0.000000
vt -0.006699 0.395000 0.000000
vt -0.000000 0.050000 0.000000
vt -0.011698 0.402139 0.000000
vt -0.006699 0.025000 0.000000
vt -0.011698 0.017861 0.000000
vt -0.017861 0.408302 0.000000
vt -0.017861 0.011698 0.000000
vt -0.025000 0.413301 0.000000
vt -0.025000 0.006699 0.000000
vt -0.032899 0.416985 0.000000
vt -0.032899 0.003015 0.000000
vt -0.041318 0.419240 0.000000
vt -0.041318 0.000760 0.000000
vt -0.050000 0.420000 0.000000
vt -0.050000 0.000000 0.000000
vt -0.060000 0.000000 0.000000
vt -0.060000 0.420000 0.000000
vt -0.003015 0.032899 0.000000
vt -0.000760 0.041318 0.000000
vt 0.000000 -0.050000 0.000000
vt -0.000000 0.380000 0.000000
vt -0.050000 0.000000 0.000000
vt -0.420000 0.380000 0.000000
vt -0.420000 0.000000 0.000000
vt 0.085000 -0.030543 0.000000
vt 0.085000 -0.039270 0.000000
vt 0.205000 -0.030543 0.000000
vt 0.305000 -0.039270 0.000000
vt 0.315215 -0.028982 0.000000
vt 0.205000 -0.021817 0.000000
vt 0.325000 -0.018694 0.000000
vt 0.205000 -0.013090 0.000000
vt 0.318592 -0.011449 0.000000
vt 0.205000 -0.004363 0.000000
vt 0.312738 -0.004203 0.000000
vt 0.307560 0.003042 0.000000
vt 0.205000 0.004363 0.000000
vt 0.303167 0.010288 0.000000
vt 0.205000 0.013090 0.000000
vt 0.299651 0.017533 0.000000
vt 0.205000 0.021817 0.000000
vt 0.298245 0.021156 0.000000
vt 0.297085 0.024779 0.000000
vt 0.205000 0.030543 0.000000
vt 0.296177 0.028402 0.000000
vt 0.295524 0.032024 0.000000
vt 0.295131 0.035647 0.000000
vt 0.085000 0.039270 0.000000
vt 0.085000 0.030543 0.000000
vt 0.295000 0.039270 0.000000
vt 0.085000 0.021817 0.000000
vt 0.085000 0.013090 0.000000
vt 0.085000 0.004363 0.000000
vt 0.085000 -0.004363 0.000000
vt 0.085000 -0.013090 0.000000
vt 0.085000 -0.021817 0.000000
vt -0.010000 0.380000 0.000000
vt 0.000000 0.380000 0.000000
vt -0.010000 0.600000 0.000000
vt 0.250000 0.600000 0.000000
vt 0.250000 0.000000 0.000000
vt 0.000000 0.000000 0.000000
vt 0.210000 0.370000 0.000000
vt 0.000000 0.370000 0.000000
vt 0.210000 0.050000 0.000000
vt 0.000000 0.050000 0.000000
vt 0.295000 -0.039270 0.000000
vt 0.295131 -0.035647 0.000000
vt 0.085000 -0.039270 0.000000
vt 0.085000 -0.030543 0.000000
vt 0.205000 -0.030543 0.000000
vt 0.085000 -0.021817 0.000000
vt 0.205000 -0.021817 0.000000
vt 0.085000 -0.013090 0.000000
vt 0.205000 -0.013090 0.000000
vt 0.085000 -0.004363 0.000000
vt 0.205000 -0.004363 0.000000
vt 0.085000 0.004363 0.000000
vt 0.205000 0.004363 0.000000
vt 0.085000 0.013090 0.000000
vt 0.205000 0.013090 0.000000
vt 0.085000 0.021817 0.000000
vt 0.205000 0.021817 0.000000
vt 0.085000 0.030543 0.000000
vt 0.205000 0.030543 0.000000
vt 0.085000 0.039270 0.000000
vt 0.305000 0.039270 0.000000
vt 0.315215 0.028982 0.000000
vt 0.325000 0.018694 0.000000
vt 0.318592 0.011449 0.000000
vt 0.312738 0.004203 0.000000
vt 0.307560 -0.003042 0.000000
vt 0.303167 -0.010288 0.000000
vt 0.299651 -0.017533 0.000000
vt 0.298245 -0.021156 0.000000
vt 0.297085 -0.024779 0.000000
vt 0.296177 -0.028402 0.000000
vt 0.295524 -0.032024 0.000000
vt 0.010000 0.380000 0.000000
vt 0.010000 0.600000 0.000000
vt -0.000000 0.380000 0.000000
vt -0.250000 0.600000 0.000000
vt -0.250000 0.000000 0.000000
vt -0.000000 0.000000 0.000000
vt 0.150000 0.039270 0.000000
vt -0.110000 0.039270 0.000000
vt 0.010000 0.030543 0.000000
vt -0.120215 0.028982 0.000000
vt 0.010000 0.021817 0.000000
vt -0.130000 0.018694 0.000000
vt 0.010000 0.013090 0.000000
vt -0.123592 0.011449 0.000000
vt 0.010000 0.004363 0.000000
vt -0.117738 0.004203 0.000000
vt -0.112560 -0.003042 0.000000
vt 0.010000 -0.004363 0.000000
vt -0.108167 -0.010288 0.000000
vt 0.010000 -0.013090 0.000000
vt -0.104651 -0.017533 0.000000
vt 0.010000 -0.021817 0.000000
vt -0.103245 -0.021156 0.000000
vt -0.102085 -0.024779 0.000000
vt 0.010000 -0.030543 0.000000
vt -0.101177 -0.028402 0.000000
vt -0.100524 -0.032024 0.000000
vt -0.100131 -0.035647 0.000000
vt 0.150000 -0.039270 0.000000
vt 0.150000 -0.030543 0.000000
vt -0.100000 -0.039270 0.000000
vt 0.150000 -0.021817 0.000000
vt 0.150000 -0.013090 0.000000
vt 0.150000 -0.004363 0.000000
vt 0.150000 0.004363 0.000000
vt 0.150000 0.013090 0.000000
vt 0.150000 0.021817 0.000000
vt 0.150000 0.030543 0.000000
vt 0.277886 0.030543 0.000000
vt 0.274289 0.039270 0.000000
vt 0.190000 0.030543 0.000000
vt 0.085000 0.039270 0.000000
vt 0.085000 0.030543 0.000000
vt 0.190000 0.021817 0.000000
vt 0.085000 0.021817 0.000000
vt 0.190000 0.013090 0.000000
vt 0.085000 0.013090 0.000000
vt 0.190000 0.004363 0.000000
vt 0.085000 0.004363 0.000000
vt 0.190000 -0.004363 0.000000
vt 0.085000 -0.004363 0.000000
vt 0.190000 -0.013090 0.000000
vt 0.085000 -0.013090 0.000000
vt 0.190000 -0.021817 0.000000
vt 0.085000 -0.021817 0.000000
vt 0.190000 -0.030543 0.000000
vt 0.085000 -0.030543 0.000000
vt 0.085000 -0.039270 0.000000
vt 0.295000 -0.039270 0.000000
vt 0.294685 -0.030543 0.000000
vt 0.293751 -0.021817 0.000000
vt 0.292225 -0.013090 0.000000
vt 0.290155 -0.004363 0.000000
vt 0.287602 0.004363 0.000000
vt 0.284645 0.013090 0.000000
vt 0.281373 0.021817 0.000000
vt 1.438962 -0.039270 0.000000
vt 1.523815 -0.039270 0.000000
vt 1.439277 -0.030543 0.000000
vt 1.523500 -0.030543 0.000000
vt 1.440211 -0.021817 0.000000
vt 1.522566 -0.021817 0.000000
vt 1.441737 -0.013090 0.000000
vt 1.521040 -0.013090 0.000000
vt 1.443808 -0.004363 0.000000
vt 1.518970 -0.004363 0.000000
vt 1.446360 0.004363 0.000000
vt 1.516417 0.004363 0.000000
vt 1.449318 0.013090 0.000000
vt 1.513460 0.013090 0.000000
vt 1.452590 0.021817 0.000000
vt 1.510188 0.021817 0.000000
vt 1.456077 0.030543 0.000000
vt 1.506701 0.030543 0.000000
vt 1.459673 0.039270 0.000000
vt 1.503104 0.039270 0.000000
vt 1.730000 -0.039270 0.000000
vt 1.909289 -0.039270 0.000000
vt 1.730315 -0.030543 0.000000
vt 1.912886 -0.030543 0.000000
vt 1.731249 -0.021817 0.000000
vt 1.916373 -0.021817 0.000000
vt 1.732775 -0.013090 0.000000
vt 1.919645 -0.013090 0.000000
vt 1.734845 -0.004363 0.000000
vt 1.922602 -0.004363 0.000000
vt 1.737398 0.004363 0.000000
vt 1.925155 0.004363 0.000000
vt 1.740355 0.013090 0.000000
vt 1.927225 0.013090 0.000000
vt 1.743627 0.021817 0.000000
vt 1.928751 0.021817 0.000000
vt 1.747114 0.030543 0.000000
vt 1.929685 0.030543 0.000000
vt 1.750711 0.039270 0.000000
vt 1.930000 0.039270 0.000000
vt -0.024631 -0.034925 0.000000
vt -0.021027 -0.043656 0.000000
vt -0.021928 -0.035718 0.000000
vt -0.013165 -0.039689 0.000000
vt -0.013216 -0.035718 0.000000
vt -0.005228 -0.036048 0.000000
vt -0.004504 -0.027825 0.000000
vt 0.002736 -0.032528 0.000000
vt 0.004207 -0.027842 0.000000
vt 0.010686 -0.028945 0.000000
vt 0.004207 -0.019844 0.000000
vt 0.012919 -0.019844 0.000000
vt 0.004207 -0.011906 0.000000
vt 0.012919 -0.011906 0.000000
vt 0.004207 -0.003969 0.000000
vt 0.012919 -0.003969 0.000000
vt 0.004207 0.003969 0.000000
vt 0.012919 0.003969 0.000000
vt 0.004207 0.011906 0.000000
vt 0.012919 0.011906 0.000000
vt 0.004207 0.019844 0.000000
vt 0.012919 0.019844 0.000000
vt 0.004207 0.027842 0.000000
vt 0.010686 0.028945 0.000000
vt 0.002736 0.032528 0.000000
vt 0.018577 -0.025106 0.000000
vt 0.021631 -0.019844 0.000000
vt 0.021631 -0.011906 0.000000
vt 0.021631 -0.003969 0.000000
vt 0.021631 0.003969 0.000000
vt 0.021631 0.011906 0.000000
vt 0.021631 0.019844 0.000000
vt 0.018577 0.025106 0.000000
vt 0.026352 0.020763 0.000000
vt 0.030342 0.011906 0.000000
vt 0.030342 0.003969 0.000000
vt 0.033925 0.015563 0.000000
vt 0.039054 0.003969 0.000000
vt 0.041151 0.008945 0.000000
vt 0.047766 -0.000000 0.000000
vt 0.039054 -0.003969 0.000000
vt 0.041151 -0.008945 0.000000
vt 0.030342 -0.011906 0.000000
vt 0.033925 -0.015563 0.000000
vt 0.026352 -0.020763 0.000000
vt -0.004504 0.027825 0.000000
vt -0.005228 0.036048 0.000000
vt -0.013216 0.035718 0.000000
vt -0.013165 0.039689 0.000000
vt -0.021928 0.035718 0.000000
vt -0.021027 0.043656 0.000000
vt -0.024631 0.034925 0.000000
vt -0.021928 0.027791 0.000000
vt -0.027533 0.025566 0.000000
vt -0.021928 0.019844 0.000000
vt -0.029579 0.015623 0.000000
vt -0.021928 0.011906 0.000000
vt -0.030640 0.005259 0.000000
vt -0.021928 0.003969 0.000000
vt -0.030640 -0.005259 0.000000
vt -0.021928 -0.003969 0.000000
vt -0.021928 -0.011906 0.000000
vt -0.013216 -0.011906 0.000000
vt -0.013216 -0.019844 0.000000
vt -0.004504 -0.019844 0.000000
vt -0.013216 -0.027808 0.000000
vt -0.029579 -0.015623 0.000000
vt -0.021928 -0.019844 0.000000
vt -0.021928 -0.027791 0.000000
vt -0.027533 -0.025566 0.000000
vt -0.004504 -0.011906 0.000000
vt -0.004504 -0.003969 0.000000
vt -0.004504 0.003969 0.000000
vt -0.004504 0.011906 0.000000
vt -0.004504 0.019844 0.000000
vt -0.013216 -0.003969 0.000000
vt 0.030342 -0.003969 0.000000
vt -0.013216 0.003969 0.000000
vt -0.013216 0.011906 0.000000
vt -0.013216 0.019844 0.000000
vt -0.013216 0.027808 0.000000
vt 0.120215 0.028982 0.000000
vt -0.010000 0.021817 0.000000
vt 0.130000 0.018694 0.000000
vt -0.010000 0.013090 0.000000
vt 0.123592 0.011449 0.000000
vt -0.010000 0.004363 0.000000
vt 0.117738 0.004203 0.000000
vt 0.112560 -0.003042 0.000000
vt -0.010000 -0.004363 0.000000
vt 0.108167 -0.010288 0.000000
vt -0.010000 -0.013090 0.000000
vt 0.104651 -0.017533 0.000000
vt -0.010000 -0.021817 0.000000
vt 0.103245 -0.021156 0.000000
vt 0.102085 -0.024779 0.000000
vt -0.010000 -0.030543 0.000000
vt 0.101177 -0.028402 0.000000
vt 0.100524 -0.032024 0.000000
vt 0.100131 -0.035647 0.000000
vt -0.150000 -0.030543 0.000000
vt -0.150000 -0.039270 0.000000
vt -0.010000 0.030543 0.000000
vt 0.110000 0.039270 0.000000
vt -0.150000 0.039270 0.000000
vt -0.150000 0.030543 0.000000
vt -0.150000 0.021817 0.000000
vt -0.150000 0.013090 0.000000
vt -0.150000 0.004363 0.000000
vt -0.150000 -0.004363 0.000000
vt -0.150000 -0.013090 0.000000
vt -0.150000 -0.021817 0.000000
vt 0.100000 -0.039270 0.000000
vt -0.007778 -0.030312 0.000000
vt 0.139017 -0.021817 0.000000
vt -0.000000 -0.021354 0.000000
vt 0.139017 -0.013090 0.000000
vt -0.000000 -0.012693 0.000000
vt 0.139017 -0.004363 0.000000
vt -0.000000 -0.004033 0.000000
vt 0.139017 0.004363 0.000000
vt -0.000000 0.004628 0.000000
vt 0.139017 0.013090 0.000000
vt -0.000000 0.013288 0.000000
vt 0.139017 0.021817 0.000000
vt -0.000000 0.021949 0.000000
vt 0.139017 0.030594 0.000000
vt -0.000000 0.030609 0.000000
vt -0.000000 0.039270 0.000000
vt 0.292678 0.030577 0.000000
vt 0.600000 0.039270 0.000000
vt 0.446339 0.030560 0.000000
vt 0.600000 0.030543 0.000000
vt 0.446339 0.021817 0.000000
vt 0.600000 0.021817 0.000000
vt 0.600000 0.013090 0.000000
vt 0.446339 0.013090 0.000000
vt 0.600000 0.004363 0.000000
vt 0.446339 0.004363 0.000000
vt 0.600000 -0.004363 0.000000
vt 0.446339 -0.004363 0.000000
vt 0.600000 -0.013090 0.000000
vt 0.446339 -0.013090 0.000000
vt 0.600000 -0.021817 0.000000
vt 0.446339 -0.021817 0.000000
vt 0.600000 -0.030543 0.000000
vt 0.446339 -0.030543 0.000000
vt 0.600000 -0.039270 0.000000
vt 0.292678 -0.030543 0.000000
vt -0.014645 -0.039270 0.000000
vt 0.139017 -0.030543 0.000000
vt 0.292678 -0.021817 0.000000
vt 0.292678 -0.013090 0.000000
vt 0.292678 -0.004363 0.000000
vt 0.292678 0.004363 0.000000
vt 0.292678 0.013090 0.000000
vt 0.292678 0.021817 0.000000
vt -0.117114 0.030543 0.000000
vt -0.120711 0.039270 0.000000
vt -0.235000 0.030543 0.000000
vt -0.370000 0.039270 0.000000
vt -0.370000 0.030543 0.000000
vt -0.235000 0.021817 0.000000
vt -0.370000 0.021817 0.000000
vt -0.235000 0.013090 0.000000
vt -0.370000 0.013090 0.000000
vt -0.235000 0.004363 0.000000
vt -0.370000 0.004363 0.000000
vt -0.235000 -0.004363 0.000000
vt -0.370000 -0.004363 0.000000
vt -0.235000 -0.013090 0.000000
vt -0.370000 -0.013090 0.000000
vt -0.235000 -0.021817 0.000000
vt -0.370000 -0.021817 0.000000
vt -0.235000 -0.030543 0.000000
vt -0.370000 -0.030543 0.000000
vt -0.370000 -0.039270 0.000000
vt -0.100000 -0.039270 0.000000
vt -0.100315 -0.030543 0.000000
vt -0.101249 -0.021817 0.000000
vt -0.102775 -0.013090 0.000000
vt -0.104845 -0.004363 0.000000
vt -0.107398 0.004363 0.000000
vt -0.110355 0.013090 0.000000
vt -0.113627 0.021817 0.000000
vt 0.014645 0.039270 0.000000
vt -0.085355 0.039270 0.000000
vt 0.018241 0.030543 0.000000
vt -0.088952 0.030543 0.000000
vt 0.021728 0.021817 0.000000
vt -0.092439 0.021817 0.000000
vt 0.025000 0.013090 0.000000
vt -0.095711 0.013090 0.000000
vt 0.027957 0.004363 0.000000
vt -0.098668 0.004363 0.000000
vt 0.030510 -0.004363 0.000000
vt -0.101221 -0.004363 0.000000
vt 0.032581 -0.013090 0.000000
vt -0.103291 -0.013090 0.000000
vt 0.034106 -0.021817 0.000000
vt -0.104817 -0.021817 0.000000
vt 0.035041 -0.030543 0.000000
vt -0.105751 -0.030543 0.000000
vt 0.035355 -0.039270 0.000000
vt -0.106066 -0.039270 0.000000
vt 3.650000 -0.380000 0.000000
vt 3.650000 -0.569289 0.000000
vt 3.660000 -0.380000 0.000000
vt 3.860000 -0.600000 0.000000
vt 3.660000 0.050000 0.000000
vt 3.860000 0.500000 0.000000
vt 2.640000 0.500000 0.000000
vt 3.680711 -0.600000 0.000000
vt 2.506667 0.050000 0.000000
vt 1.420000 0.500000 0.000000
vt 1.353333 0.050000 0.000000
vt 0.200000 0.500000 0.000000
vt 0.200000 0.050000 0.000000
vt 0.600000 0.070711 0.000000
vt -0.500000 0.070711 0.000000
vt 0.600000 -0.070711 0.000000
vt -0.500000 -0.070711 0.000000
vt -0.500000 0.100000 0.000000
vt 0.600000 0.100000 0.000000
vt -0.050000 0.320000 0.000000
vt 0.600000 0.370000 0.000000
vt -0.014645 0.370000 0.000000
vt -0.500000 0.320000 0.000000
vt 0.294685 0.030543 0.000000
vt 0.295000 0.039270 0.000000
vt 0.190000 0.030543 0.000000
vt 0.085000 0.039270 0.000000
vt 0.085000 0.030543 0.000000
vt 0.190000 0.021817 0.000000
vt 0.085000 0.021817 0.000000
vt 0.190000 0.013090 0.000000
vt 0.085000 0.013090 0.000000
vt 0.190000 0.004363 0.000000
vt 0.085000 0.004363 0.000000
vt 0.190000 -0.004363 0.000000
vt 0.085000 -0.004363 0.000000
vt 0.190000 -0.013090 0.000000
vt 0.085000 -0.013090 0.000000
vt 0.190000 -0.021817 0.000000
vt 0.085000 -0.021817 0.000000
vt 0.190000 -0.030543 0.000000
vt 0.085000 -0.030543 0.000000
vt 0.085000 -0.039270 0.000000
vt 0.274289 -0.039270 0.000000
vt 0.277886 -0.030543 0.000000
vt 0.281373 -0.021817 0.000000
vt 0.284645 -0.013090 0.000000
vt 0.287602 -0.004363 0.000000
vt 0.290155 0.004363 0.000000
vt 0.292225 0.013090 0.000000
vt 0.293751 0.021817 0.000000
vt 1.459673 -0.039270 0.000000
vt 1.503104 -0.039270 0.000000
vt 1.456077 -0.030543 0.000000
vt 1.506701 -0.030543 0.000000
vt 1.452590 -0.021817 0.000000
vt 1.510188 -0.021817 0.000000
vt 1.449318 -0.013090 0.000000
vt 1.513460 -0.013090 0.000000
vt 1.446360 -0.004363 0.000000
vt 1.516417 -0.004363 0.000000
vt 1.443808 0.004363 0.000000
vt 1.518970 0.004363 0.000000
vt 1.441737 0.013090 0.000000
vt 1.521040 0.013090 0.000000
vt 1.440211 0.021817 0.000000
vt 1.522566 0.021817 0.000000
vt 1.439277 0.030543 0.000000
vt 1.523500 0.030543 0.000000
vt 1.438962 0.039270 0.000000
vt 1.523815 0.039270 0.000000
vt 1.930000 -0.039270 0.000000
vt 1.929685 -0.030543 0.000000
vt 1.750711 -0.039270 0.000000
vt 1.747114 -0.030543 0.000000
vt 1.928751 -0.021817 0.000000
vt 1.743627 -0.021817 0.000000
vt 1.927225 -0.013090 0.000000
vt 1.740355 -0.013090 0.000000
vt 1.925155 -0.004363 0.000000
vt 1.737398 -0.004363 0.000000
vt 1.922602 0.004363 0.000000
vt 1.734845 0.004363 0.000000
vt 1.919645 0.013090 0.000000
vt 1.732775 0.013090 0.000000
vt 1.916373 0.021817 0.000000
vt 1.731249 0.021817 0.000000
vt 1.912886 0.030543 0.000000
vt 1.730315 0.030543 0.000000
vt 1.909289 0.039270 0.000000
vt 1.730000 0.039270 0.000000
vt -0.013165 0.039689 0.000000
vt -0.021027 0.043656 0.000000
vt -0.021928 0.035718 0.000000
vt -0.024631 0.034925 0.000000
vt -0.021928 0.027791 0.000000
vt -0.027533 0.025566 0.000000
vt -0.021928 0.019844 0.000000
vt -0.029579 0.015623 0.000000
vt -0.021928 0.011906 0.000000
vt -0.030640 0.005259 0.000000
vt -0.021928 0.003969 0.000000
vt -0.030640 -0.005259 0.000000
vt -0.021928 -0.003969 0.000000
vt -0.021928 -0.011906 0.000000
vt -0.013216 -0.011906 0.000000
vt -0.013216 -0.019844 0.000000
vt -0.004504 -0.019844 0.000000
vt -0.013216 -0.027808 0.000000
vt -0.004504 -0.027825 0.000000
vt -0.013216 -0.035718 0.000000
vt -0.005228 -0.036048 0.000000
vt -0.013165 -0.039689 0.000000
vt -0.021928 -0.035718 0.000000
vt -0.021027 -0.043656 0.000000
vt -0.024631 -0.034925 0.000000
vt -0.021928 -0.027791 0.000000
vt -0.027533 -0.025566 0.000000
vt -0.021928 -0.019844 0.000000
vt -0.029579 -0.015623 0.000000
vt 0.002736 -0.032528 0.000000
vt 0.004207 -0.027842 0.000000
vt 0.004207 -0.019844 0.000000
vt 0.010686 -0.028945 0.000000
vt 0.012919 -0.019844 0.000000
vt 0.018577 -0.025106 0.000000
vt 0.021631 -0.019844 0.000000
vt 0.026352 -0.020763 0.000000
vt 0.021631 -0.011906 0.000000
vt 0.030342 -0.011906 0.000000
vt 0.021631 -0.003969 0.000000
vt 0.030342 -0.003969 0.000000
vt 0.021631 0.003969 0.000000
vt 0.030342 0.003969 0.000000
vt 0.021631 0.011906 0.000000
vt 0.030342 0.011906 0.000000
vt 0.026352 0.020763 0.000000
vt 0.033925 0.015563 0.000000
vt 0.039054 0.003969 0.000000
vt 0.039054 -0.003969 0.000000
vt 0.047766 0.000000 0.000000
vt 0.041151 -0.008945 0.000000
vt 0.033925 -0.015563 0.000000
vt 0.041151 0.008945 0.000000
vt 0.021631 0.019844 0.000000
vt 0.018577 0.025106 0.000000
vt 0.012919 0.019844 0.000000
vt 0.010686 0.028945 0.000000
vt 0.004207 0.027842 0.000000
vt 0.002736 0.032528 0.000000
vt -0.004504 0.027825 0.000000
vt -0.005228 0.036048 0.000000
vt -0.013216 0.035718 0.000000
vt -0.013216 0.027808 0.000000
vt -0.013216 0.019844 0.000000
vt -0.013216 0.011906 0.000000
vt -0.013216 0.003969 0.000000
vt -0.013216 -0.003969 0.000000
vt -0.004504 0.019844 0.000000
vt 0.004207 0.019844 0.000000
vt 0.004207 0.011906 0.000000
vt 0.012919 0.011906 0.000000
vt 0.012919 0.003969 0.000000
vt -0.004504 0.011906 0.000000
vt -0.004504 0.003969 0.000000
vt -0.004504 -0.003969 0.000000
vt -0.004504 -0.011906 0.000000
vt 0.004207 0.003969 0.000000
vt 0.012919 -0.003969 0.000000
vt 0.004207 -0.003969 0.000000
vt 0.004207 -0.011906 0.000000
vt 0.012919 -0.011906 0.000000
vt 0.100315 -0.030543 0.000000
vt 0.100000 -0.039270 0.000000
vt 0.235000 -0.030543 0.000000
vt 0.370000 -0.039270 0.000000
vt 0.370000 -0.030543 0.000000
vt 0.235000 -0.021817 0.000000
vt 0.370000 -0.021817 0.000000
vt 0.235000 -0.013090 0.000000
vt 0.370000 -0.013090 0.000000
vt 0.235000 -0.004363 0.000000
vt 0.370000 -0.004363 0.000000
vt 0.235000 0.004363 0.000000
vt 0.370000 0.004363 0.000000
vt 0.235000 0.013090 0.000000
vt 0.370000 0.013090 0.000000
vt 0.235000 0.021817 0.000000
vt 0.370000 0.021817 0.000000
vt 0.235000 0.030543 0.000000
vt 0.370000 0.030543 0.000000
vt 0.370000 0.039270 0.000000
vt 0.120711 0.039270 0.000000
vt 0.117114 0.030543 0.000000
vt 0.113627 0.021817 0.000000
vt 0.110355 0.013090 0.000000
vt 0.107398 0.004363 0.000000
vt 0.104845 -0.004363 0.000000
vt 0.102775 -0.013090 0.000000
vt 0.101249 -0.021817 0.000000
vt -0.000000 -0.012693 0.000000
vt -0.139017 -0.013090 0.000000
vt -0.000000 -0.021354 0.000000
vt -0.139017 -0.021817 0.000000
vt 0.007778 -0.030312 0.000000
vt -0.139017 -0.030543 0.000000
vt 0.014645 -0.039270 0.000000
vt -0.292678 -0.030543 0.000000
vt -0.600000 -0.039270 0.000000
vt -0.446339 -0.030543 0.000000
vt -0.600000 -0.030543 0.000000
vt -0.600000 -0.021817 0.000000
vt -0.446339 -0.021817 0.000000
vt -0.600000 -0.013090 0.000000
vt -0.446339 -0.013090 0.000000
vt -0.600000 -0.004363 0.000000
vt -0.446339 -0.004363 0.000000
vt -0.600000 0.004363 0.000000
vt -0.446339 0.004363 0.000000
vt -0.600000 0.013090 0.000000
vt -0.446339 0.013090 0.000000
vt -0.600000 0.021817 0.000000
vt -0.446339 0.021817 0.000000
vt -0.600000 0.030543 0.000000
vt -0.446339 0.030560 0.000000
vt -0.600000 0.039270 0.000000
vt -0.292678 0.030577 0.000000
vt -0.139017 0.030594 0.000000
vt -0.139017 0.021817 0.000000
vt -0.000000 0.021949 0.000000
vt -0.000000 0.013288 0.000000
vt -0.139017 0.013090 0.000000
vt -0.000000 0.004628 0.000000
vt -0.139017 0.004363 0.000000
vt -0.000000 -0.004033 0.000000
vt -0.139017 -0.004363 0.000000
vt -0.000000 0.030609 0.000000
vt -0.000000 0.039270 0.000000
vt -0.292678 -0.013090 0.000000
vt -0.292678 -0.021817 0.000000
vt -0.292678 -0.004363 0.000000
vt -0.292678 0.004363 0.000000
vt -0.292678 0.013090 0.000000
vt -0.292678 0.021817 0.000000
vt -0.035355 -0.039270 0.000000
vt 0.106066 -0.039270 0.000000
vt -0.035041 -0.030543 0.000000
vt 0.105751 -0.030543 0.000000
vt -0.034106 -0.021817 0.000000
vt 0.104817 -0.021817 0.000000
vt -0.032581 -0.013090 0.000000
vt 0.103291 -0.013090 0.000000
vt -0.030510 -0.004363 0.000000
vt 0.101221 -0.004363 0.000000
vt -0.027957 0.004363 0.000000
vt 0.098668 0.004363 0.000000
vt -0.025000 0.013090 0.000000
vt 0.095711 0.013090 0.000000
vt -0.021728 0.021817 0.000000
vt 0.092439 0.021817 0.000000
vt -0.018241 0.030543 0.000000
vt 0.088952 0.030543 0.000000
vt -0.014645 0.039270 0.000000
vt 0.085355 0.039270 0.000000
vt -0.200000 0.050000 0.000000
vt -0.020711 0.050000 0.000000
vt -0.200000 0.370000 0.000000
vt 0.050000 0.120711 0.000000
vt 0.050000 0.370000 0.000000
vt -0.042426 0.415826 0.000000
vt -0.051488 0.412457 0.000000
vt -0.033364 0.412457 0.000000
vt -0.000000 0.370000 0.000000
vt -0.025085 0.408199 0.000000
vt -0.017763 0.403140 0.000000
vt -0.011550 0.397386 0.000000
vt -0.006577 0.391058 0.000000
vt -0.004590 0.387720 0.000000
vt -0.002949 0.384289 0.000000
vt -0.001664 0.380783 0.000000
vt -0.000741 0.377220 0.000000
vt -0.000186 0.373620 0.000000
vt -0.084667 0.373620 0.000000
vt -0.059767 0.408199 0.000000
vt -0.067090 0.403140 0.000000
vt -0.073303 0.397386 0.000000
vt -0.078276 0.391058 0.000000
vt -0.080263 0.387720 0.000000
vt -0.081904 0.384289 0.000000
vt -0.083189 0.380783 0.000000
vt -0.084112 0.377220 0.000000
vt -0.084853 0.370000 0.000000
vt -0.000000 0.050000 0.000000
vt -0.084853 0.050000 0.000000
vt -0.084861 -0.035355 0.000000
vt -0.050000 -0.035355 0.000000
vt -0.100000 0.035355 0.000000
vt -0.000000 0.035355 0.000000
vt -0.331896 0.035355 0.000000
vt -0.305136 -0.035355 0.000000
vt 0.088752 0.035355 0.000000
vt 0.073613 -0.035355 0.000000
vt 0.570000 0.150000 0.000000
vt 0.570000 0.184861 0.000000
vt 0.520000 0.200000 0.000000
vt 0.359907 0.500000 0.000000
vt 0.380000 0.200000 0.000000
vt 0.000000 0.500000 0.000000
vt 0.000000 -0.400000 0.000000
vt 0.380000 -0.400000 0.000000
vt 1.699907 -0.070711 0.000000
vt 1.726667 0.000000 0.000000
vt 1.340000 -0.070711 0.000000
vt 1.240000 0.070711 0.000000
vt 1.693333 0.070711 0.000000
vt -0.000000 -0.035355 0.000000
vt -0.050000 0.035355 0.000000
vt -0.100000 -0.035355 0.000000
vt -0.084861 0.035355 0.000000
vt -0.031780 0.035355 0.000000
vt -0.410529 0.035355 0.000000
vt -0.016641 -0.035355 0.000000
vt -0.437289 -0.035355 0.000000
vt -1.050000 0.550000 0.000000
vt -1.050000 0.100000 0.000000
vt -0.215557 0.550000 0.000000
vt -0.150000 0.100000 0.000000
vt -0.000000 0.500000 0.000000
vt 0.000000 -0.000000 0.000000
vt -0.150000 -0.000000 0.000000
vt -0.000000 -1.000000 0.000000
vt -0.420648 -1.000000 0.000000
vt 0.000000 -1.150000 0.000000
vt -0.360555 -1.988710 0.000000
vt -0.480740 -1.837166 0.000000
vt -0.480740 -1.050000 0.000000
vt 1.509907 0.070711 0.000000
vt 1.150000 0.070711 0.000000
vt 1.536667 -0.000000 0.000000
vt 1.050000 -0.070711 0.000000
vt 1.503333 -0.070711 0.000000
vt -0.253891 -0.035355 0.000000
vt 0.124859 -0.035355 0.000000
vt -0.269030 0.035355 0.000000
vt 0.151618 0.035355 0.000000
vt -0.000000 0.035355 0.000000
vt 0.050000 -0.035355 0.000000
vt 0.100000 0.035355 0.000000
vt 0.084861 -0.035355 0.000000
vt -0.599907 -0.070711 0.000000
vt -0.240000 -0.070711 0.000000
vt -0.626667 -0.000000 0.000000
vt -0.140000 0.070711 0.000000
vt -0.593333 0.070711 0.000000
vt -0.570000 0.184861 0.000000
vt -0.520000 0.200000 0.000000
vt -0.359907 0.500000 0.000000
vt -0.380000 0.200000 0.000000
vt 0.000000 0.500000 0.000000
vt -0.000000 -0.400000 0.000000
vt -0.380000 -0.400000 0.000000
vt -0.570000 0.150000 0.000000
vt 0.084861 0.035355 0.000000
vt 0.050000 0.035355 0.000000
vt 0.100000 -0.035355 0.000000
vt -0.000000 -0.035355 0.000000
vt 0.257011 -0.035355 0.000000
vt 0.230252 0.035355 0.000000
vt -0.163637 -0.035355 0.000000
vt -0.148498 0.035355 0.000000
vt 0.190000 0.150000 0.000000
vt 0.190000 0.184861 0.000000
vt 0.140000 0.200000 0.000000
vt -0.020093 0.500000 0.000000
vt 0.000000 0.200000 0.000000
vt -0.380000 0.500000 0.000000
vt -0.380000 -0.400000 0.000000
vt -0.000000 -0.400000 0.000000
vt -0.409907 0.070711 0.000000
vt -0.436667 0.000000 0.000000
vt -0.050000 0.070711 0.000000
vt 0.050000 -0.070711 0.000000
vt -0.403333 -0.070711 0.000000
vt -0.070711 0.255000 0.000000
vt -0.070711 -0.645000 0.000000
vt 0.000000 0.205000 0.000000
vt -0.000000 -0.595000 0.000000
vt 0.070711 -0.595000 0.000000
vt 0.070711 0.205000 0.000000
vt -3.155000 -1.390000 0.000000
vt -3.015000 -1.390000 0.000000
vt -3.155000 -0.590000 0.000000
vt -3.015000 -0.590000 0.000000
vt -0.070711 0.205000 0.000000
vt 0.000000 -0.595000 0.000000
vt -0.000000 0.205000 0.000000
vt 0.070711 -0.645000 0.000000
vt 0.070711 0.255000 0.000000
vt -0.070711 -0.595000 0.000000
vt -0.070711 -0.695000 0.000000
vt 0.070711 -0.795000 0.000000
vt -0.070711 0.105000 0.000000
vt 0.070711 0.205000 0.000000
vt 0.000000 0.500000 0.000000
vt -0.800000 0.500000 0.000000
vt -0.000000 -0.400000 0.000000
vt -0.800000 -0.400000 0.000000
vt -0.360555 -0.100000 0.000000
vt 0.060093 -0.100000 0.000000
vt -0.180278 0.000000 0.000000
vt 0.000000 0.200000 0.000000
vt 0.120185 -0.050000 0.000000
vt 0.120185 1.228415 0.000000
vt 0.000000 1.420000 0.000000
vt 0.120185 2.506830 0.000000
vt 0.000000 2.640000 0.000000
vt 0.120185 3.785245 0.000000
vt 0.000000 3.860000 0.000000
vt -0.070711 0.205000 0.000000
vt -0.070711 -0.795000 0.000000
vt 0.070711 0.105000 0.000000
vt 0.070711 -0.695000 0.000000
vt 0.800000 0.500000 0.000000
vt 0.000000 0.500000 0.000000
vt 0.800000 -0.400000 0.000000
vt 0.000000 -0.400000 0.000000
vt -0.190000 0.150000 0.000000
vt -0.140000 0.200000 0.000000
vt -0.190000 0.184861 0.000000
vt 0.020093 0.500000 0.000000
vt 0.000000 0.200000 0.000000
vt 0.380000 0.500000 0.000000
vt 0.380000 -0.400000 0.000000
vt 0.000000 -0.400000 0.000000
vt 0.035355 -0.031803 0.000000
vt 0.035355 1.125464 0.000000
vt -0.035355 -0.020000 0.000000
vt -0.035355 1.133333 0.000000
vt 0.035355 2.282732 0.000000
vt -0.035355 2.286667 0.000000
vt 0.035355 3.440000 0.000000
vt -0.035355 3.440000 0.000000
vt -0.214082 -0.499450 0.000000
vt -0.139082 -0.499450 0.000000
vt -0.139547 -0.288631 0.000000
vt -0.068945 -0.301073 0.000000
vt 2.033418 3.800929 0.000000
vt 2.030000 3.840000 0.000000
vt 1.736366 3.615000 0.000000
vt 2.033418 3.879071 0.000000
vt 2.043569 3.916955 0.000000
vt 1.055000 4.140000 0.000000
vt 2.060144 3.952500 0.000000
vt 2.082640 3.984627 0.000000
vt 2.110373 4.012360 0.000000
vt 2.142500 4.034856 0.000000
vt 2.178045 4.051431 0.000000
vt 2.435000 4.140000 0.000000
vt 2.215929 4.061582 0.000000
vt 2.255000 4.065000 0.000000
vt 2.294071 4.061582 0.000000
vt 2.331955 4.051431 0.000000
vt 2.367500 4.034856 0.000000
vt 2.399627 4.012360 0.000000
vt 2.461047 4.137721 0.000000
vt 2.486303 4.130954 0.000000
vt 2.510000 4.119904 0.000000
vt 2.427360 3.984627 0.000000
vt 2.531418 4.104907 0.000000
vt 2.549907 4.086418 0.000000
vt 2.564904 4.065000 0.000000
vt 2.575954 4.041303 0.000000
vt 2.449856 3.952500 0.000000
vt 2.582721 4.016047 0.000000
vt 2.585000 3.990000 0.000000
vt 2.466431 3.916955 0.000000
vt 2.476582 3.879071 0.000000
vt 2.480000 3.840000 0.000000
vt 2.476582 3.800929 0.000000
vt 2.585000 3.599289 0.000000
vt 2.466431 3.763045 0.000000
vt 2.449856 3.727500 0.000000
vt 2.427360 3.695373 0.000000
vt 2.399627 3.667640 0.000000
vt 2.367500 3.645144 0.000000
vt 2.635000 3.470000 0.000000
vt 2.331955 3.628569 0.000000
vt 2.294071 3.618418 0.000000
vt 2.635000 3.220000 0.000000
vt 2.255000 3.615000 0.000000
vt 2.215929 3.618418 0.000000
vt 1.736366 3.220000 0.000000
vt 2.178045 3.628569 0.000000
vt 2.142500 3.645144 0.000000
vt 2.110373 3.667640 0.000000
vt 0.373634 3.615000 0.000000
vt 0.066431 3.916955 0.000000
vt 0.049856 3.952500 0.000000
vt 0.027360 3.984627 0.000000
vt -0.000373 4.012360 0.000000
vt -0.032500 4.034856 0.000000
vt -0.068045 4.051431 0.000000
vt -0.325000 4.140000 0.000000
vt -0.105929 4.061582 0.000000
vt -0.145000 4.065000 0.000000
vt -0.184071 4.061582 0.000000
vt -0.221955 4.051431 0.000000
vt -0.257500 4.034856 0.000000
vt -0.289627 4.012360 0.000000
vt -0.351047 4.137721 0.000000
vt -0.376303 4.130954 0.000000
vt 2.082640 3.695373 0.000000
vt 2.060144 3.727500 0.000000
vt 2.043569 3.763045 0.000000
vt 1.958418 -3.399071 0.000000
vt 1.955000 -3.360000 0.000000
vt 1.736366 -3.585000 0.000000
vt 1.958418 -3.320929 0.000000
vt 1.968569 -3.283045 0.000000
vt 1.736366 -2.676667 0.000000
vt 1.985144 -3.247500 0.000000
vt 2.007640 -3.215373 0.000000
vt 2.035373 -3.187640 0.000000
vt 2.067500 -3.165144 0.000000
vt 2.103045 -3.148569 0.000000
vt 2.140929 -3.138418 0.000000
vt 2.485000 -2.753333 0.000000
vt 2.485000 -1.636667 0.000000
vt 2.180000 -3.135000 0.000000
vt 2.219071 -3.138418 0.000000
vt 2.256955 -3.148569 0.000000
vt 2.292500 -3.165144 0.000000
vt 2.324627 -3.187640 0.000000
vt 2.352360 -3.215373 0.000000
vt 2.374856 -3.247500 0.000000
vt 2.391431 -3.283045 0.000000
vt 2.401582 -3.320929 0.000000
vt 2.405000 -3.360000 0.000000
vt 2.485000 -3.870000 0.000000
vt 2.401582 -3.399071 0.000000
vt 2.391431 -3.436955 0.000000
vt 2.374856 -3.472500 0.000000
vt 2.352360 -3.504627 0.000000
vt 2.324627 -3.532360 0.000000
vt 2.292500 -3.554856 0.000000
vt 2.256955 -3.571431 0.000000
vt 2.219071 -3.581582 0.000000
vt 2.315000 -4.040000 0.000000
vt 2.180000 -3.585000 0.000000
vt 2.140929 -3.581582 0.000000
vt 2.103045 -3.571431 0.000000
vt 1.055000 -4.040000 0.000000
vt 0.373634 -3.585000 0.000000
vt -0.205000 -4.040000 0.000000
vt 0.006955 -3.571431 0.000000
vt -0.030929 -3.581582 0.000000
vt 2.067500 -3.554856 0.000000
vt 2.035373 -3.532360 0.000000
vt 2.007640 -3.504627 0.000000
vt 1.985144 -3.472500 0.000000
vt 1.968569 -3.436955 0.000000
vt 0.151582 -3.320929 0.000000
vt 0.155000 -3.360000 0.000000
vt 0.151582 -3.399071 0.000000
vt 0.141431 -3.436955 0.000000
vt 0.124856 -3.472500 0.000000
vt 0.102360 -3.504627 0.000000
vt 0.074627 -3.532360 0.000000
vt 0.042500 -3.554856 0.000000
vt -0.070000 -3.585000 0.000000
vt -0.109071 -3.581582 0.000000
vt -0.375000 -3.870000 0.000000
vt -0.146955 -3.571431 0.000000
vt -0.182500 -3.554856 0.000000
vt -0.214627 -3.532360 0.000000
vt -0.242360 -3.504627 0.000000
vt -0.264856 -3.472500 0.000000
vt -0.281431 -3.436955 0.000000
vt -0.291582 -3.399071 0.000000
vt -0.295000 -3.360000 0.000000
vt -0.375000 -2.753333 0.000000
vt -0.291582 -3.320929 0.000000
vt -0.281431 -3.283045 0.000000
vt -0.264856 -3.247500 0.000000
vt -0.242360 -3.215373 0.000000
vt -0.214627 -3.187640 0.000000
vt -0.182500 -3.165144 0.000000
vt -0.146955 -3.148569 0.000000
vt -0.109071 -3.138418 0.000000
vt -0.070000 -3.135000 0.000000
vt -0.030929 -3.138418 0.000000
vt 0.373634 -2.676667 0.000000
vt 0.006955 -3.148569 0.000000
vt 0.042500 -3.165144 0.000000
vt 0.074627 -3.187640 0.000000
vt 0.102360 -3.215373 0.000000
vt 0.124856 -3.247500 0.000000
vt 0.141431 -3.283045 0.000000
vt 0.076582 3.879071 0.000000
vt 0.080000 3.840000 0.000000
vt 0.076582 3.800929 0.000000
vt 0.066431 3.763045 0.000000
vt 0.049856 3.727500 0.000000
vt 0.027360 3.695373 0.000000
vt -0.000373 3.667640 0.000000
vt 0.373634 3.220000 0.000000
vt -0.032500 3.645144 0.000000
vt -0.068045 3.628569 0.000000
vt -0.105929 3.618418 0.000000
vt -0.525000 3.220000 0.000000
vt 0.373634 2.776667 0.000000
vt -0.895000 2.062732 0.000000
vt 0.373634 1.413333 0.000000
vt -0.895000 0.905464 0.000000
vt 0.373634 0.050000 0.000000
vt -0.441108 -0.441215 0.000000
vt -0.427638 -0.444825 0.000000
vt -0.145000 3.615000 0.000000
vt -0.184071 3.618418 0.000000
vt -0.525000 3.470000 0.000000
vt -0.221955 3.628569 0.000000
vt -0.257500 3.645144 0.000000
vt -0.475000 3.599289 0.000000
vt -0.289627 3.667640 0.000000
vt -0.317360 3.695373 0.000000
vt -0.339856 3.727500 0.000000
vt -0.356431 3.763045 0.000000
vt -0.366582 3.800929 0.000000
vt -0.475000 3.990000 0.000000
vt -0.370000 3.840000 0.000000
vt -0.366582 3.879071 0.000000
vt -0.356431 3.916955 0.000000
vt -0.339856 3.952500 0.000000
vt -0.472721 4.016047 0.000000
vt -0.465954 4.041303 0.000000
vt -0.317360 3.984627 0.000000
vt -0.454904 4.065000 0.000000
vt -0.439907 4.086418 0.000000
vt -0.421418 4.104907 0.000000
vt -0.400000 4.119904 0.000000
vt -0.895000 3.220000 0.000000
vt -0.455000 -0.440000 0.000000
vt -0.895000 -0.251803 0.000000
vt -0.989098 -0.440000 0.000000
vt -0.415000 -0.450718 0.000000
vt -0.403577 -0.458716 0.000000
vt -0.393716 -0.468577 0.000000
vt -0.385718 -0.480000 0.000000
vt -0.379825 -0.492638 0.000000
vt -0.376215 -0.506108 0.000000
vt -0.375000 -0.520000 0.000000
vt 0.373634 -1.313333 0.000000
vt 1.736366 -1.313333 0.000000
vt -0.375000 -1.636667 0.000000
vt -0.372417 -3.899520 0.000000
vt -0.364748 -3.928143 0.000000
vt -0.352224 -3.955000 0.000000
vt -0.335228 -3.979274 0.000000
vt -0.314274 -4.000228 0.000000
vt -0.290000 -4.017224 0.000000
vt -0.263143 -4.029748 0.000000
vt -0.234520 -4.037417 0.000000
vt 2.344520 -4.037417 0.000000
vt 2.373143 -4.029748 0.000000
vt 2.400000 -4.017224 0.000000
vt 2.424274 -4.000228 0.000000
vt 2.445228 -3.979274 0.000000
vt 2.462224 -3.955000 0.000000
vt 2.474748 -3.928143 0.000000
vt 2.482417 -3.899520 0.000000
vt 2.485000 -0.520000 0.000000
vt 1.736366 0.050000 0.000000
vt 2.486215 -0.506108 0.000000
vt 2.489825 -0.492638 0.000000
vt 2.495718 -0.480000 0.000000
vt 2.503716 -0.468577 0.000000
vt 2.513577 -0.458716 0.000000
vt 2.525000 -0.450718 0.000000
vt 2.537638 -0.444825 0.000000
vt 2.551108 -0.441215 0.000000
vt 3.005000 0.905464 0.000000
vt 2.565000 -0.440000 0.000000
vt 3.005000 -0.251803 0.000000
vt 3.099098 -0.440000 0.000000
vt 1.736366 1.413333 0.000000
vt 3.005000 2.062732 0.000000
vt 1.736366 2.776667 0.000000
vt 3.005000 3.220000 0.000000
vt 2.635748 3.478617 0.000000
vt 2.637970 3.486977 0.000000
vt 2.641600 3.494828 0.000000
vt 2.646528 3.501936 0.000000
vt 2.652608 3.508089 0.000000
vt 2.659657 3.513102 0.000000
vt 2.667465 3.516824 0.000000
vt -0.557465 3.516824 0.000000
vt -0.549657 3.513102 0.000000
vt -0.542608 3.508089 0.000000
vt -0.536528 3.501936 0.000000
vt -0.531600 3.494828 0.000000
vt -0.527970 3.486977 0.000000
vt -0.525748 3.478617 0.000000
vt -0.035355 -0.031803 0.000000
vt 0.035355 -0.020000 0.000000
vt -0.035355 1.125464 0.000000
vt 0.035355 1.133333 0.000000
vt -0.035355 2.282732 0.000000
vt 0.035355 2.286667 0.000000
vt -0.035355 3.440000 0.000000
vt 0.035355 3.440000 0.000000
vt 0.188948 -0.640491 0.000000
vt 0.259084 -0.838868 0.000000
vt 0.259549 -0.628049 0.000000
vt 0.334084 -0.838868 0.000000
vt -3.650000 -0.380000 0.000000
vt -3.660000 -0.380000 0.000000
vt -3.650000 -0.569289 0.000000
vt -3.860000 -0.600000 0.000000
vt -3.680711 -0.600000 0.000000
vt -3.660000 0.050000 0.000000
vt -3.860000 0.500000 0.000000
vt -2.640000 0.500000 0.000000
vt -2.506667 0.050000 0.000000
vt -1.420000 0.500000 0.000000
vt -1.353333 0.050000 0.000000
vt -0.200000 0.500000 0.000000
vt -0.200000 0.050000 0.000000
vt -0.000000 0.050000 0.000000
vt -0.000000 0.350000 0.000000
vt -0.223607 0.050000 0.000000
vt -0.223607 0.500000 0.000000
vt 0.035355 1.889289 0.000000
vt 0.035355 2.280000 0.000000
vt -0.035355 1.910000 0.000000
vt -0.035355 2.280000 0.000000
vt 0.541659 0.827259 0.000000
vt 0.602897 0.827259 0.000000
vt 0.623309 0.942729 0.000000
vt 0.614136 0.826335 0.000000
vt 0.693001 0.918815 0.000000
vt 0.625669 0.823593 0.000000
vt 0.035355 0.137445 0.000000
vt -0.035355 0.137445 0.000000
vt 0.035355 0.106901 0.000000
vt -0.035355 0.106901 0.000000
vt 0.035355 0.076358 0.000000
vt -0.035355 0.076358 0.000000
vt 0.035355 0.045815 0.000000
vt -0.035355 0.045815 0.000000
vt 0.035355 0.015272 0.000000
vt -0.035355 0.015272 0.000000
vt 0.035355 -0.015272 0.000000
vt -0.035355 -0.015272 0.000000
vt 0.035355 -0.045815 0.000000
vt -0.035355 -0.045815 0.000000
vt 0.035355 -0.076358 0.000000
vt -0.035355 -0.076358 0.000000
vt 0.035355 -0.106901 0.000000
vt -0.035355 -0.106901 0.000000
vt 0.035355 -0.137445 0.000000
vt -0.035355 -0.137445 0.000000
vt -0.077500 -0.035355 0.000000
vt 1.302500 -0.035355 0.000000
vt -0.077500 0.035355 0.000000
vt 1.302500 0.035355 0.000000
vt 2.682500 -0.035355 0.000000
vt 2.682500 0.035355 0.000000
vt 0.035355 0.137445 0.000000
vt -0.035355 0.137445 0.000000
vt 0.035355 0.106901 0.000000
vt -0.035355 0.106901 0.000000
vt 0.035355 0.076358 0.000000
vt -0.035355 0.076358 0.000000
vt 0.035355 0.045815 0.000000
vt -0.035355 0.045815 0.000000
vt 0.035355 0.015272 0.000000
vt -0.035355 0.015272 0.000000
vt 0.035355 -0.015272 0.000000
vt -0.035355 -0.015272 0.000000
vt 0.035355 -0.045815 0.000000
vt -0.035355 -0.045815 0.000000
vt 0.035355 -0.076358 0.000000
vt -0.035355 -0.076358 0.000000
vt 0.035355 -0.106901 0.000000
vt -0.035355 -0.106901 0.000000
vt 0.035355 -0.137445 0.000000
vt -0.035355 -0.137445 0.000000
vt 0.035355 2.280000 0.000000
vt -0.035355 2.280000 0.000000
vt 0.035355 1.910000 0.000000
vt -0.035355 1.889289 0.000000
vt -0.194967 0.214488 0.000000
vt -0.183434 0.217231 0.000000
vt -0.262300 0.309710 0.000000
vt -0.192607 0.333625 0.000000
vt -0.172195 0.218155 0.000000
vt -0.110958 0.218155 0.000000
vt -0.050000 0.070711 0.000000
vt -0.500000 0.070711 0.000000
vt -0.050000 -0.070711 0.000000
vt -0.500000 -0.070711 0.000000
vt -0.050000 0.570000 0.000000
vt -0.500000 0.570000 0.000000
vt -0.050000 0.200000 0.000000
vt -0.500000 0.200000 0.000000
vt -0.500000 -0.157080 0.000000
vt -0.050000 -0.157080 0.000000
vt -0.500000 -0.122173 0.000000
vt -0.050000 -0.122173 0.000000
vt -0.500000 -0.087266 0.000000
vt -0.050000 -0.087266 0.000000
vt -0.500000 -0.052360 0.000000
vt -0.050000 -0.052360 0.000000
vt -0.500000 -0.017453 0.000000
vt -0.050000 -0.017453 0.000000
vt -0.500000 0.017453 0.000000
vt -0.050000 0.017453 0.000000
vt -0.500000 0.052360 0.000000
vt -0.050000 0.052360 0.000000
vt -0.500000 0.087266 0.000000
vt -0.050000 0.087266 0.000000
vt -0.500000 0.122173 0.000000
vt -0.050000 0.122173 0.000000
vt -0.500000 0.157080 0.000000
vt -0.050000 0.157080 0.000000
vt 0.170000 0.050000 0.000000
vt 1.550000 0.050000 0.000000
vt 0.170000 0.500000 0.000000
vt 1.550000 0.500000 0.000000
vt 2.930000 0.050000 0.000000
vt 2.930000 0.500000 0.000000
vt -0.500000 -0.157080 0.000000
vt -0.050000 -0.157080 0.000000
vt -0.500000 -0.122173 0.000000
vt -0.050000 -0.122173 0.000000
vt -0.500000 -0.087266 0.000000
vt -0.050000 -0.087266 0.000000
vt -0.500000 -0.052360 0.000000
vt -0.050000 -0.052360 0.000000
vt -0.500000 -0.017453 0.000000
vt -0.050000 -0.017453 0.000000
vt -0.500000 0.017453 0.000000
vt -0.050000 0.017453 0.000000
vt -0.500000 0.052360 0.000000
vt -0.050000 0.052360 0.000000
vt -0.500000 0.087266 0.000000
vt -0.050000 0.087266 0.000000
vt -0.500000 0.122173 0.000000
vt -0.050000 0.122173 0.000000
vt -0.500000 0.157080 0.000000
vt -0.050000 0.157080 0.000000
vt 0.050000 0.200000 0.000000
vt 0.500000 0.200000 0.000000
vt 0.050000 0.570000 0.000000
vt 0.500000 0.570000 0.000000
vt 0.050000 -0.070711 0.000000
vt 0.500000 -0.070711 0.000000
vt 0.050000 0.070711 0.000000
vt 0.500000 0.070711 0.000000
vt 0.517895 0.854889 0.000000
vt 0.436245 0.739419 0.000000
vt 0.609450 0.739419 0.000000
vt 0.548414 0.653099 0.000000
vt -0.088579 -0.070711 0.000000
vt -0.130000 0.070711 0.000000
vt -0.308579 -0.070711 0.000000
vt -0.350000 0.070711 0.000000
vt 0.743012 0.928303 0.000000
vt 0.603627 0.976132 0.000000
vt 0.613533 0.745192 0.000000
vt 0.521978 0.860662 0.000000
vt 0.070711 2.280000 0.000000
vt -0.070711 2.280000 0.000000
vt 0.070711 1.910000 0.000000
vt -0.070711 1.868579 0.000000
vt -0.293939 0.293218 0.000000
vt -0.164460 0.110107 0.000000
vt -0.154554 0.341047 0.000000
vt -0.072904 0.225577 0.000000
vt 1.188579 -0.070711 0.000000
vt 1.408579 -0.070711 0.000000
vt 1.230000 0.070711 0.000000
vt 1.450000 0.070711 0.000000
vt -0.099340 0.018014 0.000000
vt 0.012828 0.104333 0.000000
vt -0.160377 0.104333 0.000000
vt -0.068822 0.219803 0.000000
vt 0.070711 0.117810 0.000000
vt -0.070711 0.117810 0.000000
vt 0.070711 0.091630 0.000000
vt -0.070711 0.091630 0.000000
vt 0.070711 0.065450 0.000000
vt -0.070711 0.065450 0.000000
vt 0.070711 0.039270 0.000000
vt -0.070711 0.039270 0.000000
vt 0.070711 0.013090 0.000000
vt -0.070711 0.013090 0.000000
vt 0.070711 -0.013090 0.000000
vt -0.070711 -0.013090 0.000000
vt 0.070711 -0.039270 0.000000
vt -0.070711 -0.039270 0.000000
vt 0.070711 -0.065450 0.000000
vt -0.070711 -0.065450 0.000000
vt 0.070711 -0.091630 0.000000
vt -0.070711 -0.091630 0.000000
vt 0.070711 -0.117810 0.000000
vt -0.070711 -0.117810 0.000000
vt -1.605000 -0.070711 0.000000
vt -0.225000 -0.070711 0.000000
vt -1.605000 0.070711 0.000000
vt -0.225000 0.070711 0.000000
vt 1.155000 -0.070711 0.000000
vt 1.155000 0.070711 0.000000
vt 0.070711 0.117810 0.000000
vt -0.070711 0.117810 0.000000
vt 0.070711 0.091630 0.000000
vt -0.070711 0.091630 0.000000
vt 0.070711 0.065450 0.000000
vt -0.070711 0.065450 0.000000
vt 0.070711 0.039270 0.000000
vt -0.070711 0.039270 0.000000
vt 0.070711 0.013090 0.000000
vt -0.070711 0.013090 0.000000
vt 0.070711 -0.013090 0.000000
vt -0.070711 -0.013090 0.000000
vt 0.070711 -0.039270 0.000000
vt -0.070711 -0.039270 0.000000
vt 0.070711 -0.065450 0.000000
vt -0.070711 -0.065450 0.000000
vt 0.070711 -0.091630 0.000000
vt -0.070711 -0.091630 0.000000
vt 0.070711 -0.117810 0.000000
vt -0.070711 -0.117810 0.000000
vt 0.070711 1.868579 0.000000
vt 0.070711 2.280000 0.000000
vt -0.070711 1.910000 0.000000
vt -0.070711 2.280000 0.000000
vt -0.600000 -0.070711 0.000000
vt 0.500000 -0.070711 0.000000
vt -0.600000 0.070711 0.000000
vt 0.500000 0.070711 0.000000
vt -0.014645 -0.370000 0.000000
vt 0.600000 -0.370000 0.000000
vt -0.050000 -0.320000 0.000000
vt 0.600000 -0.100000 0.000000
vt -0.500000 -0.100000 0.000000
vt -0.500000 -0.320000 0.000000
vt -0.035355 1.412500 0.000000
vt -0.035355 0.578057 0.000000
vt 0.035355 1.391789 0.000000
vt 0.035355 0.583936 0.000000
vt 0.206746 0.231145 0.000000
vt 0.160968 0.288880 0.000000
vt 0.149011 0.149496 0.000000
vt 0.079318 0.173410 0.000000
vt 0.223956 -0.377959 0.000000
vt 0.281691 -0.459609 0.000000
vt 0.269734 -0.320224 0.000000
vt 0.351384 -0.435694 0.000000
vt -0.035355 0.583936 0.000000
vt 0.035355 0.578057 0.000000
vt -0.035355 1.391789 0.000000
vt 0.035355 1.412500 0.000000
vt 1.572500 0.035355 0.000000
vt 0.982500 0.035355 0.000000
vt 1.551789 -0.035355 0.000000
vt 0.982500 -0.035355 0.000000
vt 0.035355 0.043197 0.000000
vt -0.035355 0.043197 0.000000
vt 0.035355 0.033598 0.000000
vt -0.035355 0.033598 0.000000
vt 0.035355 0.023998 0.000000
vt -0.035355 0.023998 0.000000
vt 0.035355 0.014399 0.000000
vt -0.035355 0.014399 0.000000
vt 0.035355 0.004800 0.000000
vt -0.035355 0.004800 0.000000
vt 0.035355 -0.004800 0.000000
vt -0.035355 -0.004800 0.000000
vt 0.035355 -0.014399 0.000000
vt -0.035355 -0.014399 0.000000
vt 0.035355 -0.023998 0.000000
vt -0.035355 -0.023998 0.000000
vt 0.035355 -0.033598 0.000000
vt -0.035355 -0.033598 0.000000
vt 0.035355 -0.043197 0.000000
vt -0.035355 -0.043197 0.000000
vt 0.035355 2.657500 0.000000
vt -0.035355 2.657500 0.000000
vt 0.035355 1.540833 0.000000
vt -0.035355 1.540833 0.000000
vt 0.035355 0.424167 0.000000
vt -0.035355 0.424167 0.000000
vt 0.035355 -0.692500 0.000000
vt -0.035355 -0.692500 0.000000
vt -0.035355 -0.153153 0.000000
vt 0.035355 -0.153153 0.000000
vt -0.035355 -0.119119 0.000000
vt 0.035355 -0.119119 0.000000
vt -0.035355 -0.085085 0.000000
vt 0.035355 -0.085085 0.000000
vt -0.035355 -0.051051 0.000000
vt 0.035355 -0.051051 0.000000
vt -0.035355 -0.017017 0.000000
vt 0.035355 -0.017017 0.000000
vt -0.035355 0.017017 0.000000
vt 0.035355 0.017017 0.000000
vt -0.035355 0.051051 0.000000
vt 0.035355 0.051051 0.000000
vt -0.035355 0.085085 0.000000
vt 0.035355 0.085085 0.000000
vt -0.035355 0.119119 0.000000
vt 0.035355 0.119119 0.000000
vt -0.035355 0.153153 0.000000
vt 0.035355 0.153153 0.000000
vt 1.787500 0.035355 0.000000
vt 0.527500 0.035355 0.000000
vt 1.787500 -0.035355 0.000000
vt 0.527500 -0.035355 0.000000
vt -0.732500 0.035355 0.000000
vt -0.732500 -0.035355 0.000000
vt -0.035355 -0.153153 0.000000
vt 0.035355 -0.153153 0.000000
vt -0.035355 -0.119119 0.000000
vt 0.035355 -0.119119 0.000000
vt -0.035355 -0.085085 0.000000
vt 0.035355 -0.085085 0.000000
vt -0.035355 -0.051051 0.000000
vt 0.035355 -0.051051 0.000000
vt -0.035355 -0.017017 0.000000
vt 0.035355 -0.017017 0.000000
vt -0.035355 0.017017 0.000000
vt 0.035355 0.017017 0.000000
vt -0.035355 0.051051 0.000000
vt 0.035355 0.051051 0.000000
vt -0.035355 0.085085 0.000000
vt 0.035355 0.085085 0.000000
vt -0.035355 0.119119 0.000000
vt 0.035355 0.119119 0.000000
vt -0.035355 0.153153 0.000000
vt 0.035355 0.153153 0.000000
vt 0.035355 2.657500 0.000000
vt -0.035355 2.657500 0.000000
vt 0.035355 1.540833 0.000000
vt -0.035355 1.540833 0.000000
vt 0.035355 0.424167 0.000000
vt -0.035355 0.424167 0.000000
vt 0.035355 -0.692500 0.000000
vt -0.035355 -0.692500 0.000000
vt 0.035355 0.043197 0.000000
vt -0.035355 0.043197 0.000000
vt 0.035355 0.033598 0.000000
vt -0.035355 0.033598 0.000000
vt 0.035355 0.023998 0.000000
vt -0.035355 0.023998 0.000000
vt 0.035355 0.014399 0.000000
vt -0.035355 0.014399 0.000000
vt 0.035355 0.004800 0.000000
vt -0.035355 0.004800 0.000000
vt 0.035355 -0.004800 0.000000
vt -0.035355 -0.004800 0.000000
vt 0.035355 -0.014399 0.000000
vt -0.035355 -0.014399 0.000000
vt 0.035355 -0.023998 0.000000
vt -0.035355 -0.023998 0.000000
vt 0.035355 -0.033598 0.000000
vt -0.035355 -0.033598 0.000000
vt 0.035355 -0.043197 0.000000
vt -0.035355 -0.043197 0.000000
vt 0.072500 -0.035355 0.000000
vt 0.072500 0.035355 0.000000
vt -0.496789 -0.035355 0.000000
vt -0.517500 0.035355 0.000000
vt 0.450000 0.070711 0.000000
vt 0.050000 0.070711 0.000000
vt 0.450000 -0.070711 0.000000
vt -0.000000 -0.070711 0.000000
vt -0.100000 -0.070711 0.000000
vt -0.250000 0.070711 0.000000
vt 0.010000 0.050000 0.000000
vt 0.010000 -0.350000 0.000000
vt 0.065902 0.000000 0.000000
vt 0.600000 -0.350000 0.000000
vt 0.600000 0.000000 0.000000
vt -0.000000 0.062832 0.000000
vt -0.350000 0.062832 0.000000
vt -0.175000 0.048869 0.000000
vt -0.350000 0.048869 0.000000
vt -0.175000 0.034907 0.000000
vt -0.350000 0.034907 0.000000
vt -0.175000 0.020944 0.000000
vt -0.350000 0.020944 0.000000
vt -0.175000 0.006981 0.000000
vt -0.350000 0.006981 0.000000
vt -0.175000 -0.006981 0.000000
vt -0.350000 -0.006981 0.000000
vt -0.175000 -0.020944 0.000000
vt -0.350000 -0.020944 0.000000
vt -0.175000 -0.034907 0.000000
vt -0.350000 -0.034907 0.000000
vt -0.175000 -0.048869 0.000000
vt -0.350000 -0.048869 0.000000
vt -0.350000 -0.062832 0.000000
vt -0.000000 -0.062832 0.000000
vt -0.000000 -0.048869 0.000000
vt -0.000000 -0.034907 0.000000
vt -0.000000 -0.020944 0.000000
vt -0.000000 -0.006981 0.000000
vt -0.000000 0.006981 0.000000
vt -0.000000 0.020944 0.000000
vt -0.000000 0.034907 0.000000
vt -0.000000 0.048869 0.000000
vt 3.520000 0.350000 0.000000
vt 2.403333 0.350000 0.000000
vt 3.520000 0.000000 0.000000
vt 2.403333 0.000000 0.000000
vt 1.286667 0.350000 0.000000
vt 1.286667 0.000000 0.000000
vt 0.170000 0.350000 0.000000
vt 0.170000 0.000000 0.000000
vt 0.000000 -0.133518 0.000000
vt 0.350000 -0.133518 0.000000
vt 0.000000 -0.103847 0.000000
vt 0.350000 -0.103847 0.000000
vt -0.000000 -0.074176 0.000000
vt 0.350000 -0.074176 0.000000
vt 0.000000 -0.044506 0.000000
vt 0.350000 -0.044506 0.000000
vt 0.000000 -0.014835 0.000000
vt 0.350000 -0.014835 0.000000
vt 0.000000 0.014835 0.000000
vt 0.350000 0.014835 0.000000
vt 0.000000 0.044506 0.000000
vt 0.350000 0.044506 0.000000
vt -0.000000 0.074176 0.000000
vt 0.350000 0.074176 0.000000
vt 0.000000 0.103847 0.000000
vt 0.350000 0.103847 0.000000
vt -0.000000 0.133518 0.000000
vt 0.350000 0.133518 0.000000
vt 1.260000 0.350000 0.000000
vt -0.000000 0.350000 0.000000
vt 1.260000 0.000000 0.000000
vt -0.000000 0.000000 0.000000
vt -1.260000 0.350000 0.000000
vt -1.260000 0.000000 0.000000
vt 0.000000 0.133518 0.000000
vt -0.350000 0.133518 0.000000
vt -0.000000 0.103847 0.000000
vt -0.350000 0.103847 0.000000
vt 0.000000 0.074176 0.000000
vt -0.350000 0.074176 0.000000
vt -0.000000 0.044506 0.000000
vt -0.350000 0.044506 0.000000
vt -0.000000 0.014835 0.000000
vt -0.350000 0.014835 0.000000
vt -0.000000 -0.014835 0.000000
vt -0.350000 -0.014835 0.000000
vt -0.000000 -0.044506 0.000000
vt -0.350000 -0.044506 0.000000
vt 0.000000 -0.074176 0.000000
vt -0.350000 -0.074176 0.000000
vt -0.000000 -0.103847 0.000000
vt -0.350000 -0.103847 0.000000
vt -0.000000 -0.133518 0.000000
vt -0.350000 -0.133518 0.000000
vt 2.531658 -1.593203 0.000000
vt 2.574357 -1.698196 0.000000
vt 2.535000 -1.555000 0.000000
vt 2.889679 -0.375880 0.000000
vt 2.535000 -0.438333 0.000000
vt 2.535000 0.678333 0.000000
vt 3.015000 0.925000 0.000000
vt 2.635000 0.925000 0.000000
vt 2.521732 -1.630244 0.000000
vt 2.505526 -1.665000 0.000000
vt 2.569145 -1.714050 0.000000
vt 2.561368 -1.728817 0.000000
vt 2.551244 -1.742085 0.000000
vt 2.539054 -1.753484 0.000000
vt 2.483530 -1.696413 0.000000
vt 2.525138 -1.762698 0.000000
vt 2.509884 -1.769468 0.000000
vt 2.493716 -1.773607 0.000000
vt 2.477085 -1.775000 0.000000
vt 2.456413 -1.723530 0.000000
vt 2.425000 -1.745526 0.000000
vt 2.390244 -1.761732 0.000000
vt 2.353203 -1.771658 0.000000
vt 2.315000 -1.775000 0.000000
vt 3.205000 0.946436 0.000000
vt 3.015000 1.725000 0.000000
vt 3.205000 1.754289 0.000000
vt 3.134289 1.825000 0.000000
vt 2.565000 1.825000 0.000000
vt 2.635000 1.725000 0.000000
vt 2.535000 1.795000 0.000000
vt 2.559791 1.824544 0.000000
vt 2.554739 1.823191 0.000000
vt 2.550000 1.820981 0.000000
vt 2.545716 1.817981 0.000000
vt 2.542019 1.814284 0.000000
vt 2.539019 1.810000 0.000000
vt 2.536809 1.805261 0.000000
vt 2.535456 1.800209 0.000000
vt -0.170000 0.350000 0.000000
vt -1.286667 0.350000 0.000000
vt -0.170000 0.000000 0.000000
vt -1.286667 0.000000 0.000000
vt -2.403333 0.350000 0.000000
vt -2.403333 0.000000 0.000000
vt -3.520000 0.350000 0.000000
vt -3.520000 0.000000 0.000000
vt -0.000000 -0.062832 0.000000
vt 0.350000 -0.062832 0.000000
vt 0.175000 -0.048869 0.000000
vt 0.350000 -0.048869 0.000000
vt 0.175000 -0.034907 0.000000
vt 0.350000 -0.034907 0.000000
vt 0.175000 -0.020944 0.000000
vt 0.350000 -0.020944 0.000000
vt 0.175000 -0.006981 0.000000
vt 0.350000 -0.006981 0.000000
vt 0.175000 0.006981 0.000000
vt 0.350000 0.006981 0.000000
vt 0.175000 0.020944 0.000000
vt 0.350000 0.020944 0.000000
vt 0.175000 0.034907 0.000000
vt 0.350000 0.034907 0.000000
vt 0.175000 0.048869 0.000000
vt 0.350000 0.048869 0.000000
vt 0.350000 0.062832 0.000000
vt 0.000000 0.062832 0.000000
vt -0.000000 0.048869 0.000000
vt -0.000000 0.034907 0.000000
vt -0.000000 0.020944 0.000000
vt -0.000000 0.006981 0.000000
vt -0.000000 -0.006981 0.000000
vt -0.000000 -0.020944 0.000000
vt -0.000000 -0.034907 0.000000
vt -0.000000 -0.048869 0.000000
vt -0.600000 0.000000 0.000000
vt -0.600000 -0.350000 0.000000
vt -0.065902 0.000000 0.000000
vt -0.010000 -0.350000 0.000000
vt -0.010000 0.050000 0.000000
vt -0.450000 0.070711 0.000000
vt -0.450000 -0.070711 0.000000
vt -0.050000 0.070711 0.000000
vt -0.000000 -0.070711 0.000000
vt 0.100000 -0.070711 0.000000
vt 0.250000 0.070711 0.000000
vt 1.050000 0.100000 0.000000
vt 0.215557 0.550000 0.000000
vt 0.150000 0.100000 0.000000
vt 0.000000 0.500000 0.000000
vt -0.000000 -0.000000 0.000000
vt 1.050000 0.550000 0.000000
vt 0.150000 -0.000000 0.000000
vt 0.378474 2.244567 0.000000
vt 0.307770 2.250527 0.000000
vt 0.413337 2.026051 0.000000
vt 0.081743 0.910058 0.000000
vt 0.204253 0.786063 0.000000
vt -0.004831 -0.453926 0.000000
vt -0.144284 -0.430412 0.000000
vt 0.070711 0.100253 0.000000
vt -0.070711 0.100253 0.000000
vt 0.070711 0.075190 0.000000
vt -0.070711 0.075190 0.000000
vt 0.070711 0.050126 0.000000
vt -0.070711 0.050126 0.000000
vt 0.070711 0.025063 0.000000
vt -0.070711 0.025063 0.000000
vt 0.070711 -0.000000 0.000000
vt -0.070711 0.000000 0.000000
vt 0.070711 -0.025063 0.000000
vt -0.070711 -0.025063 0.000000
vt 0.070711 -0.050126 0.000000
vt -0.070711 -0.050126 0.000000
vt 0.070711 -0.075190 0.000000
vt -0.070711 -0.075190 0.000000
vt 0.070711 -0.100253 0.000000
vt -0.070711 -0.100253 0.000000
vt 1.949585 0.070711 0.000000
vt 1.787500 0.070711 0.000000
vt 1.949585 -0.070711 0.000000
vt 0.527500 -0.070711 0.000000
vt 0.527500 0.070711 0.000000
vt -0.732500 0.070711 0.000000
vt -0.894585 0.070711 0.000000
vt -0.894585 -0.070711 0.000000
vt 0.070711 0.100253 0.000000
vt -0.070711 0.100253 0.000000
vt 0.070711 0.075190 0.000000
vt -0.070711 0.075190 0.000000
vt 0.070711 0.050126 0.000000
vt -0.070711 0.050126 0.000000
vt 0.070711 0.025063 0.000000
vt -0.070711 0.025063 0.000000
vt 0.070711 0.000000 0.000000
vt -0.070711 -0.000000 0.000000
vt 0.070711 -0.025063 0.000000
vt -0.070711 -0.025063 0.000000
vt 0.070711 -0.050126 0.000000
vt -0.070711 -0.050126 0.000000
vt 0.070711 -0.075190 0.000000
vt -0.070711 -0.075190 0.000000
vt 0.070711 -0.100253 0.000000
vt -0.070711 -0.100253 0.000000
vt -0.337785 2.003258 0.000000
vt -0.372648 1.784742 0.000000
vt -0.267081 2.009218 0.000000
vt -0.041054 0.668749 0.000000
vt -0.163564 0.544754 0.000000
vt 0.045520 -0.695235 0.000000
vt 0.184973 -0.671721 0.000000
vt -1.024289 1.825000 0.000000
vt -1.095000 1.754289 0.000000
vt -0.905000 1.725000 0.000000
vt -1.095000 0.946436 0.000000
vt -0.905000 0.925000 0.000000
vt -0.779679 -0.375880 0.000000
vt -0.425000 0.678333 0.000000
vt -0.425000 -0.438333 0.000000
vt -0.425000 -1.555000 0.000000
vt -0.464357 -1.698196 0.000000
vt -0.421658 -1.593203 0.000000
vt -0.411732 -1.630244 0.000000
vt -0.395526 -1.665000 0.000000
vt -0.459145 -1.714050 0.000000
vt -0.451368 -1.728817 0.000000
vt -0.441244 -1.742085 0.000000
vt -0.429054 -1.753484 0.000000
vt -0.373530 -1.696413 0.000000
vt -0.415138 -1.762698 0.000000
vt -0.399884 -1.769468 0.000000
vt -0.383716 -1.773607 0.000000
vt -0.367085 -1.775000 0.000000
vt -0.346413 -1.723530 0.000000
vt -0.315000 -1.745526 0.000000
vt -0.280244 -1.761732 0.000000
vt -0.243203 -1.771658 0.000000
vt -0.205000 -1.775000 0.000000
vt -0.525000 0.925000 0.000000
vt -0.425000 1.795000 0.000000
vt -0.525000 1.725000 0.000000
vt -0.455000 1.825000 0.000000
vt -0.425456 1.800209 0.000000
vt -0.426809 1.805261 0.000000
vt -0.429019 1.810000 0.000000
vt -0.432019 1.814284 0.000000
vt -0.435716 1.817981 0.000000
vt -0.440000 1.820981 0.000000
vt -0.444739 1.823191 0.000000
vt -0.449791 1.824544 0.000000
vt 0.076306 -0.027262 0.000000
vt -0.041208 -0.180886 0.000000
vt 0.224678 -0.907193 0.000000
vt 0.096194 -0.995762 0.000000
vt 0.233597 -1.810639 0.000000
vt 0.373050 -1.787125 0.000000
vt 0.070711 0.100253 0.000000
vt -0.070711 0.100253 0.000000
vt 0.070711 0.075190 0.000000
vt -0.070711 0.075190 0.000000
vt 0.070711 0.050126 0.000000
vt -0.070711 0.050126 0.000000
vt 0.070711 0.025063 0.000000
vt -0.070711 0.025063 0.000000
vt 0.070711 0.000000 0.000000
vt -0.070711 -0.000000 0.000000
vt 0.070711 -0.025063 0.000000
vt -0.070711 -0.025063 0.000000
vt 0.070711 -0.050126 0.000000
vt -0.070711 -0.050126 0.000000
vt 0.070711 -0.075190 0.000000
vt -0.070711 -0.075190 0.000000
vt 0.070711 -0.100253 0.000000
vt -0.070711 -0.100253 0.000000
vt 1.972085 0.070711 0.000000
vt 0.550000 0.070711 0.000000
vt 1.972085 -0.070711 0.000000
vt 0.550000 -0.070711 0.000000
vt -0.872085 0.070711 0.000000
vt -0.872085 -0.070711 0.000000
vt 0.070711 0.100253 0.000000
vt -0.070711 0.100253 0.000000
vt 0.070711 0.075190 0.000000
vt -0.070711 0.075190 0.000000
vt 0.070711 0.050126 0.000000
vt -0.070711 0.050126 0.000000
vt 0.070711 0.025063 0.000000
vt -0.070711 0.025063 0.000000
vt 0.070711 -0.000000 0.000000
vt -0.070711 0.000000 0.000000
vt 0.070711 -0.025063 0.000000
vt -0.070711 -0.025063 0.000000
vt 0.070711 -0.050126 0.000000
vt -0.070711 -0.050126 0.000000
vt 0.070711 -0.075190 0.000000
vt -0.070711 -0.075190 0.000000
vt 0.070711 -0.100253 0.000000
vt -0.070711 -0.100253 0.000000
vt -0.033881 0.224340 0.000000
vt -0.182253 -0.655591 0.000000
vt 0.083633 0.070716 0.000000
vt -0.053770 -0.744160 0.000000
vt -0.191173 -1.559037 0.000000
vt -0.330625 -1.535523 0.000000
vt -0.157915 -0.300000 0.000000
vt -0.157915 0.500000 0.000000
vt -0.984295 -0.300000 0.000000
vt -1.415408 0.500000 0.000000
vt -1.810675 -0.300000 0.000000
vt -2.672901 -0.000000 0.000000
vt -2.672901 0.500000 0.000000
vt -0.400000 -0.133671 0.000000
vt 0.400000 -0.133671 0.000000
vt 0.000000 -0.100253 0.000000
vt 0.400000 -0.100253 0.000000
vt 0.000000 -0.066835 0.000000
vt 0.400000 -0.066835 0.000000
vt 0.000000 -0.033418 0.000000
vt 0.400000 -0.033418 0.000000
vt 0.000000 -0.000000 0.000000
vt 0.400000 -0.000000 0.000000
vt 0.000000 0.033418 0.000000
vt 0.400000 0.033418 0.000000
vt 0.000000 0.066835 0.000000
vt 0.400000 0.066835 0.000000
vt 0.000000 0.100253 0.000000
vt 0.400000 0.100253 0.000000
vt 0.400000 0.133671 0.000000
vt -0.400000 0.133671 0.000000
vt -0.400000 0.100253 0.000000
vt -0.400000 0.066835 0.000000
vt -0.400000 0.033418 0.000000
vt -0.400000 -0.000000 0.000000
vt -0.400000 -0.033418 0.000000
vt -0.400000 -0.066835 0.000000
vt -0.400000 -0.100253 0.000000
vt -1.422085 -0.300000 0.000000
vt 0.000000 -0.300000 0.000000
vt -1.422085 0.500000 0.000000
vt 0.000000 0.500000 0.000000
vt 1.422085 -0.300000 0.000000
vt 1.422085 0.500000 0.000000
vt -0.400000 -0.133671 0.000000
vt 0.400000 -0.133671 0.000000
vt 0.000000 -0.100253 0.000000
vt 0.400000 -0.100253 0.000000
vt 0.000000 -0.066835 0.000000
vt 0.400000 -0.066835 0.000000
vt 0.000000 -0.033418 0.000000
vt 0.400000 -0.033418 0.000000
vt 0.000000 0.000000 0.000000
vt 0.400000 0.000000 0.000000
vt 0.000000 0.033418 0.000000
vt 0.400000 0.033418 0.000000
vt 0.000000 0.066835 0.000000
vt 0.400000 0.066835 0.000000
vt 0.000000 0.100253 0.000000
vt 0.400000 0.100253 0.000000
vt 0.400000 0.133671 0.000000
vt -0.400000 0.133671 0.000000
vt -0.400000 0.100253 0.000000
vt -0.400000 0.066835 0.000000
vt -0.400000 0.033418 0.000000
vt -0.400000 0.000000 0.000000
vt -0.400000 -0.033418 0.000000
vt -0.400000 -0.066835 0.000000
vt -0.400000 -0.100253 0.000000
vt 2.672901 0.500000 0.000000
vt 1.415408 0.500000 0.000000
vt 2.672901 -0.000000 0.000000
vt 1.810675 -0.300000 0.000000
vt 0.984295 -0.300000 0.000000
vt 0.157915 0.500000 0.000000
vt 0.157915 -0.300000 0.000000
vt 0.833333 1.490000 0.000000
vt 0.833333 2.277166 0.000000
vt 0.380000 1.490000 0.000000
vt -0.455556 2.726667 0.000000
vt -0.455556 1.363333 0.000000
vt -1.744444 2.726667 0.000000
vt -1.744444 1.363333 0.000000
vt -2.580000 1.490000 0.000000
vt -2.580000 0.490000 0.000000
vt 0.626345 3.145181 0.000000
vt 0.419357 4.013196 0.000000
vt 0.322085 4.090000 0.000000
vt 0.338716 4.088607 0.000000
vt 0.354884 4.084468 0.000000
vt 0.370138 4.077698 0.000000
vt 0.384054 4.068484 0.000000
vt 0.396244 4.057085 0.000000
vt 0.406368 4.043817 0.000000
vt 0.414145 4.029050 0.000000
vt -1.100000 4.090000 0.000000
vt -2.522085 4.090000 0.000000
vt -2.619357 4.013196 0.000000
vt -2.826345 3.145181 0.000000
vt -2.538716 4.088607 0.000000
vt -2.554884 4.084468 0.000000
vt -2.570138 4.077698 0.000000
vt -2.584054 4.068484 0.000000
vt -2.596244 4.057085 0.000000
vt -2.606368 4.043817 0.000000
vt -2.614145 4.029050 0.000000
vt -3.033333 2.277166 0.000000
vt -3.033333 1.490000 0.000000
vt -3.033333 0.490000 0.000000
vt -3.033333 -0.788415 0.000000
vt -1.744444 0.000000 0.000000
vt -0.455556 0.000000 0.000000
vt 0.380000 0.490000 0.000000
vt -1.744444 -1.363333 0.000000
vt -3.033333 -2.066830 0.000000
vt -1.744444 -2.726667 0.000000
vt -2.738579 -3.420000 0.000000
vt -2.580000 -3.578579 0.000000
vt -3.033333 -3.345245 0.000000
vt -2.958579 -3.420000 0.000000
vt -2.580000 -3.990000 0.000000
vt -2.480000 -4.090000 0.000000
vt -1.100000 -4.090000 0.000000
vt -0.455556 -2.726667 0.000000
vt -0.455556 -1.363333 0.000000
vt -2.578481 -4.007365 0.000000
vt -2.573969 -4.024202 0.000000
vt -2.566603 -4.040000 0.000000
vt -2.556604 -4.054279 0.000000
vt -2.544279 -4.066604 0.000000
vt -2.530000 -4.076603 0.000000
vt -2.514202 -4.083969 0.000000
vt -2.497365 -4.088481 0.000000
vt 0.380000 -3.578579 0.000000
vt 0.280000 -4.090000 0.000000
vt 0.380000 -3.990000 0.000000
vt 0.297365 -4.088481 0.000000
vt 0.314202 -4.083969 0.000000
vt 0.330000 -4.076603 0.000000
vt 0.344279 -4.066604 0.000000
vt 0.356604 -4.054279 0.000000
vt 0.366603 -4.040000 0.000000
vt 0.373969 -4.024202 0.000000
vt 0.378481 -4.007365 0.000000
vt 0.538579 -3.420000 0.000000
vt 0.833333 -2.066830 0.000000
vt 0.833333 -0.788415 0.000000
vt 0.758579 -3.420000 0.000000
vt 0.833333 -3.345245 0.000000
vt 0.833333 0.490000 0.000000
vt -0.223607 0.050000 0.000000
vt -0.000000 0.050000 0.000000
vt -0.223607 0.350000 0.000000
vt -0.000000 0.500000 0.000000
vt -0.360555 -1.000000 0.000000
vt -0.360555 -1.150000 0.000000
vt 0.060093 -1.000000 0.000000
vt -0.000000 -1.988710 0.000000
vt 0.120185 -1.837166 0.000000
vt 0.120185 -1.050000 0.000000
vt -0.000000 -0.100000 0.000000
vt -0.180278 -0.000000 0.000000
vt -0.420648 -0.100000 0.000000
vt -0.360555 0.200000 0.000000
vt -0.480740 -0.050000 0.000000
vt -0.480740 1.228415 0.000000
vt -0.360555 1.420000 0.000000
vt -0.480740 2.506830 0.000000
vt -0.360555 2.640000 0.000000
vt -0.480740 3.785245 0.000000
vt -0.360555 3.860000 0.000000
vt 1.045000 -0.590000 0.000000
vt 0.905000 -0.590000 0.000000
vt 1.045000 -1.390000 0.000000
vt 0.905000 -1.390000 0.000000
vt -0.000000 0.370000 0.000000
vt -0.210000 0.370000 0.000000
vt -0.000000 0.050000 0.000000
vt -0.210000 0.050000 0.000000
vt 0.084667 0.373620 0.000000
vt 0.084112 0.377220 0.000000
vt 0.084853 0.370000 0.000000
vt 0.083189 0.380783 0.000000
vt 0.081904 0.384289 0.000000
vt 0.080263 0.387720 0.000000
vt 0.078276 0.391058 0.000000
vt 0.073303 0.397386 0.000000
vt 0.067090 0.403140 0.000000
vt 0.059767 0.408199 0.000000
vt 0.051488 0.412457 0.000000
vt 0.042426 0.415826 0.000000
vt 0.033364 0.412457 0.000000
vt 0.000186 0.373620 0.000000
vt 0.025085 0.408199 0.000000
vt 0.017763 0.403140 0.000000
vt 0.011550 0.397386 0.000000
vt 0.006577 0.391058 0.000000
vt 0.004590 0.387720 0.000000
vt 0.002949 0.384289 0.000000
vt 0.001664 0.380783 0.000000
vt 0.000741 0.377220 0.000000
vt 0.000000 0.370000 0.000000
vt 0.084853 0.050000 0.000000
vt 0.000000 0.050000 0.000000
vt 0.200000 0.050000 0.000000
vt 0.200000 0.370000 0.000000
vt 0.020711 0.050000 0.000000
vt -0.050000 0.120711 0.000000
vt -0.050000 0.370000 0.000000
vt 0.160000 0.445059 0.000000
vt 0.500000 0.445059 0.000000
vt 0.160000 0.471239 0.000000
vt 0.500000 0.471239 0.000000
vt 0.160000 -0.471239 0.000000
vt 0.500000 -0.471239 0.000000
vt 0.160000 -0.445059 0.000000
vt 0.500000 -0.445059 0.000000
vt 0.160000 -0.418879 0.000000
vt 0.500000 -0.418879 0.000000
vt 0.160000 -0.392699 0.000000
vt 0.500000 -0.392699 0.000000
vt 0.160000 -0.366519 0.000000
vt 0.500000 -0.366519 0.000000
vt 0.160000 -0.340339 0.000000
vt 0.500000 -0.340339 0.000000
vt 0.160000 -0.314159 0.000000
vt 0.500000 -0.314159 0.000000
vt 0.160000 -0.287979 0.000000
vt 0.500000 -0.287979 0.000000
vt 0.160000 -0.261799 0.000000
vt 0.500000 -0.261799 0.000000
vt 0.160000 -0.235619 0.000000
vt 0.500000 -0.235619 0.000000
vt 0.160000 -0.209440 0.000000
vt 0.500000 -0.209440 0.000000
vt 0.160000 -0.183260 0.000000
vt 0.500000 -0.183260 0.000000
vt 0.160000 -0.157080 0.000000
vt 0.500000 -0.157080 0.000000
vt 0.160000 -0.130900 0.000000
vt 0.500000 -0.130900 0.000000
vt 0.160000 -0.104720 0.000000
vt 0.500000 -0.104720 0.000000
vt 0.160000 -0.078540 0.000000
vt 0.500000 -0.078540 0.000000
vt 0.160000 -0.052360 0.000000
vt 0.500000 -0.052360 0.000000
vt 0.160000 -0.026180 0.000000
vt 0.500000 -0.026180 0.000000
vt 0.160000 0.000000 0.000000
vt 0.500000 0.000000 0.000000
vt 0.160000 0.026180 0.000000
vt 0.500000 0.026180 0.000000
vt 0.160000 0.052360 0.000000
vt 0.500000 0.052360 0.000000
vt 0.160000 0.078540 0.000000
vt 0.500000 0.078540 0.000000
vt 0.160000 0.104720 0.000000
vt 0.500000 0.104720 0.000000
vt 0.160000 0.130900 0.000000
vt 0.500000 0.130900 0.000000
vt 0.160000 0.157080 0.000000
vt 0.500000 0.157080 0.000000
vt 0.160000 0.183260 0.000000
vt 0.500000 0.183260 0.000000
vt 0.160000 0.209440 0.000000
vt 0.500000 0.209440 0.000000
vt 0.160000 0.235619 0.000000
vt 0.500000 0.235619 0.000000
vt 0.160000 0.261799 0.000000
vt 0.500000 0.261799 0.000000
vt 0.160000 0.287979 0.000000
vt 0.500000 0.287979 0.000000
vt 0.160000 0.314159 0.000000
vt 0.500000 0.314159 0.000000
vt 0.160000 0.340339 0.000000
vt 0.500000 0.340339 0.000000
vt 0.160000 0.366519 0.000000
vt 0.500000 0.366519 0.000000
vt 0.160000 0.392699 0.000000
vt 0.500000 0.392699 0.000000
vt 0.160000 0.418879 0.000000
vt 0.500000 0.418879 0.000000
vt -0.147721 -0.026047 0.000000
vt 0.147721 -0.026047 0.000000
vt -0.150000 0.000000 0.000000
vt 0.150000 -0.000000 0.000000
vt -0.147721 0.026047 0.000000
vt 0.147721 0.026047 0.000000
vt -0.140954 0.051303 0.000000
vt 0.140954 0.051303 0.000000
vt -0.129904 0.075000 0.000000
vt 0.129904 0.075000 0.000000
vt -0.114907 0.096418 0.000000
vt 0.114907 0.096418 0.000000
vt -0.096418 0.114907 0.000000
vt 0.096418 0.114907 0.000000
vt -0.075000 0.129904 0.000000
vt 0.075000 0.129904 0.000000
vt -0.051303 0.140954 0.000000
vt 0.051303 0.140954 0.000000
vt -0.026047 0.147721 0.000000
vt 0.026047 0.147721 0.000000
vt 0.000000 0.150000 0.000000
vt 0.140954 -0.051303 0.000000
vt -0.140954 -0.051303 0.000000
vt 0.129904 -0.075000 0.000000
vt -0.129904 -0.075000 0.000000
vt 0.114907 -0.096418 0.000000
vt -0.114907 -0.096418 0.000000
vt 0.096418 -0.114907 0.000000
vt -0.096418 -0.114907 0.000000
vt 0.075000 -0.129904 0.000000
vt -0.075000 -0.129904 0.000000
vt 0.051303 -0.140954 0.000000
vt -0.051303 -0.140954 0.000000
vt 0.026047 -0.147721 0.000000
vt -0.026047 -0.147721 0.000000
vt -0.000000 -0.150000 0.000000
vt 0.160000 0.445059 0.000000
vt 0.500000 0.445059 0.000000
vt 0.160000 0.471239 0.000000
vt 0.500000 0.471239 0.000000
vt 0.160000 -0.471239 0.000000
vt 0.500000 -0.471239 0.000000
vt 0.160000 -0.445059 0.000000
vt 0.500000 -0.445059 0.000000
vt 0.160000 -0.418879 0.000000
vt 0.500000 -0.418879 0.000000
vt 0.160000 -0.392699 0.000000
vt 0.500000 -0.392699 0.000000
vt 0.160000 -0.366519 0.000000
vt 0.500000 -0.366519 0.000000
vt 0.160000 -0.340339 0.000000
vt 0.500000 -0.340339 0.000000
vt 0.160000 -0.314159 0.000000
vt 0.500000 -0.314159 0.000000
vt 0.160000 -0.287979 0.000000
vt 0.500000 -0.287979 0.000000
vt 0.160000 -0.261799 0.000000
vt 0.500000 -0.261799 0.000000
vt 0.160000 -0.235619 0.000000
vt 0.500000 -0.235619 0.000000
vt 0.160000 -0.209440 0.000000
vt 0.500000 -0.209440 0.000000
vt 0.160000 -0.183260 0.000000
vt 0.500000 -0.183260 0.000000
vt 0.160000 -0.157080 0.000000
vt 0.500000 -0.157080 0.000000
vt 0.160000 -0.130900 0.000000
vt 0.500000 -0.130900 0.000000
vt 0.160000 -0.104720 0.000000
vt 0.500000 -0.104720 0.000000
vt 0.160000 -0.078540 0.000000
vt 0.500000 -0.078540 0.000000
vt 0.160000 -0.052360 0.000000
vt 0.500000 -0.052360 0.000000
vt 0.160000 -0.026180 0.000000
vt 0.500000 -0.026180 0.000000
vt 0.160000 0.000000 0.000000
vt 0.500000 0.000000 0.000000
vt 0.160000 0.026180 0.000000
vt 0.500000 0.026180 0.000000
vt 0.160000 0.052360 0.000000
vt 0.500000 0.052360 0.000000
vt 0.160000 0.078540 0.000000
vt 0.500000 0.078540 0.000000
vt 0.160000 0.104720 0.000000
vt 0.500000 0.104720 0.000000
vt 0.160000 0.130900 0.000000
vt 0.500000 0.130900 0.000000
vt 0.160000 0.157080 0.000000
vt 0.500000 0.157080 0.000000
vt 0.160000 0.183260 0.000000
vt 0.500000 0.183260 0.000000
vt 0.160000 0.209440 0.000000
vt 0.500000 0.209440 0.000000
vt 0.160000 0.235619 0.000000
vt 0.500000 0.235619 0.000000
vt 0.160000 0.261799 0.000000
vt 0.500000 0.261799 0.000000
vt 0.160000 0.287979 0.000000
vt 0.500000 0.287979 0.000000
vt 0.160000 0.314159 0.000000
vt 0.500000 0.314159 0.000000
vt 0.160000 0.340339 0.000000
vt 0.500000 0.340339 0.000000
vt 0.160000 0.366519 0.000000
vt 0.500000 0.366519 0.000000
vt 0.160000 0.392699 0.000000
vt 0.500000 0.392699 0.000000
vt 0.160000 0.418879 0.000000
vt 0.500000 0.418879 0.000000
vt -0.147721 -0.026047 0.000000
vt 0.147721 -0.026047 0.000000
vt -0.150000 0.000000 0.000000
vt 0.150000 0.000000 0.000000
vt -0.147721 0.026047 0.000000
vt 0.147721 0.026047 0.000000
vt -0.140954 0.051303 0.000000
vt 0.140954 0.051303 0.000000
vt -0.129904 0.075000 0.000000
vt 0.129904 0.075000 0.000000
vt -0.114907 0.096418 0.000000
vt 0.114907 0.096418 0.000000
vt -0.096418 0.114907 0.000000
vt 0.096418 0.114907 0.000000
vt -0.075000 0.129904 0.000000
vt 0.075000 0.129904 0.000000
vt -0.051303 0.140954 0.000000
vt 0.051303 0.140954 0.000000
vt -0.026047 0.147721 0.000000
vt 0.026047 0.147721 0.000000
vt 0.000000 0.150000 0.000000
vt 0.140954 -0.051303 0.000000
vt -0.140954 -0.051303 0.000000
vt 0.129904 -0.075000 0.000000
vt -0.129904 -0.075000 0.000000
vt 0.114907 -0.096418 0.000000
vt -0.114907 -0.096418 0.000000
vt 0.096418 -0.114907 0.000000
vt -0.096418 -0.114907 0.000000
vt 0.075000 -0.129904 0.000000
vt -0.075000 -0.129904 0.000000
vt 0.051303 -0.140954 0.000000
vt -0.051303 -0.140954 0.000000
vt 0.026047 -0.147721 0.000000
vt -0.026047 -0.147721 0.000000
vt -0.000000 -0.150000 0.000000
vt 0.160000 -0.667588 0.000000
vt -0.000000 -0.667588 0.000000
vt 0.160000 -0.706858 0.000000
vt -0.000000 -0.706858 0.000000
vt 0.160000 0.706858 0.000000
vt -0.000000 0.706858 0.000000
vt 0.160000 0.667588 0.000000
vt -0.000000 0.667588 0.000000
vt 0.160000 0.628319 0.000000
vt -0.000000 0.628319 0.000000
vt 0.160000 0.589049 0.000000
vt -0.000000 0.589049 0.000000
vt 0.160000 0.549779 0.000000
vt -0.000000 0.549779 0.000000
vt 0.160000 0.510509 0.000000
vt -0.000000 0.510509 0.000000
vt 0.160000 0.471239 0.000000
vt -0.000000 0.471239 0.000000
vt 0.160000 0.431969 0.000000
vt -0.000000 0.431969 0.000000
vt 0.160000 0.392699 0.000000
vt -0.000000 0.392699 0.000000
vt 0.160000 0.353429 0.000000
vt -0.000000 0.353429 0.000000
vt 0.160000 0.314159 0.000000
vt -0.000000 0.314159 0.000000
vt 0.160000 0.274889 0.000000
vt -0.000000 0.274889 0.000000
vt 0.160000 0.235619 0.000000
vt -0.000000 0.235619 0.000000
vt 0.160000 0.196350 0.000000
vt -0.000000 0.196350 0.000000
vt 0.160000 0.157080 0.000000
vt -0.000000 0.157080 0.000000
vt 0.160000 0.117810 0.000000
vt -0.000000 0.117810 0.000000
vt 0.160000 0.078540 0.000000
vt -0.000000 0.078540 0.000000
vt 0.160000 0.039270 0.000000
vt -0.000000 0.039270 0.000000
vt 0.160000 0.000000 0.000000
vt -0.000000 0.000000 0.000000
vt 0.160000 -0.039270 0.000000
vt 0.000000 -0.039270 0.000000
vt 0.160000 -0.078540 0.000000
vt 0.000000 -0.078540 0.000000
vt 0.160000 -0.117810 0.000000
vt -0.000000 -0.117810 0.000000
vt 0.160000 -0.157080 0.000000
vt 0.000000 -0.157080 0.000000
vt 0.160000 -0.196350 0.000000
vt 0.000000 -0.196350 0.000000
vt 0.160000 -0.235619 0.000000
vt 0.000000 -0.235619 0.000000
vt 0.160000 -0.274889 0.000000
vt 0.000000 -0.274889 0.000000
vt 0.160000 -0.314159 0.000000
vt 0.000000 -0.314159 0.000000
vt 0.160000 -0.353429 0.000000
vt -0.000000 -0.353429 0.000000
vt 0.160000 -0.392699 0.000000
vt -0.000000 -0.392699 0.000000
vt 0.160000 -0.431969 0.000000
vt -0.000000 -0.431969 0.000000
vt 0.160000 -0.471239 0.000000
vt -0.000000 -0.471239 0.000000
vt 0.160000 -0.510509 0.000000
vt -0.000000 -0.510509 0.000000
vt 0.160000 -0.549779 0.000000
vt -0.000000 -0.549779 0.000000
vt 0.160000 -0.589049 0.000000
vt -0.000000 -0.589049 0.000000
vt 0.160000 -0.628319 0.000000
vt -0.000000 -0.628319 0.000000
vt 0.160000 -0.667588 0.000000
vt -0.000000 -0.667588 0.000000
vt 0.160000 -0.706858 0.000000
vt -0.000000 -0.706858 0.000000
vt 0.160000 0.706858 0.000000
vt -0.000000 0.706858 0.000000
vt 0.160000 0.667588 0.000000
vt -0.000000 0.667588 0.000000
vt 0.160000 0.628319 0.000000
vt -0.000000 0.628319 0.000000
vt 0.160000 0.589049 0.000000
vt -0.000000 0.589049 0.000000
vt 0.160000 0.549779 0.000000
vt -0.000000 0.549779 0.000000
vt 0.160000 0.510509 0.000000
vt -0.000000 0.510509 0.000000
vt 0.160000 0.471239 0.000000
vt -0.000000 0.471239 0.000000
vt 0.160000 0.431969 0.000000
vt -0.000000 0.431969 0.000000
vt 0.160000 0.392699 0.000000
vt -0.000000 0.392699 0.000000
vt 0.160000 0.353429 0.000000
vt -0.000000 0.353429 0.000000
vt 0.160000 0.314159 0.000000
vt -0.000000 0.314159 0.000000
vt 0.160000 0.274889 0.000000
vt -0.000000 0.274889 0.000000
vt 0.160000 0.235619 0.000000
vt -0.000000 0.235619 0.000000
vt 0.160000 0.196350 0.000000
vt -0.000000 0.196350 0.000000
vt 0.160000 0.157080 0.000000
vt -0.000000 0.157080 0.000000
vt 0.160000 0.117810 0.000000
vt -0.000000 0.117810 0.000000
vt 0.160000 0.078540 0.000000
vt -0.000000 0.078540 0.000000
vt 0.160000 0.039270 0.000000
vt -0.000000 0.039270 0.000000
vt 0.160000 0.000000 0.000000
vt -0.000000 0.000000 0.000000
vt 0.160000 -0.039270 0.000000
vt 0.000000 -0.039270 0.000000
vt 0.160000 -0.078540 0.000000
vt 0.000000 -0.078540 0.000000
vt 0.160000 -0.117810 0.000000
vt -0.000000 -0.117810 0.000000
vt 0.160000 -0.157080 0.000000
vt -0.000000 -0.157080 0.000000
vt 0.160000 -0.196350 0.000000
vt 0.000000 -0.196350 0.000000
vt 0.160000 -0.235619 0.000000
vt -0.000000 -0.235619 0.000000
vt 0.160000 -0.274889 0.000000
vt 0.000000 -0.274889 0.000000
vt 0.160000 -0.314159 0.000000
vt 0.000000 -0.314159 0.000000
vt 0.160000 -0.353429 0.000000
vt -0.000000 -0.353429 0.000000
vt 0.160000 -0.392699 0.000000
vt -0.000000 -0.392699 0.000000
vt 0.160000 -0.431969 0.000000
vt -0.000000 -0.431969 0.000000
vt 0.160000 -0.471239 0.000000
vt -0.000000 -0.471239 0.000000
vt 0.160000 -0.510509 0.000000
vt -0.000000 -0.510509 0.000000
vt 0.160000 -0.549779 0.000000
vt -0.000000 -0.549779 0.000000
vt 0.160000 -0.589049 0.000000
vt -0.000000 -0.589049 0.000000
vt 0.160000 -0.628319 0.000000
vt -0.000000 -0.628319 0.000000
vt -0.800000 -0.400000 0.000000
vt -0.000000 -0.400000 0.000000
vt -0.800000 0.200000 0.000000
vt -0.000000 0.200000 0.000000
vt -0.160000 -0.445059 0.000000
vt -0.500000 -0.445059 0.000000
vt -0.160000 -0.471239 0.000000
vt -0.500000 -0.471239 0.000000
vt -0.160000 0.471239 0.000000
vt -0.500000 0.471239 0.000000
vt -0.160000 0.445059 0.000000
vt -0.500000 0.445059 0.000000
vt -0.160000 0.418879 0.000000
vt -0.500000 0.418879 0.000000
vt -0.160000 0.392699 0.000000
vt -0.500000 0.392699 0.000000
vt -0.160000 0.366519 0.000000
vt -0.500000 0.366519 0.000000
vt -0.160000 0.340339 0.000000
vt -0.500000 0.340339 0.000000
vt -0.160000 0.314159 0.000000
vt -0.500000 0.314159 0.000000
vt -0.160000 0.287979 0.000000
vt -0.500000 0.287979 0.000000
vt -0.160000 0.261799 0.000000
vt -0.500000 0.261799 0.000000
vt -0.160000 0.235619 0.000000
vt -0.500000 0.235619 0.000000
vt -0.160000 0.209440 0.000000
vt -0.500000 0.209440 0.000000
vt -0.160000 0.183260 0.000000
vt -0.500000 0.183260 0.000000
vt -0.160000 0.157080 0.000000
vt -0.500000 0.157080 0.000000
vt -0.160000 0.130900 0.000000
vt -0.500000 0.130900 0.000000
vt -0.160000 0.104720 0.000000
vt -0.500000 0.104720 0.000000
vt -0.160000 0.078540 0.000000
vt -0.500000 0.078540 0.000000
vt -0.160000 0.052360 0.000000
vt -0.500000 0.052360 0.000000
vt -0.160000 0.026180 0.000000
vt -0.500000 0.026180 0.000000
vt -0.160000 0.000000 0.000000
vt -0.500000 0.000000 0.000000
vt -0.160000 -0.026180 0.000000
vt -0.500000 -0.026180 0.000000
vt -0.160000 -0.052360 0.000000
vt -0.500000 -0.052360 0.000000
vt -0.160000 -0.078540 0.000000
vt -0.500000 -0.078540 0.000000
vt -0.160000 -0.104720 0.000000
vt -0.500000 -0.104720 0.000000
vt -0.160000 -0.130900 0.000000
vt -0.500000 -0.130900 0.000000
vt -0.160000 -0.157080 0.000000
vt -0.500000 -0.157080 0.000000
vt -0.160000 -0.183260 0.000000
vt -0.500000 -0.183260 0.000000
vt -0.160000 -0.209440 0.000000
vt -0.500000 -0.209440 0.000000
vt -0.160000 -0.235619 0.000000
vt -0.500000 -0.235619 0.000000
vt -0.160000 -0.261799 0.000000
vt -0.500000 -0.261799 0.000000
vt -0.160000 -0.287979 0.000000
vt -0.500000 -0.287979 0.000000
vt -0.160000 -0.314159 0.000000
vt -0.500000 -0.314159 0.000000
vt -0.160000 -0.340339 0.000000
vt -0.500000 -0.340339 0.000000
vt -0.160000 -0.366519 0.000000
vt -0.500000 -0.366519 0.000000
vt -0.160000 -0.392699 0.000000
vt -0.500000 -0.392699 0.000000
vt -0.160000 -0.418879 0.000000
vt -0.500000 -0.418879 0.000000
vt 0.147721 0.026047 0.000000
vt -0.147721 0.026047 0.000000
vt 0.150000 0.000000 0.000000
vt -0.150000 0.000000 0.000000
vt 0.147721 -0.026047 0.000000
vt -0.147721 -0.026047 0.000000
vt 0.140954 -0.051303 0.000000
vt -0.140954 -0.051303 0.000000
vt 0.129904 -0.075000 0.000000
vt -0.129904 -0.075000 0.000000
vt 0.114907 -0.096418 0.000000
vt -0.114907 -0.096418 0.000000
vt 0.096418 -0.114907 0.000000
vt -0.096418 -0.114907 0.000000
vt 0.075000 -0.129904 0.000000
vt -0.075000 -0.129904 0.000000
vt 0.051303 -0.140954 0.000000
vt -0.051303 -0.140954 0.000000
vt 0.026047 -0.147721 0.000000
vt -0.026047 -0.147721 0.000000
vt -0.000000 -0.150000 0.000000
vt -0.140954 0.051303 0.000000
vt 0.140954 0.051303 0.000000
vt -0.129904 0.075000 0.000000
vt 0.129904 0.075000 0.000000
vt -0.114907 0.096418 0.000000
vt 0.114907 0.096418 0.000000
vt -0.096418 0.114907 0.000000
vt 0.096418 0.114907 0.000000
vt -0.075000 0.129904 0.000000
vt 0.075000 0.129904 0.000000
vt -0.051303 0.140954 0.000000
vt 0.051303 0.140954 0.000000
vt -0.026047 0.147721 0.000000
vt 0.026047 0.147721 0.000000
vt -0.000000 0.150000 0.000000
vt -0.160000 -0.445059 0.000000
vt -0.500000 -0.445059 0.000000
vt -0.160000 -0.471239 0.000000
vt -0.500000 -0.471239 0.000000
vt -0.160000 0.471239 0.000000
vt -0.500000 0.471239 0.000000
vt -0.160000 0.445059 0.000000
vt -0.500000 0.445059 0.000000
vt -0.160000 0.418879 0.000000
vt -0.500000 0.418879 0.000000
vt -0.160000 0.392699 0.000000
vt -0.500000 0.392699 0.000000
vt -0.160000 0.366519 0.000000
vt -0.500000 0.366519 0.000000
vt -0.160000 0.340339 0.000000
vt -0.500000 0.340339 0.000000
vt -0.160000 0.314159 0.000000
vt -0.500000 0.314159 0.000000
vt -0.160000 0.287979 0.000000
vt -0.500000 0.287979 0.000000
vt -0.160000 0.261799 0.000000
vt -0.500000 0.261799 0.000000
vt -0.160000 0.235619 0.000000
vt -0.500000 0.235619 0.000000
vt -0.160000 0.209440 0.000000
vt -0.500000 0.209440 0.000000
vt -0.160000 0.183260 0.000000
vt -0.500000 0.183260 0.000000
vt -0.160000 0.157080 0.000000
vt -0.500000 0.157080 0.000000
vt -0.160000 0.130900 0.000000
vt -0.500000 0.130900 0.000000
vt -0.160000 0.104720 0.000000
vt -0.500000 0.104720 0.000000
vt -0.160000 0.078540 0.000000
vt -0.500000 0.078540 0.000000
vt -0.160000 0.052360 0.000000
vt -0.500000 0.052360 0.000000
vt -0.160000 0.026180 0.000000
vt -0.500000 0.026180 0.000000
vt -0.160000 0.000000 0.000000
vt -0.500000 0.000000 0.000000
vt -0.160000 -0.026180 0.000000
vt -0.500000 -0.026180 0.000000
vt -0.160000 -0.052360 0.000000
vt -0.500000 -0.052360 0.000000
vt -0.160000 -0.078540 0.000000
vt -0.500000 -0.078540 0.000000
vt -0.160000 -0.104720 0.000000
vt -0.500000 -0.104720 0.000000
vt -0.160000 -0.130900 0.000000
vt -0.500000 -0.130900 0.000000
vt -0.160000 -0.157080 0.000000
vt -0.500000 -0.157080 0.000000
vt -0.160000 -0.183260 0.000000
vt -0.500000 -0.183260 0.000000
vt -0.160000 -0.209440 0.000000
vt -0.500000 -0.209440 0.000000
vt -0.160000 -0.235619 0.000000
vt -0.500000 -0.235619 0.000000
vt -0.160000 -0.261799 0.000000
vt -0.500000 -0.261799 0.000000
vt -0.160000 -0.287979 0.000000
vt -0.500000 -0.287979 0.000000
vt -0.160000 -0.314159 0.000000
vt -0.500000 -0.314159 0.000000
vt -0.160000 -0.340339 0.000000
vt -0.500000 -0.340339 0.000000
vt -0.160000 -0.366519 0.000000
vt -0.500000 -0.366519 0.000000
vt -0.160000 -0.392699 0.000000
vt -0.500000 -0.392699 0.000000
vt -0.160000 -0.418879 0.000000
vt -0.500000 -0.418879 0.000000
vt 0.147721 0.026047 0.000000
vt -0.147721 0.026047 0.000000
vt 0.150000 0.000000 0.000000
vt -0.150000 0.000000 0.000000
vt 0.147721 -0.026047 0.000000
vt -0.147721 -0.026047 0.000000
vt 0.140954 -0.051303 0.000000
vt -0.140954 -0.051303 0.000000
vt 0.129904 -0.075000 0.000000
vt -0.129904 -0.075000 0.000000
vt 0.114907 -0.096418 0.000000
vt -0.114907 -0.096418 0.000000
vt 0.096418 -0.114907 0.000000
vt -0.096418 -0.114907 0.000000
vt 0.075000 -0.129904 0.000000
vt -0.075000 -0.129904 0.000000
vt 0.051303 -0.140954 0.000000
vt -0.051303 -0.140954 0.000000
vt 0.026047 -0.147721 0.000000
vt -0.026047 -0.147721 0.000000
vt -0.000000 -0.150000 0.000000
vt -0.140954 0.051303 0.000000
vt 0.140954 0.051303 0.000000
vt -0.129904 0.075000 0.000000
vt 0.129904 0.075000 0.000000
vt -0.114907 0.096418 0.000000
vt 0.114907 0.096418 0.000000
vt -0.096418 0.114907 0.000000
vt 0.096418 0.114907 0.000000
vt -0.075000 0.129904 0.000000
vt 0.075000 0.129904 0.000000
vt -0.051303 0.140954 0.000000
vt 0.051303 0.140954 0.000000
vt -0.026047 0.147721 0.000000
vt 0.026047 0.147721 0.000000
vt -0.000000 0.150000 0.000000
vt -0.160000 0.667588 0.000000
vt -0.000000 0.667588 0.000000
vt -0.160000 0.706858 0.000000
vt -0.000000 0.706858 0.000000
vt -0.160000 -0.706858 0.000000
vt -0.000000 -0.706858 0.000000
vt -0.160000 -0.667588 0.000000
vt -0.000000 -0.667588 0.000000
vt -0.160000 -0.628319 0.000000
vt -0.000000 -0.628319 0.000000
vt -0.160000 -0.589049 0.000000
vt -0.000000 -0.589049 0.000000
vt -0.160000 -0.549779 0.000000
vt -0.000000 -0.549779 0.000000
vt -0.160000 -0.510509 0.000000
vt -0.000000 -0.510509 0.000000
vt -0.160000 -0.471239 0.000000
vt -0.000000 -0.471239 0.000000
vt -0.160000 -0.431969 0.000000
vt -0.000000 -0.431969 0.000000
vt -0.160000 -0.392699 0.000000
vt -0.000000 -0.392699 0.000000
vt -0.160000 -0.353429 0.000000
vt -0.000000 -0.353429 0.000000
vt -0.160000 -0.314159 0.000000
vt -0.000000 -0.314159 0.000000
vt -0.160000 -0.274889 0.000000
vt -0.000000 -0.274889 0.000000
vt -0.160000 -0.235619 0.000000
vt -0.000000 -0.235619 0.000000
vt -0.160000 -0.196350 0.000000
vt -0.000000 -0.196350 0.000000
vt -0.160000 -0.157080 0.000000
vt -0.000000 -0.157080 0.000000
vt -0.160000 -0.117810 0.000000
vt -0.000000 -0.117810 0.000000
vt -0.160000 -0.078540 0.000000
vt -0.000000 -0.078540 0.000000
vt -0.160000 -0.039270 0.000000
vt -0.000000 -0.039270 0.000000
vt -0.160000 0.000000 0.000000
vt -0.000000 0.000000 0.000000
vt -0.160000 0.039270 0.000000
vt -0.000000 0.039270 0.000000
vt -0.160000 0.078540 0.000000
vt -0.000000 0.078540 0.000000
vt -0.160000 0.117810 0.000000
vt -0.000000 0.117810 0.000000
vt -0.160000 0.157080 0.000000
vt -0.000000 0.157080 0.000000
vt -0.160000 0.196350 0.000000
vt -0.000000 0.196350 0.000000
vt -0.160000 0.235619 0.000000
vt -0.000000 0.235619 0.000000
vt -0.160000 0.274889 0.000000
vt -0.000000 0.274889 0.000000
vt -0.160000 0.314159 0.000000
vt -0.000000 0.314159 0.000000
vt -0.160000 0.353429 0.000000
vt -0.000000 0.353429 0.000000
vt -0.160000 0.392699 0.000000
vt -0.000000 0.392699 0.000000
vt -0.160000 0.431969 0.000000
vt -0.000000 0.431969 0.000000
vt -0.160000 0.471239 0.000000
vt -0.000000 0.471239 0.000000
vt -0.160000 0.510509 0.000000
vt -0.000000 0.510509 0.000000
vt -0.160000 0.549779 0.000000
vt -0.000000 0.549779 0.000000
vt -0.160000 0.589049 0.000000
vt -0.000000 0.589049 0.000000
vt -0.160000 0.628319 0.000000
vt -0.000000 0.628319 0.000000
vt -0.160000 0.667588 0.000000
vt -0.000000 0.667588 0.000000
vt -0.160000 0.706858 0.000000
vt -0.000000 0.706858 0.000000
vt -0.160000 -0.706858 0.000000
vt -0.000000 -0.706858 0.000000
vt -0.160000 -0.667588 0.000000
vt -0.000000 -0.667588 0.000000
vt -0.160000 -0.628319 0.000000
vt -0.000000 -0.628319 0.000000
vt -0.160000 -0.589049 0.000000
vt -0.000000 -0.589049 0.000000
vt -0.160000 -0.549779 0.000000
vt -0.000000 -0.549779 0.000000
vt -0.160000 -0.510509 0.000000
vt -0.000000 -0.510509 0.000000
vt -0.160000 -0.471239 0.000000
vt -0.000000 -0.471239 0.000000
vt -0.160000 -0.431969 0.000000
vt -0.000000 -0.431969 0.000000
vt -0.160000 -0.392699 0.000000
vt -0.000000 -0.392699 0.000000
vt -0.160000 -0.353429 0.000000
vt -0.000000 -0.353429 0.000000
vt -0.160000 -0.314159 0.000000
vt -0.000000 -0.314159 0.000000
vt -0.160000 -0.274889 0.000000
vt -0.000000 -0.274889 0.000000
vt -0.160000 -0.235619 0.000000
vt -0.000000 -0.235619 0.000000
vt -0.160000 -0.196350 0.000000
vt -0.000000 -0.196350 0.000000
vt -0.160000 -0.157080 0.000000
vt -0.000000 -0.157080 0.000000
vt -0.160000 -0.117810 0.000000
vt -0.000000 -0.117810 0.000000
vt -0.160000 -0.078540 0.000000
vt -0.000000 -0.078540 0.000000
vt -0.160000 -0.039270 0.000000
vt -0.000000 -0.039270 0.000000
vt -0.160000 0.000000 0.000000
vt -0.000000 0.000000 0.000000
vt -0.160000 0.039270 0.000000
vt -0.000000 0.039270 0.000000
vt -0.160000 0.078540 0.000000
vt -0.000000 0.078540 0.000000
vt -0.160000 0.117810 0.000000
vt -0.000000 0.117810 0.000000
vt -0.160000 0.157080 0.000000
vt -0.000000 0.157080 0.000000
vt -0.160000 0.196350 0.000000
vt -0.000000 0.196350 0.000000
vt -0.160000 0.235619 0.000000
vt -0.000000 0.235619 0.000000
vt -0.160000 0.274889 0.000000
vt -0.000000 0.274889 0.000000
vt -0.160000 0.314159 0.000000
vt -0.000000 0.314159 0.000000
vt -0.160000 0.353429 0.000000
vt -0.000000 0.353429 0.000000
vt -0.160000 0.392699 0.000000
vt -0.000000 0.392699 0.000000
vt -0.160000 0.431969 0.000000
vt -0.000000 0.431969 0.000000
vt -0.160000 0.471239 0.000000
vt -0.000000 0.471239 0.000000
vt -0.160000 0.510509 0.000000
vt -0.000000 0.510509 0.000000
vt -0.160000 0.549779 0.000000
vt -0.000000 0.549779 0.000000
vt -0.160000 0.589049 0.000000
vt -0.000000 0.589049 0.000000
vt -0.160000 0.628319 0.000000
vt -0.000000 0.628319 0.000000
vt 0.420000 0.000000 0.000000
vt 0.420000 0.380000 0.000000
vt 0.050000 0.000000 0.000000
vt 0.000000 0.380000 0.000000
vt 0.000000 -0.050000 0.000000
vt 0.800000 0.200000 0.000000
vt 0.000000 0.200000 0.000000
vt 0.800000 -0.400000 0.000000
vt 0.000000 -0.400000 0.000000
vn 0.000000 0.000000 0.100000
vn 0.000000 0.000000 0.100000
vn 0.000000 0.000000 0.100000
vn 0.000000 0.000000 0.100000
vn 0.000000 0.000000 0.100000
vn 0.000000 0.000000 0.100000
vn 0.000000 0.000000 0.100000
vn 0.000000 0.000000 0.100000
vn 0.000000 0.000000 0.100000
vn 0.000000 0.000000 0.100000
vn 0.000000 0.000000 0.100000
vn 0.000000 0.000000 0.100000
vn 0.000000 0.000000 0.100000
vn 0.000000 0.000000 0.100000
vn 0.000000 0.000000 0.100000
vn 0.000000 0.000000 0.100000
vn 0.000000 0.000000 0.100000
vn 0.000000 0.000000 0.100000
vn 0.000000 0.000000 0.100000
vn 0.000000 0.000000 0.100000
vn 0.000000 0.000000 0.100000
vn 0.000000 0.000000 0.100000
vn 0.000000 0.000000 0.100000
vn 0.000000 0.000000 0.100000
vn 0.000000 0.000000 0.100000
vn 0.000000 0.000000 0.100000
vn 0.000000 0.000000 0.100000
vn 0.000000 0.000000 0.100000
vn 0.000000 0.000000 0.100000
vn 0.000000 0.000000 0.100000
vn 0.000000 0.000000 0.100000
vn 0.000000 0.000000 0.100000
vn 0.000000 0.000000 0.100000
vn 0.000000 0.000000 0.100000
vn 0.000000 0.000000 0.100000
vn 0.000000 0.000000 0.100000
vn 0.000000 0.000000 0.100000
vn 0.000000 0.000000 0.100000
vn 0.000000 0.000000 0.100000
vn 0.000000 0.000000 0.100000
vn 0.000000 0.000000 0.100000
vn 0.000000 0.000000 0.100000
vn 0.000000 0.000000 0.100000
vn 0.000000 0.000000 0.100000
vn 0.000000 0.000000 0.100000
vn 0.000000 0.000000 0.100000
vn 0.000000 0.000000 0.100000
vn 0.000000 0.000000 0.100000
vn 0.000000 0.000000 0.100000
vn 0.000000 0.000000 0.100000
vn 0.000000 0.000000 0.100000
vn 0.000000 0.000000 0.100000
vn 0.000000 0.000000 0.100000
vn 0.000000 0.000000 0.100000
vn 0.000000 0.000000 0.100000
vn 0.000000 0.000000 0.100000
vn 0.000000 0.000000 0.100000
vn 0.000000 0.000000 0.100000
vn 0.000000 0.000000 0.100000
vn 0.000000 0.000000 0.100000
vn 0.000000 0.000000 0.100000
vn 0.000000 0.000000 0.100000
vn 0.000000 0.000000 0.100000
vn 0.000000 0.000000 0.100000
vn 0.000000 0.000000 0.100000
vn 0.000000 0.000000 0.100000
vn 0.000000 0.000000 0.100000
vn 0.000000 0.000000 0.100000
vn 0.000000 0.000000 0.100000
vn 0.000000 0.000000 0.100000
vn 0.000000 0.000000 0.100000
vn 0.000000 0.000000 0.100000
vn 0.000000 0.000000 0.100000
vn 0.000000 0.000000 0.100000
vn 0.000000 0.000000 0.100000
vn 0.000000 0.000000 0.100000
vn 0.000000 0.000000 0.100000
vn 0.000000 0.000000 0.100000
vn 0.000000 0.000000 0.100000
vn 0.000000 0.000000 0.100000
vn 0.000000 0.000000 0.100000
vn 0.000000 0.000000 0.100000
vn 0.000000 0.000000 0.100000
vn 0.000000 0.000000 0.100000
vn 0.000000 0.000000 0.100000
vn 0.000000 0.000000 0.100000
vn 0.000000 0.000000 0.100000
vn 0.000000 0.000000 0.100000
vn 0.000000 0.000000 0.100000
vn 0.000000 0.000000 0.100000
vn 0.000000 0.000000 0.100000
vn 0.000000 0.000000 0.100000
vn 0.000000 0.000000 0.100000
vn 0.000000 0.000000 0.100000
vn 0.000000 0.000000 0.100000
vn 0.000000 0.000000 0.100000
vn 0.000000 0.000000 0.100000
vn 0.000000 0.000000 0.100000
vn 0.000000 0.000000 0.100000
vn 0.000000 0.000000 0.100000
vn 0.000000 0.000000 0.100000
vn 0.000000 0.000000 0.100000
vn 0.000000 0.000000 0.100000
vn 0.000000 0.000000 0.100000
vn 0.000000 0.000000 0.100000
vn 0.000000 0.000000 0.100000
vn 0.000000 0.000000 0.100000
vn 0.000000 0.000000 0.100000
vn 0.000000 0.000000 0.100000
vn 0.000000 0.000000 0.100000
vn 0.000000 0.000000 0.100000
vn 0.000000 0.000000 0.100000
vn 0.000000 0.000000 0.100000
vn 0.000000 0.000000 0.100000
vn 0.000000 0.000000 0.100000
vn 0.000000 0.000000 0.100000
vn 0.000000 0.000000 0.100000
vn 0.000000 0.000000 0.100000
vn 0.000000 0.000000 0.100000
vn 0.000000 0.000000 0.100000
vn 0.000000 0.000000 0.100000
vn 0.000000 0.000000 0.100000
vn 0.000000 0.000000 0.100000
vn 0.000000 0.000000 0.100000
vn 0.000000 0.000000 0.100000
vn 0.000000 0.000000 0.100000
vn 0.000000 0.000000 0.100000
vn 0.000000 0.000000 0.100000
vn 0.000000 0.000000 0.100000
vn 0.000000 0.000000 0.100000
vn 0.000000 0.000000 0.100000
vn 0.000000 0.000000 0.100000
vn 0.000000 0.000000 0.100000
vn 0.000000 0.000000 0.100000
vn 0.000000 0.000000 0.100000
vn 0.000000 0.000000 0.100000
vn 0.000000 0.000000 0.100000
vn 0.000000 0.000000 0.100000
vn 0.000000 0.000000 0.100000
vn 0.000000 0.000000 0.100000
vn 0.000000 0.000000 0.100000
vn 0.000000 0.000000 0.100000
vn 0.000000 0.000000 0.100000
vn 0.000000 0.000000 0.100000
vn 0.000000 0.000000 0.100000
vn 0.000000 0.000000 0.100000
vn 0.000000 0.000000 0.100000
vn 0.000000 0.000000 0.100000
vn 0.000000 0.000000 0.100000
vn 0.000000 0.000000 0.100000
vn 0.000000 0.000000 0.100000
vn 0.000000 0.000000 0.100000
vn 0.000000 0.000000 0.100000
vn 0.000000 0.000000 0.100000
vn 0.000000 0.000000 0.100000
vn 0.000000 0.000000 0.100000
vn 0.000000 0.000000 0.100000
vn 0.000000 0.000000 0.100000
vn 0.000000 0.000000 0.100000
vn 0.000000 0.000000 0.100000
vn 0.000000 0.000000 0.100000
vn 0.000000 0.000000 0.100000
vn 0.000000 0.000000 0.100000
vn 0.000000 0.000000 0.100000
vn 0.000000 0.000000 0.100000
vn 0.000000 0.000000 0.100000
vn 0.000000 0.000000 0.100000
vn 0.000000 0.000000 0.100000
vn 0.000000 0.000000 0.100000
vn 0.000000 0.000000 0.100000
vn 0.000000 0.000000 0.100000
vn 0.000000 0.000000 0.100000
vn 0.000000 0.000000 0.100000
vn 0.000000 0.000000 0.100000
vn 0.000000 0.000000 0.100000
vn 0.000000 0.000000 0.100000
vn 0.000000 0.000000 0.100000
vn 0.000000 0.000000 0.100000
vn 0.000000 0.000000 0.100000
vn 0.000000 0.000000 0.100000
vn 0.000000 0.000000 0.100000
vn 0.000000 0.000000 0.100000
vn 0.000000 0.000000 0.100000
vn 0.000000 0.000000 0.100000
vn 0.000000 0.000000 0.100000
vn 0.000000 0.000000 0.100000
vn 0.000000 0.000000 0.100000
vn 0.000000 0.000000 0.100000
vn 0.000000 0.000000 0.100000
vn 0.000000 0.000000 0.100000
vn 0.000000 0.000000 0.100000
vn 0.000000 0.000000 0.100000
vn 0.000000 0.000000 0.100000
vn 0.000000 0.000000 0.100000
vn 0.000000 0.000000 0.100000
vn 0.000000 0.000000 0.100000
vn 0.000000 0.000000 0.100000
vn 0.000000 0.000000 0.100000
vn 0.000000 0.000000 0.100000
vn 0.000000 0.000000 0.100000
vn 0.000000 0.000000 0.100000
vn 0.000000 0.000000 0.100000
vn 0.000000 0.000000 0.100000
vn 0.000000 0.000000 0.100000
vn 0.000000 0.000000 0.100000
vn 0.000000 0.000000 0.100000
vn 0.000000 0.000000 0.100000
vn 0.000000 0.000000 0.100000
vn 0.000000 0.000000 0.100000
vn 0.000000 0.000000 0.100000
vn 0.000000 0.000000 0.100000
vn 0.000000 0.000000 0.100000
vn 0.000000 0.000000 0.100000
vn 0.000000 0.000000 0.100000
vn 0.000000 0.000000 0.100000
vn 0.000000 0.000000 0.100000
vn 0.000000 0.000000 0.100000
vn 0.000000 0.000000 0.100000
vn 0.000000 0.000000 0.100000
vn 0.000000 0.000000 0.100000
vn 0.000000 0.000000 0.100000
vn 0.000000 0.000000 0.100000
vn 0.000000 0.000000 0.100000
vn 0.000000 0.000000 0.100000
vn 0.000000 0.000000 0.100000
vn 0.000000 0.000000 0.100000
vn 0.000000 0.000000 0.100000
vn 0.000000 0.000000 0.100000
vn 0.000000 0.000000 0.100000
vn 0.000000 0.000000 0.100000
vn 0.000000 0.000000 0.100000
vn 0.000000 0.000000 0.100000
vn 0.000000 0.000000 0.100000
vn 0.000000 0.000000 0.100000
vn 0.000000 0.000000 0.100000
vn 0.000000 0.000000 0.100000
vn 0.000000 0.000000 0.100000
vn 0.000000 0.000000 0.100000
vn 0.000000 0.000000 0.100000
vn 0.000000 0.000000 0.100000
vn 0.000000 0.000000 0.100000
vn 0.000000 0.000000 0.100000
vn 0.000000 0.000000 0.100000
vn 0.000000 0.000000 0.100000
vn 0.000000 0.000000 0.100000
vn 0.000000 0.000000 0.100000
vn 0.000000 0.000000 0.100000
vn 0.000000 0.000000 0.100000
vn 0.000000 0.000000 0.100000
vn 0.000000 0.000000 0.100000
vn 0.000000 0.000000 0.100000
vn 0.000000 0.000000 0.100000
vn 0.000000 0.000000 0.100000
vn 0.000000 0.000000 0.100000
vn 0.000000 0.000000 0.100000
vn 0.000000 0.000000 0.100000
vn 0.000000 0.000000 0.100000
vn 0.000000 0.000000 0.100000
vn 0.000000 0.000000 0.100000
vn 0.000000 0.000000 0.100000
vn 0.000000 0.000000 0.100000
vn 0.000000 0.000000 0.100000
vn 0.000000 0.000000 0.100000
vn 0.000000 0.000000 0.100000
vn 0.000000 0.000000 0.100000
vn 0.000000 0.000000 0.100000
vn 0.000000 0.000000 0.100000
vn 0.000000 0.000000 0.100000
vn 0.000000 0.000000 0.100000
vn 0.000000 0.000000 0.100000
vn 0.000000 0.000000 0.100000
vn 0.000000 0.000000 0.100000
vn 0.000000 0.000000 0.100000
vn 0.000000 0.000000 0.100000
vn 0.000000 0.000000 0.100000
vn 0.000000 0.000000 0.100000
vn 0.000000 0.000000 0.100000
vn 0.000000 0.000000 0.100000
vn 0.000000 0.000000 0.100000
vn 0.000000 0.000000 0.100000
vn 0.000000 0.000000 0.100000
vn 0.000000 0.000000 0.100000
vn 0.000000 0.000000 0.100000
vn 0.000000 0.000000 0.100000
vn 0.000000 0.000000 0.100000
vn 0.000000 0.000000 0.100000
vn 0.000000 0.000000 0.100000
vn 0.000000 0.000000 0.100000
vn 0.000000 0.000000 -0.100000
vn 0.000000 0.000000 -0.100000
vn 0.000000 0.000000 -0.100000
vn 0.000000 0.000000 -0.100000
vn 0.000000 0.000000 -0.100000
vn 0.000000 0.000000 -0.100000
vn 0.000000 0.000000 -0.100000
vn 0.000000 0.000000 -0.100000
vn 0.000000 0.000000 -0.100000
vn 0.000000 0.000000 -0.100000
vn 0.000000 0.000000 -0.100000
vn 0.000000 0.000000 -0.100000
vn 0.000000 0.000000 -0.100000
vn 0.000000 0.000000 -0.100000
vn 0.000000 0.000000 -0.100000
vn 0.000000 0.000000 -0.100000
vn 0.000000 0.000000 -0.100000
vn 0.000000 0.000000 -0.100000
vn 0.000000 0.000000 -0.100000
vn 0.000000 0.000000 -0.100000
vn 0.000000 0.000000 -0.100000
vn 0.000000 0.000000 -0.100000
vn 0.000000 0.000000 -0.100000
vn 0.000000 0.000000 -0.100000
vn 0.000000 0.000000 -0.100000
vn 0.000000 0.000000 -0.100000
vn 0.000000 0.000000 -0.100000
vn 0.000000 0.000000 -0.100000
vn 0.000000 0.000000 -0.100000
vn 0.000000 0.000000 -0.100000
vn 0.000000 0.000000 -0.100000
vn 0.000000 0.000000 -0.100000
vn 0.000000 0.000000 -0.100000
vn 0.000000 0.000000 -0.100000
vn 0.000000 0.000000 -0.100000
vn 0.000000 0.000000 -0.100000
vn 0.000000 0.000000 -0.100000
vn 0.000000 0.000000 -0.100000
vn 0.000000 0.000000 -0.100000
vn 0.000000 0.000000 -0.100000
vn 0.000000 0.000000 -0.100000
vn 0.000000 0.000000 -0.100000
vn 0.000000 0.000000 -0.100000
vn 0.000000 0.000000 -0.100000
vn 0.000000 -0.100000 0.000000
vn 0.000000 -0.100000 0.000000
vn 0.000000 -0.100000 0.000000
vn 0.000000 -0.100000 0.000000
vn 0.000000 -0.100000 0.000000
vn 0.098481 -0.017365 0.000000
vn 0.100000 0.000000 0.000000
vn 0.098481 -0.017365 0.000000
vn 0.100000 0.000000 0.000000
vn 0.097891 -0.020431 0.000000
vn 0.093969 -0.034202 0.000000
vn 0.091652 -0.040000 0.000000
vn 0.086603 -0.050000 0.000000
vn 0.084915 -0.052816 0.000000
vn 0.076604 -0.064279 0.000000
vn 0.076398 -0.064524 0.000000
vn 0.066280 -0.074880 0.000000
vn 0.064279 -0.076604 0.000000
vn 0.054772 -0.083666 0.000000
vn 0.050000 -0.086603 0.000000
vn 0.042117 -0.090698 0.000000
vn 0.034202 -0.093969 0.000000
vn 0.035440 -0.093509 0.000000
vn 0.028578 -0.095830 0.000000
vn 0.017365 -0.098481 0.000000
vn 0.021566 -0.097647 0.000000
vn 0.014440 -0.098952 0.000000
vn 0.007239 -0.099738 0.000000
vn 0.000000 -0.100000 0.000000
vn 0.017365 -0.098481 0.000000
vn 0.000000 -0.100000 0.000000
vn 0.034202 -0.093969 0.000000
vn 0.050000 -0.086603 0.000000
vn 0.064279 -0.076604 0.000000
vn 0.076604 -0.064279 0.000000
vn 0.086603 -0.050000 0.000000
vn 0.093969 -0.034202 0.000000
vn 0.100000 0.000000 0.000000
vn 0.100000 0.000000 0.000000
vn 0.100000 0.000000 0.000000
vn 0.100000 0.000000 0.000000
vn 0.000000 -0.100000 0.000000
vn 0.000000 -0.100000 0.000000
vn 0.000000 -0.100000 0.000000
vn -0.007239 -0.099738 0.000000
vn 0.000000 -0.100000 0.000000
vn -0.017365 -0.098481 0.000000
vn -0.017365 -0.098481 0.000000
vn -0.034202 -0.093969 0.000000
vn -0.034202 -0.093969 0.000000
vn -0.050000 -0.086603 0.000000
vn -0.050000 -0.086603 0.000000
vn -0.064279 -0.076604 0.000000
vn -0.064279 -0.076604 0.000000
vn -0.076604 -0.064279 0.000000
vn -0.076604 -0.064279 0.000000
vn -0.086603 -0.050000 0.000000
vn -0.086603 -0.050000 0.000000
vn -0.093969 -0.034202 0.000000
vn -0.093969 -0.034202 0.000000
vn -0.098481 -0.017365 0.000000
vn -0.098481 -0.017365 0.000000
vn -0.100000 0.000000 0.000000
vn -0.100000 0.000000 0.000000
vn -0.097891 -0.020431 0.000000
vn -0.091652 -0.040000 0.000000
vn -0.084915 -0.052816 0.000000
vn -0.076398 -0.064524 0.000000
vn -0.066280 -0.074880 0.000000
vn -0.054772 -0.083666 0.000000
vn -0.042117 -0.090698 0.000000
vn -0.035440 -0.093509 0.000000
vn -0.028578 -0.095830 0.000000
vn -0.021566 -0.097647 0.000000
vn -0.014440 -0.098952 0.000000
vn -0.100000 -0.000000 0.000000
vn -0.100000 -0.000000 0.000000
vn -0.100000 -0.000000 0.000000
vn -0.100000 -0.000000 0.000000
vn -0.098481 -0.000000 0.017365
vn -0.097891 -0.000000 0.020431
vn -0.093969 -0.000000 0.034202
vn -0.091652 -0.000000 0.040000
vn -0.086603 -0.000000 0.050000
vn -0.084915 -0.000000 0.052816
vn -0.076604 -0.000000 0.064279
vn -0.076398 -0.000000 0.064524
vn -0.066280 -0.000000 0.074880
vn -0.064279 -0.000000 0.076604
vn -0.054772 -0.000000 0.083666
vn -0.050000 -0.000000 0.086603
vn -0.042117 -0.000000 0.090698
vn -0.034202 -0.000000 0.093969
vn -0.035440 -0.000000 0.093509
vn -0.028578 -0.000000 0.095830
vn -0.017365 -0.000000 0.098481
vn -0.021566 -0.000000 0.097647
vn -0.014440 -0.000000 0.098952
vn -0.007239 -0.000000 0.099738
vn 0.000000 0.000000 0.100000
vn -0.017365 -0.000000 0.098481
vn -0.000000 -0.000000 0.100000
vn -0.034202 -0.000000 0.093969
vn -0.050000 -0.000000 0.086603
vn -0.064279 -0.000000 0.076604
vn -0.076604 -0.000000 0.064279
vn -0.086603 -0.000000 0.050000
vn -0.093969 -0.000000 0.034202
vn -0.098481 -0.000000 0.017365
vn -0.098481 -0.017365 0.000000
vn -0.100000 0.000000 0.000000
vn -0.098481 -0.017365 0.000000
vn -0.100000 0.000000 0.000000
vn -0.098481 -0.017365 0.000000
vn -0.093969 -0.034202 0.000000
vn -0.093969 -0.034202 0.000000
vn -0.086603 -0.050000 0.000000
vn -0.086603 -0.050000 0.000000
vn -0.076604 -0.064279 0.000000
vn -0.076604 -0.064279 0.000000
vn -0.064279 -0.076604 0.000000
vn -0.064279 -0.076604 0.000000
vn -0.050000 -0.086603 0.000000
vn -0.050000 -0.086603 0.000000
vn -0.034202 -0.093969 0.000000
vn -0.034202 -0.093969 0.000000
vn -0.017365 -0.098481 0.000000
vn -0.017365 -0.098481 0.000000
vn -0.017365 -0.098481 0.000000
vn -0.034202 -0.093969 0.000000
vn -0.050000 -0.086603 0.000000
vn -0.064279 -0.076604 0.000000
vn -0.076604 -0.064279 0.000000
vn -0.086603 -0.050000 0.000000
vn -0.093969 -0.034202 0.000000
vn -0.000000 -0.070711 0.070711
vn -0.000000 -0.070711 0.070711
vn -0.017365 -0.069636 0.069636
vn -0.017365 -0.069636 0.069636
vn -0.034202 -0.066446 0.066446
vn -0.034202 -0.066446 0.066446
vn -0.050000 -0.061237 0.061237
vn -0.050000 -0.061237 0.061237
vn -0.064279 -0.054168 0.054168
vn -0.064279 -0.054168 0.054168
vn -0.076604 -0.045452 0.045452
vn -0.076604 -0.045452 0.045452
vn -0.086603 -0.035355 0.035355
vn -0.086603 -0.035355 0.035355
vn -0.093969 -0.024184 0.024184
vn -0.093969 -0.024184 0.024184
vn -0.098481 -0.012279 0.012279
vn -0.098481 -0.012279 0.012279
vn -0.100000 -0.000000 0.000000
vn 0.000000 0.000000 0.100000
vn 0.000000 0.000000 0.100000
vn -0.017365 0.000000 0.098481
vn -0.017365 0.000000 0.098481
vn -0.034202 0.000000 0.093969
vn -0.034202 0.000000 0.093969
vn -0.050000 0.000000 0.086603
vn -0.050000 0.000000 0.086603
vn -0.064279 0.000000 0.076604
vn -0.064279 0.000000 0.076604
vn -0.076604 0.000000 0.064279
vn -0.076604 0.000000 0.064279
vn -0.086603 0.000000 0.050000
vn -0.086603 0.000000 0.050000
vn -0.093969 0.000000 0.034202
vn -0.093969 0.000000 0.034202
vn -0.098481 0.000000 0.017365
vn -0.098481 0.000000 0.017365
vn -0.100000 0.000000 0.000000
vn 0.017365 0.098481 0.000000
vn 0.000000 0.100000 0.000000
vn 0.014010 0.098914 0.004455
vn 0.000000 0.098481 0.017365
vn 0.007120 0.097641 0.020383
vn 0.000000 0.093969 0.034202
vn 0.014553 0.089937 0.041226
vn 0.000000 0.086603 0.050000
vn 0.007423 0.082887 0.055449
vn 0.000000 0.076604 0.064279
vn 0.021878 0.077114 0.059790
vn 0.014125 0.067717 0.072215
vn 0.035566 0.069290 0.062721
vn 0.027405 0.060125 0.075059
vn 0.048243 0.059583 0.064207
vn 0.039705 0.050707 0.076500
vn 0.059583 0.048243 0.064207
vn 0.050707 0.039705 0.076500
vn 0.069290 0.035566 0.062721
vn 0.060125 0.027405 0.075059
vn 0.077114 0.021878 0.059790
vn 0.067717 0.014125 0.072215
vn 0.082887 0.007423 0.055449
vn 0.076604 0.000000 0.064279
vn 0.086603 0.000000 0.050000
vn 0.000000 0.064279 0.076604
vn 0.005944 0.056269 0.082453
vn 0.018414 0.049140 0.085124
vn 0.029965 0.040296 0.086477
vn 0.040296 0.029965 0.086477
vn 0.049140 0.018414 0.085124
vn 0.056269 0.005944 0.082453
vn 0.064279 0.000000 0.076604
vn 0.050000 0.000000 0.086603
vn 0.036667 0.008866 0.092612
vn 0.028665 0.019317 0.093836
vn 0.034202 0.000000 0.093969
vn 0.016166 0.008084 0.098353
vn 0.017365 0.000000 0.098481
vn 0.000000 0.000000 0.100000
vn 0.008084 0.016166 0.098353
vn 0.000000 0.017365 0.098481
vn 0.008866 0.036667 0.092612
vn 0.000000 0.034202 0.093969
vn 0.000000 0.050000 0.086603
vn 0.089937 0.014553 0.041226
vn 0.093969 0.000000 0.034202
vn 0.097641 0.007120 0.020383
vn 0.098481 0.000000 0.017365
vn 0.098914 0.014010 0.004455
vn 0.098481 0.017365 0.000000
vn 0.095736 0.027283 0.009503
vn 0.093969 0.034202 0.000000
vn 0.090517 0.040331 0.013417
vn 0.086603 0.050000 0.000000
vn 0.083409 0.052767 0.016081
vn 0.076604 0.064279 0.000000
vn 0.074589 0.064286 0.017431
vn 0.064279 0.076604 0.000000
vn 0.064286 0.074589 0.017431
vn 0.052767 0.083409 0.016081
vn 0.048442 0.081110 0.032779
vn 0.035183 0.088689 0.029939
vn 0.028969 0.084176 0.045554
vn 0.021241 0.094263 0.025755
vn 0.050000 0.086603 0.000000
vn 0.040331 0.090517 0.013417
vn 0.027283 0.095736 0.009503
vn 0.034202 0.093969 0.000000
vn 0.042650 0.076356 0.048484
vn 0.055321 0.066654 0.049969
vn 0.066654 0.055321 0.049969
vn 0.076356 0.042650 0.048484
vn 0.084176 0.028969 0.045554
vn 0.060723 0.071707 0.034218
vn 0.019317 0.028665 0.093836
vn 0.071707 0.060723 0.034218
vn 0.081110 0.048442 0.032779
vn 0.088689 0.035183 0.029939
vn 0.094263 0.021241 0.025755
vn 0.097891 -0.000000 0.020431
vn 0.093969 -0.000000 0.034202
vn 0.091652 -0.000000 0.040000
vn 0.086603 -0.000000 0.050000
vn 0.084915 -0.000000 0.052816
vn 0.076604 -0.000000 0.064279
vn 0.076398 -0.000000 0.064524
vn 0.066280 -0.000000 0.074880
vn 0.064279 -0.000000 0.076604
vn 0.054772 -0.000000 0.083666
vn 0.050000 -0.000000 0.086603
vn 0.042117 -0.000000 0.090698
vn 0.034202 -0.000000 0.093969
vn 0.035440 -0.000000 0.093509
vn 0.028578 -0.000000 0.095830
vn 0.017365 -0.000000 0.098481
vn 0.021566 -0.000000 0.097647
vn 0.014440 -0.000000 0.098952
vn 0.007239 -0.000000 0.099738
vn 0.098481 -0.000000 0.017365
vn 0.000000 0.000000 0.100000
vn 0.017820 0.098399 0.000000
vn 0.034202 0.093969 0.000000
vn 0.035070 0.093649 0.000000
vn 0.050000 0.086603 0.000000
vn 0.050685 0.086203 0.000000
vn 0.064279 0.076604 0.000000
vn 0.064784 0.076178 0.000000
vn 0.076604 0.064279 0.000000
vn 0.076943 0.063873 0.000000
vn 0.086603 0.050000 0.000000
vn 0.086800 0.049656 0.000000
vn 0.093969 0.034202 0.000000
vn 0.094059 0.033953 0.000000
vn 0.098498 0.017265 0.000000
vn 0.098504 0.017235 0.000000
vn 0.098493 0.017298 0.000000
vn 0.098487 0.017331 0.000000
vn 0.093969 0.034202 0.000000
vn 0.086603 0.050000 0.000000
vn 0.076604 0.064279 0.000000
vn 0.064279 0.076604 0.000000
vn 0.050000 0.086603 0.000000
vn 0.034202 0.093969 0.000000
vn 0.017365 0.098481 0.000000
vn 0.017365 0.098481 0.000000
vn -0.000000 0.100000 -0.000000
vn 0.017365 0.098481 0.000000
vn 0.034202 0.093969 0.000000
vn 0.050000 0.086603 0.000000
vn 0.064279 0.076604 0.000000
vn 0.076604 0.064279 0.000000
vn 0.086603 0.050000 0.000000
vn 0.093969 0.034202 0.000000
vn 0.000000 0.017365 0.098481
vn 0.000000 0.000000 0.100000
vn 0.000000 0.017365 0.098481
vn 0.000000 0.034202 0.093969
vn 0.000000 0.050000 0.086603
vn 0.000000 0.064279 0.076604
vn 0.000000 0.076604 0.064279
vn 0.000000 0.086603 0.050000
vn 0.000000 0.093969 0.034202
vn 0.000000 0.098481 0.017365
vn -0.000000 0.100000 -0.000000
vn 0.000000 0.098481 0.017365
vn 0.000000 0.093969 0.034202
vn 0.000000 0.086603 0.050000
vn 0.000000 0.076604 0.064279
vn 0.000000 0.064279 0.076604
vn 0.000000 0.050000 0.086603
vn 0.000000 0.034202 0.093969
vn -0.012279 0.012279 0.098481
vn -0.012279 0.012279 0.098481
vn -0.024184 0.024184 0.093969
vn -0.024184 0.024184 0.093969
vn -0.035355 0.035355 0.086603
vn -0.035355 0.035355 0.086603
vn -0.045452 0.045452 0.076604
vn -0.045452 0.045452 0.076604
vn -0.054168 0.054168 0.064279
vn -0.054168 0.054168 0.064279
vn -0.061237 0.061237 0.050000
vn -0.061237 0.061237 0.050000
vn -0.066446 0.066446 0.034202
vn -0.066446 0.066446 0.034202
vn -0.069636 0.069636 0.017365
vn -0.069636 0.069636 0.017365
vn -0.070711 0.070711 0.000000
vn -0.070711 0.070711 -0.000000
vn -0.100000 0.000000 0.000000
vn -0.100000 0.000000 0.000000
vn -0.100000 0.000000 0.000000
vn -0.100000 0.000000 0.000000
vn -0.100000 0.000000 0.000000
vn -0.100000 0.000000 0.000000
vn -0.100000 0.000000 0.000000
vn -0.100000 0.000000 0.000000
vn -0.100000 0.000000 0.000000
vn -0.070711 0.070711 0.000000
vn -0.070711 0.070711 0.000000
vn 0.000000 0.100000 0.000000
vn 0.000000 0.100000 0.000000
vn 0.000000 0.100000 0.000000
vn 0.017365 -0.098481 0.000000
vn 0.000000 -0.100000 0.000000
vn 0.017365 -0.098481 0.000000
vn 0.000000 -0.100000 0.000000
vn 0.017365 -0.098481 0.000000
vn 0.034202 -0.093969 0.000000
vn 0.034202 -0.093969 0.000000
vn 0.050000 -0.086603 0.000000
vn 0.050000 -0.086603 0.000000
vn 0.064279 -0.076604 0.000000
vn 0.064279 -0.076604 0.000000
vn 0.076604 -0.064279 0.000000
vn 0.076604 -0.064279 0.000000
vn 0.086603 -0.050000 0.000000
vn 0.086603 -0.050000 0.000000
vn 0.093969 -0.034202 0.000000
vn 0.093969 -0.034202 0.000000
vn 0.098481 -0.017365 0.000000
vn 0.098481 -0.017365 0.000000
vn 0.100000 0.000000 0.000000
vn 0.100000 0.000000 0.000000
vn 0.098481 -0.017365 0.000000
vn 0.093969 -0.034202 0.000000
vn 0.086603 -0.050000 0.000000
vn 0.076604 -0.064279 0.000000
vn 0.064279 -0.076604 0.000000
vn 0.050000 -0.086603 0.000000
vn 0.034202 -0.093969 0.000000
vn 0.100000 -0.000000 0.000000
vn 0.098481 -0.012279 0.012279
vn 0.098481 -0.012279 0.012279
vn 0.093969 -0.024184 0.024184
vn 0.093969 -0.024184 0.024184
vn 0.086603 -0.035355 0.035355
vn 0.086603 -0.035355 0.035355
vn 0.076604 -0.045452 0.045452
vn 0.076604 -0.045452 0.045452
vn 0.064279 -0.054168 0.054168
vn 0.064279 -0.054168 0.054168
vn 0.050000 -0.061237 0.061237
vn 0.050000 -0.061237 0.061237
vn 0.034202 -0.066446 0.066446
vn 0.034202 -0.066446 0.066446
vn 0.017365 -0.069636 0.069636
vn 0.017365 -0.069636 0.069636
vn 0.000000 -0.070711 0.070711
vn 0.000000 -0.070711 0.070711
vn 0.100000 0.000000 -0.000000
vn 0.098481 0.000000 0.017365
vn 0.098481 0.000000 0.017365
vn 0.093969 0.000000 0.034202
vn 0.093969 0.000000 0.034202
vn 0.086603 0.000000 0.050000
vn 0.086603 0.000000 0.050000
vn 0.076604 0.000000 0.064279
vn 0.076604 0.000000 0.064279
vn 0.064279 0.000000 0.076604
vn 0.064279 0.000000 0.076604
vn 0.050000 0.000000 0.086603
vn 0.050000 0.000000 0.086603
vn 0.034202 0.000000 0.093969
vn 0.034202 0.000000 0.093969
vn 0.017365 0.000000 0.098481
vn 0.017365 0.000000 0.098481
vn 0.000000 0.000000 0.100000
vn 0.000000 0.000000 0.100000
vn 0.000000 0.098481 0.017365
vn 0.000000 0.100000 0.000000
vn -0.014010 0.098914 0.004455
vn -0.017365 0.098481 0.000000
vn -0.027283 0.095736 0.009503
vn -0.034202 0.093969 0.000000
vn -0.040331 0.090517 0.013417
vn -0.050000 0.086603 0.000000
vn -0.052767 0.083409 0.016081
vn -0.064279 0.076604 0.000000
vn -0.064286 0.074589 0.017431
vn -0.076604 0.064279 0.000000
vn -0.074589 0.064286 0.017431
vn -0.083409 0.052767 0.016081
vn -0.081110 0.048442 0.032779
vn -0.088689 0.035183 0.029939
vn -0.084176 0.028969 0.045554
vn -0.094263 0.021241 0.025755
vn -0.089937 0.014553 0.041226
vn -0.097641 0.007120 0.020383
vn -0.098914 0.014010 0.004455
vn -0.098481 0.017365 0.000000
vn -0.095736 0.027283 0.009503
vn -0.093969 0.034202 0.000000
vn -0.090517 0.040331 0.013417
vn -0.086603 0.050000 0.000000
vn -0.082887 0.007423 0.055449
vn -0.077114 0.021878 0.059790
vn -0.067717 0.014125 0.072215
vn -0.056269 0.005944 0.082453
vn -0.049140 0.018414 0.085124
vn -0.036667 0.008866 0.092612
vn -0.040296 0.029965 0.086477
vn -0.028665 0.019317 0.093836
vn -0.029965 0.040296 0.086477
vn -0.019317 0.028665 0.093836
vn -0.018414 0.049140 0.085124
vn -0.008866 0.036667 0.092612
vn 0.000000 0.050000 0.086603
vn 0.000000 0.034202 0.093969
vn -0.008084 0.016166 0.098353
vn -0.016166 0.008084 0.098353
vn 0.000000 0.017365 0.098481
vn -0.005944 0.056269 0.082453
vn 0.000000 0.064279 0.076604
vn -0.014125 0.067717 0.072215
vn 0.000000 0.076604 0.064279
vn -0.007423 0.082887 0.055449
vn 0.000000 0.086603 0.050000
vn -0.014553 0.089937 0.041226
vn 0.000000 0.093969 0.034202
vn -0.007120 0.097641 0.020383
vn -0.021241 0.094263 0.025755
vn -0.035183 0.088689 0.029939
vn -0.048442 0.081110 0.032779
vn -0.060723 0.071707 0.034218
vn -0.071707 0.060723 0.034218
vn -0.028969 0.084176 0.045554
vn -0.021878 0.077114 0.059790
vn -0.035566 0.069290 0.062721
vn -0.027405 0.060125 0.075059
vn -0.039705 0.050707 0.076500
vn -0.042650 0.076356 0.048484
vn -0.055321 0.066654 0.049969
vn -0.066654 0.055321 0.049969
vn -0.076356 0.042650 0.048484
vn -0.048243 0.059583 0.064207
vn -0.050707 0.039705 0.076500
vn -0.059583 0.048243 0.064207
vn -0.069290 0.035566 0.062721
vn -0.060125 0.027405 0.075059
vn 0.000000 0.098481 0.017365
vn 0.000000 0.100000 0.000000
vn 0.000000 0.098481 0.017365
vn 0.000000 0.093969 0.034202
vn 0.000000 0.086603 0.050000
vn 0.000000 0.076604 0.064279
vn 0.000000 0.064279 0.076604
vn 0.000000 0.050000 0.086603
vn 0.000000 0.034202 0.093969
vn 0.000000 0.017365 0.098481
vn 0.000000 0.000000 0.100000
vn 0.000000 0.017365 0.098481
vn 0.000000 0.034202 0.093969
vn 0.000000 0.050000 0.086603
vn 0.000000 0.064279 0.076604
vn 0.000000 0.076604 0.064279
vn 0.000000 0.086603 0.050000
vn 0.000000 0.093969 0.034202
vn -0.050685 0.086203 -0.000000
vn -0.050000 0.086603 -0.000000
vn -0.035070 0.093649 -0.000000
vn -0.034202 0.093969 -0.000000
vn -0.017820 0.098399 -0.000000
vn -0.017365 0.098481 -0.000000
vn -0.000000 0.100000 -0.000000
vn -0.017365 0.098481 -0.000000
vn -0.017365 0.098481 -0.000000
vn -0.034202 0.093969 -0.000000
vn -0.050000 0.086603 -0.000000
vn -0.064279 0.076604 -0.000000
vn -0.076604 0.064279 -0.000000
vn -0.086603 0.050000 -0.000000
vn -0.093969 0.034202 -0.000000
vn -0.098487 0.017331 -0.000000
vn -0.098493 0.017298 -0.000000
vn -0.098498 0.017265 -0.000000
vn -0.093969 0.034202 -0.000000
vn -0.094059 0.033953 -0.000000
vn -0.086800 0.049656 -0.000000
vn -0.086603 0.050000 -0.000000
vn -0.076943 0.063873 -0.000000
vn -0.076604 0.064279 -0.000000
vn -0.064784 0.076178 -0.000000
vn -0.064279 0.076604 -0.000000
vn -0.098504 0.017235 -0.000000
vn -0.050000 0.086603 -0.000000
vn -0.034202 0.093969 -0.000000
vn -0.064279 0.076604 -0.000000
vn -0.076604 0.064279 -0.000000
vn -0.086603 0.050000 -0.000000
vn -0.093969 0.034202 -0.000000
vn 0.070711 0.070711 -0.000000
vn 0.070711 0.070711 0.000000
vn 0.069636 0.069636 0.017365
vn 0.069636 0.069636 0.017365
vn 0.066446 0.066446 0.034202
vn 0.066446 0.066446 0.034202
vn 0.061237 0.061237 0.050000
vn 0.061237 0.061237 0.050000
vn 0.054168 0.054168 0.064279
vn 0.054168 0.054168 0.064279
vn 0.045452 0.045452 0.076604
vn 0.045452 0.045452 0.076604
vn 0.035355 0.035355 0.086603
vn 0.035355 0.035355 0.086603
vn 0.024184 0.024184 0.093969
vn 0.024184 0.024184 0.093969
vn 0.012279 0.012279 0.098481
vn 0.012279 0.012279 0.098481
vn 0.000000 -0.070711 0.070711
vn 0.000000 -0.070711 0.070711
vn 0.000000 -0.070711 0.070711
vn 0.000000 -0.070711 0.070711
vn 0.000000 -0.070711 0.070711
vn 0.000000 -0.070711 0.070711
vn 0.000000 -0.070711 0.070711
vn 0.000000 -0.070711 0.070711
vn 0.000000 -0.070711 0.070711
vn 0.000000 -0.070711 0.070711
vn 0.000000 -0.070711 0.070711
vn 0.000000 -0.070711 0.070711
vn 0.000000 -0.070711 0.070711
vn 0.000000 -0.070711 0.070711
vn 0.000000 -0.070711 0.070711
vn 0.000000 -0.070711 0.070711
vn 0.000000 -0.070711 0.070711
vn 0.000000 -0.070711 0.070711
vn 0.000000 -0.070711 0.070711
vn 0.000000 -0.070711 0.070711
vn 0.000000 -0.070711 0.070711
vn 0.000000 -0.070711 0.070711
vn 0.000000 -0.070711 0.070711
vn -0.070711 -0.070711 0.000000
vn -0.070711 -0.070711 0.000000
vn -0.070711 -0.070711 0.000000
vn -0.070711 -0.070711 0.000000
vn -0.058835 -0.070711 -0.039223
vn -0.058835 -0.070711 -0.039223
vn -0.058835 -0.070711 -0.039223
vn -0.058835 -0.070711 -0.039223
vn 0.000000 -0.100000 0.000000
vn 0.000000 -0.100000 0.000000
vn 0.000000 -0.100000 0.000000
vn 0.000000 -0.100000 0.000000
vn 0.000000 -0.100000 0.000000
vn 0.000000 -0.100000 0.000000
vn 0.000000 -0.100000 0.000000
vn 0.000000 -0.100000 0.000000
vn -0.000000 -0.070711 -0.070711
vn -0.000000 -0.070711 -0.070711
vn -0.000000 -0.070711 -0.070711
vn -0.000000 -0.070711 -0.070711
vn -0.000000 -0.070711 -0.070711
vn -0.070711 0.070711 0.000000
vn -0.070711 0.070711 0.000000
vn -0.070711 0.070711 0.000000
vn -0.070711 0.070711 0.000000
vn -0.058835 0.070711 -0.039223
vn -0.058835 0.070711 -0.039223
vn -0.058835 0.070711 -0.039223
vn -0.058835 0.070711 -0.039223
vn -0.100000 0.000000 0.000000
vn -0.100000 0.000000 0.000000
vn -0.100000 0.000000 0.000000
vn -0.100000 0.000000 0.000000
vn -0.100000 0.000000 0.000000
vn -0.100000 0.000000 0.000000
vn -0.100000 0.000000 0.000000
vn -0.083205 0.000000 -0.055470
vn -0.083205 0.000000 -0.055470
vn -0.083205 0.000000 -0.055470
vn -0.083205 0.000000 -0.055470
vn -0.083205 0.000000 -0.055470
vn -0.083205 0.000000 -0.055470
vn -0.000000 0.070711 -0.070711
vn -0.000000 0.070711 -0.070711
vn -0.000000 0.070711 -0.070711
vn -0.000000 0.070711 -0.070711
vn -0.000000 0.070711 -0.070711
vn 0.058835 -0.070711 -0.039223
vn 0.058835 -0.070711 -0.039223
vn 0.058835 -0.070711 -0.039223
vn 0.058835 -0.070711 -0.039223
vn 0.070711 -0.070711 0.000000
vn 0.070711 -0.070711 0.000000
vn 0.070711 -0.070711 0.000000
vn 0.070711 -0.070711 0.000000
vn 0.000000 -0.070711 -0.070711
vn 0.000000 -0.070711 -0.070711
vn 0.000000 -0.070711 -0.070711
vn 0.000000 -0.070711 -0.070711
vn 0.000000 -0.070711 -0.070711
vn 0.000000 -0.100000 0.000000
vn 0.000000 -0.100000 0.000000
vn 0.000000 -0.100000 0.000000
vn 0.000000 -0.100000 0.000000
vn 0.000000 -0.100000 0.000000
vn 0.000000 -0.100000 0.000000
vn 0.000000 -0.100000 0.000000
vn 0.000000 -0.100000 0.000000
vn 0.070711 0.070711 0.000000
vn 0.070711 0.070711 0.000000
vn 0.070711 0.070711 0.000000
vn 0.070711 0.070711 0.000000
vn 0.058835 0.070711 -0.039223
vn 0.058835 0.070711 -0.039223
vn 0.058835 0.070711 -0.039223
vn 0.058835 0.070711 -0.039223
vn -0.000000 0.100000 0.000000
vn -0.000000 0.100000 0.000000
vn -0.000000 0.100000 0.000000
vn -0.000000 0.100000 0.000000
vn -0.000000 0.100000 0.000000
vn -0.000000 0.100000 0.000000
vn -0.000000 0.100000 0.000000
vn -0.000000 0.100000 0.000000
vn -0.000000 0.070711 -0.070711
vn -0.000000 0.070711 -0.070711
vn -0.000000 0.070711 -0.070711
vn -0.000000 0.070711 -0.070711
vn -0.000000 0.070711 -0.070711
vn 0.070711 0.000000 -0.070711
vn 0.070711 0.000000 -0.070711
vn 0.070711 0.000000 -0.070711
vn 0.070711 0.000000 -0.070711
vn 0.070711 0.000000 -0.070711
vn 0.070711 0.000000 -0.070711
vn 0.000000 0.000000 -0.100000
vn 0.000000 0.000000 -0.100000
vn 0.000000 0.000000 -0.100000
vn 0.000000 0.000000 -0.100000
vn -0.070711 0.000000 -0.070711
vn -0.070711 0.000000 -0.070711
vn -0.070711 0.000000 -0.070711
vn -0.070711 0.000000 -0.070711
vn -0.070711 0.000000 -0.070711
vn -0.070711 0.000000 -0.070711
vn 0.070711 0.000000 -0.070711
vn 0.070711 0.000000 -0.070711
vn 0.070711 0.000000 -0.070711
vn 0.070711 0.000000 -0.070711
vn 0.100000 0.000000 0.000000
vn 0.100000 0.000000 0.000000
vn 0.100000 0.000000 0.000000
vn 0.100000 0.000000 0.000000
vn 0.083205 0.000000 -0.055470
vn 0.083205 0.000000 -0.055470
vn 0.083205 0.000000 -0.055470
vn 0.083205 0.000000 -0.055470
vn 0.083205 0.000000 -0.055470
vn 0.083205 0.000000 -0.055470
vn 0.083205 0.000000 -0.055470
vn 0.083205 0.000000 -0.055470
vn 0.083205 0.000000 -0.055470
vn 0.083205 0.000000 -0.055470
vn 0.083205 0.000000 -0.055470
vn -0.070711 0.000000 -0.070711
vn -0.070711 0.000000 -0.070711
vn -0.070711 0.000000 -0.070711
vn -0.070711 0.000000 -0.070711
vn -0.100000 0.000000 0.000000
vn -0.100000 0.000000 0.000000
vn -0.100000 0.000000 0.000000
vn -0.100000 0.000000 0.000000
vn 0.000000 0.100000 0.000000
vn 0.000000 0.100000 0.000000
vn 0.000000 0.100000 0.000000
vn 0.000000 0.100000 0.000000
vn 0.000000 0.100000 0.000000
vn 0.000000 0.100000 0.000000
vn 0.000000 0.100000 0.000000
vn 0.000000 0.100000 0.000000
vn -0.070711 0.000000 0.070711
vn -0.070711 0.000000 0.070711
vn -0.070711 0.000000 0.070711
vn -0.070711 0.000000 0.070711
vn -0.070711 0.000000 0.070711
vn -0.070711 0.000000 0.070711
vn -0.070711 0.000000 0.070711
vn -0.070711 0.000000 0.070711
vn -0.063246 0.031623 0.070711
vn -0.063246 0.031623 0.070711
vn -0.063246 0.031623 0.070711
vn -0.063246 0.031623 0.070711
vn 0.000000 0.000000 0.100000
vn 0.000000 0.000000 0.100000
vn 0.000000 0.000000 0.100000
vn 0.000000 0.000000 0.100000
vn 0.000000 0.000000 0.100000
vn 0.000000 0.000000 0.100000
vn 0.000000 0.000000 0.100000
vn 0.000000 0.000000 0.100000
vn 0.000000 0.000000 0.100000
vn 0.000000 0.000000 0.100000
vn 0.000000 0.000000 0.100000
vn 0.000000 0.000000 0.100000
vn 0.000000 0.000000 0.100000
vn 0.000000 0.000000 0.100000
vn 0.000000 0.000000 0.100000
vn 0.000000 0.000000 0.100000
vn 0.000000 0.000000 0.100000
vn 0.000000 0.000000 0.100000
vn 0.000000 0.000000 0.100000
vn 0.000000 0.000000 0.100000
vn 0.000000 0.000000 0.100000
vn 0.000000 0.000000 0.100000
vn 0.000000 0.000000 0.100000
vn 0.000000 0.000000 0.100000
vn 0.000000 0.000000 0.100000
vn 0.000000 0.000000 0.100000
vn 0.000000 0.000000 0.100000
vn 0.000000 0.000000 0.100000
vn 0.000000 0.000000 0.100000
vn 0.000000 0.000000 0.100000
vn 0.000000 0.000000 0.100000
vn 0.000000 0.000000 0.100000
vn 0.000000 0.000000 0.100000
vn 0.000000 0.000000 0.100000
vn 0.000000 0.000000 0.100000
vn 0.000000 0.000000 0.100000
vn 0.000000 0.000000 0.100000
vn 0.000000 0.000000 0.100000
vn 0.000000 0.000000 0.100000
vn 0.000000 0.000000 0.100000
vn 0.000000 0.000000 0.100000
vn 0.000000 0.000000 0.100000
vn 0.000000 0.000000 0.100000
vn 0.000000 0.000000 0.100000
vn 0.000000 0.000000 0.100000
vn 0.000000 0.000000 0.100000
vn 0.000000 0.000000 0.100000
vn 0.000000 0.000000 0.100000
vn 0.000000 0.000000 0.100000
vn 0.000000 0.000000 0.100000
vn 0.000000 0.000000 0.100000
vn 0.000000 0.000000 0.100000
vn 0.000000 0.000000 0.100000
vn 0.000000 0.000000 0.100000
vn 0.000000 0.000000 0.100000
vn 0.000000 0.000000 0.100000
vn 0.000000 0.000000 0.100000
vn 0.000000 0.000000 0.100000
vn 0.000000 0.000000 0.100000
vn 0.000000 0.000000 0.100000
vn 0.000000 0.000000 0.100000
vn 0.000000 0.000000 0.100000
vn 0.000000 0.000000 0.100000
vn 0.000000 0.000000 0.100000
vn 0.000000 0.000000 0.100000
vn 0.000000 0.000000 0.100000
vn 0.000000 0.000000 0.100000
vn 0.000000 0.000000 0.100000
vn 0.000000 0.000000 0.100000
vn 0.000000 0.000000 0.100000
vn 0.000000 0.000000 0.100000
vn 0.000000 0.000000 0.100000
vn 0.000000 0.000000 0.100000
vn 0.000000 0.000000 0.100000
vn 0.000000 0.000000 0.100000
vn 0.000000 0.000000 0.100000
vn 0.000000 0.000000 0.100000
vn 0.000000 0.000000 0.100000
vn 0.000000 0.000000 0.100000
vn 0.000000 0.000000 0.100000
vn 0.000000 0.000000 0.100000
vn 0.000000 0.000000 0.100000
vn 0.000000 0.000000 0.100000
vn 0.000000 0.000000 0.100000
vn 0.000000 0.000000 0.100000
vn 0.000000 0.000000 0.100000
vn 0.000000 0.000000 0.100000
vn 0.000000 0.000000 0.100000
vn 0.000000 0.000000 0.100000
vn 0.000000 0.000000 0.100000
vn 0.000000 0.000000 0.100000
vn 0.000000 0.000000 0.100000
vn 0.000000 0.000000 0.100000
vn 0.000000 0.000000 0.100000
vn 0.000000 0.000000 0.100000
vn 0.000000 0.000000 0.100000
vn 0.000000 0.000000 0.100000
vn 0.000000 0.000000 0.100000
vn 0.000000 0.000000 0.100000
vn 0.000000 0.000000 0.100000
vn 0.000000 0.000000 0.100000
vn 0.000000 0.000000 0.100000
vn 0.000000 0.000000 0.100000
vn 0.000000 0.000000 0.100000
vn 0.000000 0.000000 0.100000
vn 0.000000 0.000000 0.100000
vn 0.000000 0.000000 0.100000
vn 0.000000 0.000000 0.100000
vn 0.000000 0.000000 0.100000
vn 0.000000 0.000000 0.100000
vn 0.000000 0.000000 0.100000
vn 0.000000 0.000000 0.100000
vn 0.000000 0.000000 0.100000
vn 0.000000 0.000000 0.100000
vn 0.000000 0.000000 0.100000
vn 0.000000 0.000000 0.100000
vn 0.000000 0.000000 0.100000
vn 0.000000 0.000000 0.100000
vn 0.000000 0.000000 0.100000
vn 0.000000 0.000000 0.100000
vn 0.000000 0.000000 0.100000
vn 0.000000 0.000000 0.100000
vn 0.000000 0.000000 0.100000
vn 0.000000 0.000000 0.100000
vn 0.000000 0.000000 0.100000
vn 0.000000 0.000000 0.100000
vn 0.000000 0.000000 0.100000
vn 0.000000 0.000000 0.100000
vn 0.000000 0.000000 0.100000
vn 0.000000 0.000000 0.100000
vn 0.000000 0.000000 0.100000
vn 0.000000 0.000000 0.100000
vn 0.000000 0.000000 0.100000
vn 0.000000 0.000000 0.100000
vn 0.000000 0.000000 0.100000
vn 0.000000 0.000000 0.100000
vn 0.000000 0.000000 0.100000
vn 0.000000 0.000000 0.100000
vn 0.000000 0.000000 0.100000
vn 0.000000 0.000000 0.100000
vn 0.000000 0.000000 0.100000
vn 0.000000 0.000000 0.100000
vn 0.000000 0.000000 0.100000
vn 0.000000 0.000000 0.100000
vn 0.000000 0.000000 0.100000
vn 0.000000 0.000000 0.100000
vn 0.000000 0.000000 0.100000
vn 0.000000 0.000000 0.100000
vn 0.000000 0.000000 0.100000
vn 0.000000 0.000000 0.100000
vn 0.000000 0.000000 0.100000
vn 0.000000 0.000000 0.100000
vn 0.000000 0.000000 0.100000
vn 0.000000 0.000000 0.100000
vn 0.000000 0.000000 0.100000
vn 0.000000 0.000000 0.100000
vn 0.000000 0.000000 0.100000
vn 0.000000 0.000000 0.100000
vn 0.000000 0.000000 0.100000
vn 0.000000 0.000000 0.100000
vn 0.000000 0.000000 0.100000
vn 0.000000 0.000000 0.100000
vn 0.000000 0.000000 0.100000
vn 0.000000 0.000000 0.100000
vn 0.000000 0.000000 0.100000
vn 0.000000 0.000000 0.100000
vn 0.000000 0.000000 0.100000
vn 0.000000 0.000000 0.100000
vn 0.000000 0.000000 0.100000
vn 0.000000 0.000000 0.100000
vn 0.000000 0.000000 0.100000
vn 0.000000 0.000000 0.100000
vn 0.000000 0.000000 0.100000
vn 0.000000 0.000000 0.100000
vn 0.000000 0.000000 0.100000
vn 0.000000 0.000000 0.100000
vn 0.000000 0.000000 0.100000
vn 0.000000 0.000000 0.100000
vn 0.000000 0.000000 0.100000
vn 0.000000 0.000000 0.100000
vn 0.000000 0.000000 0.100000
vn 0.000000 0.000000 0.100000
vn 0.000000 0.000000 0.100000
vn 0.000000 0.000000 0.100000
vn 0.000000 0.000000 0.100000
vn 0.000000 0.000000 0.100000
vn 0.000000 0.000000 0.100000
vn 0.000000 0.000000 0.100000
vn 0.000000 0.000000 0.100000
vn 0.000000 0.000000 0.100000
vn 0.000000 0.000000 0.100000
vn 0.000000 0.000000 0.100000
vn 0.000000 0.000000 0.100000
vn 0.000000 0.000000 0.100000
vn 0.000000 0.000000 0.100000
vn 0.000000 0.000000 0.100000
vn 0.000000 0.000000 0.100000
vn 0.000000 0.000000 0.100000
vn 0.000000 0.000000 0.100000
vn 0.000000 0.000000 0.100000
vn 0.000000 0.000000 0.100000
vn 0.000000 0.000000 0.100000
vn 0.000000 0.000000 0.100000
vn 0.000000 0.000000 0.100000
vn 0.000000 0.000000 0.100000
vn 0.000000 0.000000 0.100000
vn 0.000000 0.000000 0.100000
vn 0.000000 0.000000 0.100000
vn 0.000000 0.000000 0.100000
vn 0.000000 0.000000 0.100000
vn 0.000000 0.000000 0.100000
vn 0.000000 0.000000 0.100000
vn 0.000000 0.000000 0.100000
vn 0.000000 0.000000 0.100000
vn 0.000000 0.000000 0.100000
vn 0.000000 0.000000 0.100000
vn 0.000000 0.000000 0.100000
vn 0.000000 0.000000 0.100000
vn 0.000000 0.000000 0.100000
vn 0.000000 0.000000 0.100000
vn 0.000000 0.000000 0.100000
vn 0.000000 0.000000 0.100000
vn 0.000000 0.000000 0.100000
vn 0.000000 0.000000 0.100000
vn 0.000000 0.000000 0.100000
vn 0.000000 0.000000 0.100000
vn 0.000000 0.000000 0.100000
vn 0.000000 0.000000 0.100000
vn 0.000000 0.000000 0.100000
vn 0.000000 0.000000 0.100000
vn 0.000000 0.000000 0.100000
vn 0.000000 0.000000 0.100000
vn 0.000000 0.000000 0.100000
vn 0.000000 0.000000 0.100000
vn 0.000000 0.000000 0.100000
vn 0.000000 0.000000 0.100000
vn 0.000000 0.000000 0.100000
vn 0.000000 0.000000 0.100000
vn 0.000000 0.000000 0.100000
vn 0.000000 0.000000 0.100000
vn 0.000000 0.000000 0.100000
vn 0.000000 0.000000 0.100000
vn 0.000000 0.000000 0.100000
vn 0.000000 0.000000 0.100000
vn 0.000000 0.000000 0.100000
vn 0.000000 0.000000 0.100000
vn 0.000000 0.000000 0.100000
vn 0.000000 0.000000 0.100000
vn 0.000000 0.000000 0.100000
vn 0.000000 0.000000 0.100000
vn 0.000000 0.000000 0.100000
vn 0.000000 0.000000 0.100000
vn 0.000000 0.000000 0.100000
vn 0.000000 0.000000 0.100000
vn 0.000000 0.000000 0.100000
vn 0.000000 0.000000 0.100000
vn 0.070711 0.000000 0.070711
vn 0.070711 0.000000 0.070711
vn 0.070711 0.000000 0.070711
vn 0.070711 0.000000 0.070711
vn 0.070711 0.000000 0.070711
vn 0.070711 0.000000 0.070711
vn 0.070711 0.000000 0.070711
vn 0.070711 0.000000 0.070711
vn 0.063246 0.031623 0.070711
vn 0.063246 0.031623 0.070711
vn 0.063246 0.031623 0.070711
vn 0.063246 0.031623 0.070711
vn 0.100000 0.000000 0.000000
vn 0.100000 0.000000 0.000000
vn 0.100000 0.000000 0.000000
vn 0.100000 0.000000 0.000000
vn 0.100000 0.000000 0.000000
vn 0.100000 0.000000 0.000000
vn 0.100000 0.000000 0.000000
vn 0.100000 0.000000 0.000000
vn 0.100000 0.000000 0.000000
vn 0.089443 0.044721 0.000000
vn 0.089443 0.044721 0.000000
vn 0.089443 0.044721 0.000000
vn 0.089443 0.044721 0.000000
vn -0.070711 0.000000 0.070711
vn -0.070711 0.000000 0.070711
vn -0.070711 0.000000 0.070711
vn -0.070711 0.000000 0.070711
vn -0.050000 0.050000 0.070711
vn -0.050000 0.050000 0.070711
vn -0.050000 0.050000 0.070711
vn -0.050000 0.050000 0.070711
vn -0.050000 0.050000 0.070711
vn -0.050000 0.050000 0.070711
vn -0.000000 0.070711 0.070711
vn 0.000000 0.070711 0.070711
vn -0.012279 0.069636 0.070711
vn -0.012279 0.069636 0.070711
vn -0.024184 0.066446 0.070711
vn -0.024184 0.066446 0.070711
vn -0.035355 0.061237 0.070711
vn -0.035355 0.061237 0.070711
vn -0.045452 0.054168 0.070711
vn -0.045452 0.054168 0.070711
vn -0.054168 0.045452 0.070711
vn -0.054168 0.045452 0.070711
vn -0.061237 0.035355 0.070711
vn -0.061237 0.035355 0.070711
vn -0.066446 0.024184 0.070711
vn -0.066446 0.024184 0.070711
vn -0.069636 0.012279 0.070711
vn -0.069636 0.012279 0.070711
vn 0.000000 0.070711 0.070711
vn 0.000000 0.070711 0.070711
vn 0.000000 0.070711 0.070711
vn 0.000000 0.070711 0.070711
vn 0.070711 0.000000 0.070711
vn 0.070711 0.000000 0.070711
vn 0.069636 0.012279 0.070711
vn 0.069636 0.012279 0.070711
vn 0.066446 0.024184 0.070711
vn 0.066446 0.024184 0.070711
vn 0.061237 0.035355 0.070711
vn 0.061237 0.035355 0.070711
vn 0.054168 0.045452 0.070711
vn 0.054168 0.045452 0.070711
vn 0.045452 0.054168 0.070711
vn 0.045452 0.054168 0.070711
vn 0.035355 0.061237 0.070711
vn 0.035355 0.061237 0.070711
vn 0.024184 0.066446 0.070711
vn 0.024184 0.066446 0.070711
vn 0.012279 0.069636 0.070711
vn 0.012279 0.069636 0.070711
vn 0.070711 0.000000 0.070711
vn 0.070711 0.000000 0.070711
vn 0.050000 0.050000 0.070711
vn 0.050000 0.050000 0.070711
vn 0.050000 0.050000 0.070711
vn 0.050000 0.050000 0.070711
vn 0.050000 0.050000 0.070711
vn 0.050000 0.050000 0.070711
vn -0.070711 0.070711 0.000000
vn -0.070711 0.070711 0.000000
vn -0.070711 0.070711 0.000000
vn -0.070711 0.070711 0.000000
vn -0.100000 0.000000 0.000000
vn -0.100000 0.000000 0.000000
vn -0.100000 0.000000 0.000000
vn -0.100000 0.000000 0.000000
vn -0.098481 0.017365 -0.000000
vn -0.098481 0.017365 -0.000000
vn -0.093969 0.034202 -0.000000
vn -0.093969 0.034202 -0.000000
vn -0.086603 0.050000 -0.000000
vn -0.086603 0.050000 -0.000000
vn -0.076604 0.064279 -0.000000
vn -0.076604 0.064279 -0.000000
vn -0.064279 0.076604 -0.000000
vn -0.064279 0.076604 -0.000000
vn -0.050000 0.086603 -0.000000
vn -0.050000 0.086603 -0.000000
vn -0.034202 0.093969 -0.000000
vn -0.034202 0.093969 -0.000000
vn -0.017365 0.098481 -0.000000
vn -0.017365 0.098481 -0.000000
vn -0.000000 0.100000 -0.000000
vn -0.000000 0.100000 -0.000000
vn 0.000000 0.100000 0.000000
vn 0.000000 0.100000 0.000000
vn 0.000000 0.100000 0.000000
vn 0.000000 0.100000 0.000000
vn 0.017365 0.098481 0.000000
vn 0.017365 0.098481 0.000000
vn 0.034202 0.093969 0.000000
vn 0.034202 0.093969 0.000000
vn 0.050000 0.086603 0.000000
vn 0.050000 0.086603 0.000000
vn 0.064279 0.076604 0.000000
vn 0.064279 0.076604 0.000000
vn 0.076604 0.064279 0.000000
vn 0.076604 0.064279 0.000000
vn 0.086603 0.050000 0.000000
vn 0.086603 0.050000 0.000000
vn 0.093969 0.034202 0.000000
vn 0.093969 0.034202 0.000000
vn 0.098481 0.017365 0.000000
vn 0.098481 0.017365 0.000000
vn 0.100000 0.000000 0.000000
vn 0.100000 0.000000 0.000000
vn 0.100000 0.000000 0.000000
vn 0.100000 0.000000 0.000000
vn 0.070711 0.070711 0.000000
vn 0.070711 0.070711 0.000000
vn 0.070711 0.070711 0.000000
vn 0.070711 0.070711 0.000000
vn 0.050000 0.050000 -0.070711
vn 0.050000 0.050000 -0.070711
vn 0.050000 0.050000 -0.070711
vn 0.050000 0.050000 -0.070711
vn -0.000000 0.070711 -0.070711
vn -0.000000 0.070711 -0.070711
vn -0.000000 0.070711 -0.070711
vn -0.000000 0.070711 -0.070711
vn 0.050000 0.050000 -0.070711
vn 0.050000 0.050000 -0.070711
vn 0.050000 0.050000 -0.070711
vn 0.050000 0.050000 -0.070711
vn -0.070711 0.000000 -0.070711
vn -0.070711 0.000000 -0.070711
vn -0.070711 0.000000 -0.070711
vn -0.070711 0.000000 -0.070711
vn -0.050000 0.050000 -0.070711
vn -0.050000 0.050000 -0.070711
vn -0.050000 0.050000 -0.070711
vn -0.050000 0.050000 -0.070711
vn -0.000000 0.070711 -0.070711
vn -0.000000 0.070711 -0.070711
vn -0.000000 0.070711 -0.070711
vn -0.000000 0.070711 -0.070711
vn -0.050000 0.050000 -0.070711
vn -0.050000 0.050000 -0.070711
vn -0.050000 0.050000 -0.070711
vn -0.050000 0.050000 -0.070711
vn -0.000000 0.070711 -0.070711
vn -0.000000 0.070711 -0.070711
vn -0.012279 0.069636 -0.070711
vn -0.012279 0.069636 -0.070711
vn -0.024184 0.066446 -0.070711
vn -0.024184 0.066446 -0.070711
vn -0.035355 0.061237 -0.070711
vn -0.035355 0.061237 -0.070711
vn -0.045452 0.054168 -0.070711
vn -0.045452 0.054168 -0.070711
vn -0.054168 0.045452 -0.070711
vn -0.054168 0.045452 -0.070711
vn -0.061237 0.035355 -0.070711
vn -0.061237 0.035355 -0.070711
vn -0.066446 0.024184 -0.070711
vn -0.066446 0.024184 -0.070711
vn -0.069636 0.012279 -0.070711
vn -0.069636 0.012279 -0.070711
vn -0.000000 0.070711 -0.070711
vn -0.000000 0.070711 -0.070711
vn -0.000000 0.070711 -0.070711
vn -0.000000 0.070711 -0.070711
vn 0.070711 -0.000000 -0.070711
vn 0.070711 -0.000000 -0.070711
vn 0.069636 0.012279 -0.070711
vn 0.069636 0.012279 -0.070711
vn 0.066446 0.024184 -0.070711
vn 0.066446 0.024184 -0.070711
vn 0.061237 0.035355 -0.070711
vn 0.061237 0.035355 -0.070711
vn 0.054168 0.045452 -0.070711
vn 0.054168 0.045452 -0.070711
vn 0.045452 0.054168 -0.070711
vn 0.045452 0.054168 -0.070711
vn 0.035355 0.061237 -0.070711
vn 0.035355 0.061237 -0.070711
vn 0.024184 0.066446 -0.070711
vn 0.024184 0.066446 -0.070711
vn 0.012279 0.069636 -0.070711
vn 0.012279 0.069636 -0.070711
vn 0.070711 0.000000 -0.070711
vn 0.070711 0.000000 -0.070711
vn 0.070711 0.070711 0.000000
vn 0.070711 0.070711 0.000000
vn 0.000000 0.100000 0.000000
vn 0.000000 0.100000 0.000000
vn 0.000000 0.100000 0.000000
vn -0.070711 0.000000 0.070711
vn -0.070711 0.000000 0.070711
vn -0.070711 0.000000 0.070711
vn -0.070711 0.000000 0.070711
vn -0.050000 0.050000 0.070711
vn -0.050000 0.050000 0.070711
vn -0.050000 0.050000 0.070711
vn -0.050000 0.050000 0.070711
vn 0.050000 0.050000 0.070711
vn 0.050000 0.050000 0.070711
vn 0.050000 0.050000 0.070711
vn 0.050000 0.050000 0.070711
vn 0.070711 0.000000 0.070711
vn 0.070711 0.000000 0.070711
vn 0.070711 0.000000 0.070711
vn 0.070711 0.000000 0.070711
vn -0.000000 0.070711 0.070711
vn -0.000000 0.070711 0.070711
vn -0.000000 0.070711 0.070711
vn -0.000000 0.070711 0.070711
vn -0.070711 -0.000000 0.070711
vn -0.070711 -0.000000 0.070711
vn -0.069636 0.012279 0.070711
vn -0.069636 0.012279 0.070711
vn -0.066446 0.024184 0.070711
vn -0.066446 0.024184 0.070711
vn -0.061237 0.035355 0.070711
vn -0.061237 0.035355 0.070711
vn -0.054168 0.045452 0.070711
vn -0.054168 0.045452 0.070711
vn -0.045452 0.054168 0.070711
vn -0.045452 0.054168 0.070711
vn -0.035355 0.061237 0.070711
vn -0.035355 0.061237 0.070711
vn -0.024184 0.066446 0.070711
vn -0.024184 0.066446 0.070711
vn -0.012279 0.069636 0.070711
vn -0.012279 0.069636 0.070711
vn -0.070711 -0.000000 0.070711
vn -0.070711 -0.000000 0.070711
vn -0.070711 -0.000000 0.070711
vn -0.070711 -0.000000 0.070711
vn -0.070711 -0.000000 0.070711
vn -0.070711 -0.000000 0.070711
vn 0.000000 0.070711 0.070711
vn 0.000000 0.070711 0.070711
vn -0.012279 0.069636 0.070711
vn -0.012279 0.069636 0.070711
vn -0.024184 0.066446 0.070711
vn -0.024184 0.066446 0.070711
vn -0.035355 0.061237 0.070711
vn -0.035355 0.061237 0.070711
vn -0.045452 0.054168 0.070711
vn -0.045452 0.054168 0.070711
vn -0.054168 0.045452 0.070711
vn -0.054168 0.045452 0.070711
vn -0.061237 0.035355 0.070711
vn -0.061237 0.035355 0.070711
vn -0.066446 0.024184 0.070711
vn -0.066446 0.024184 0.070711
vn -0.069636 0.012279 0.070711
vn -0.069636 0.012279 0.070711
vn 0.000000 0.070711 0.070711
vn 0.000000 0.070711 0.070711
vn 0.000000 0.070711 0.070711
vn 0.000000 0.070711 0.070711
vn 0.012279 0.069636 0.070711
vn 0.012279 0.069636 0.070711
vn 0.024184 0.066446 0.070711
vn 0.024184 0.066446 0.070711
vn 0.035355 0.061237 0.070711
vn 0.035355 0.061237 0.070711
vn 0.045452 0.054168 0.070711
vn 0.045452 0.054168 0.070711
vn 0.054168 0.045452 0.070711
vn 0.054168 0.045452 0.070711
vn 0.061237 0.035355 0.070711
vn 0.061237 0.035355 0.070711
vn 0.066446 0.024184 0.070711
vn 0.066446 0.024184 0.070711
vn 0.069636 0.012279 0.070711
vn 0.069636 0.012279 0.070711
vn 0.070711 -0.000000 0.070711
vn 0.070711 -0.000000 0.070711
vn 0.070711 0.000000 0.070711
vn 0.070711 0.000000 0.070711
vn 0.070711 0.000000 0.070711
vn 0.070711 0.000000 0.070711
vn 0.070711 0.000000 0.070711
vn 0.070711 0.000000 0.070711
vn 0.069636 0.012279 0.070711
vn 0.069636 0.012279 0.070711
vn 0.066446 0.024184 0.070711
vn 0.066446 0.024184 0.070711
vn 0.061237 0.035355 0.070711
vn 0.061237 0.035355 0.070711
vn 0.054168 0.045452 0.070711
vn 0.054168 0.045452 0.070711
vn 0.045452 0.054168 0.070711
vn 0.045452 0.054168 0.070711
vn 0.035355 0.061237 0.070711
vn 0.035355 0.061237 0.070711
vn 0.024184 0.066446 0.070711
vn 0.024184 0.066446 0.070711
vn 0.012279 0.069636 0.070711
vn 0.012279 0.069636 0.070711
vn 0.000000 0.070711 0.070711
vn 0.000000 0.070711 0.070711
vn 0.000000 0.070711 0.070711
vn 0.000000 0.070711 0.070711
vn -0.070711 0.070711 0.000000
vn -0.070711 0.070711 0.000000
vn -0.070711 0.070711 0.000000
vn -0.070711 0.070711 0.000000
vn -0.070711 0.070711 0.000000
vn -0.070711 0.070711 0.000000
vn 0.000000 0.100000 0.000000
vn 0.000000 0.100000 0.000000
vn 0.000000 0.100000 0.000000
vn 0.000000 0.100000 0.000000
vn 0.000000 0.100000 0.000000
vn 0.017365 0.098481 0.000000
vn 0.017365 0.098481 0.000000
vn 0.034202 0.093969 0.000000
vn 0.034202 0.093969 0.000000
vn 0.050000 0.086603 0.000000
vn 0.050000 0.086603 0.000000
vn 0.064279 0.076604 0.000000
vn 0.064279 0.076604 0.000000
vn 0.076604 0.064279 0.000000
vn 0.076604 0.064279 0.000000
vn 0.086603 0.050000 0.000000
vn 0.086603 0.050000 0.000000
vn 0.093969 0.034202 0.000000
vn 0.093969 0.034202 0.000000
vn 0.098481 0.017365 0.000000
vn 0.098481 0.017365 0.000000
vn 0.100000 0.000000 0.000000
vn 0.100000 0.000000 0.000000
vn 0.098481 0.017365 0.000000
vn 0.093969 0.034202 0.000000
vn 0.086603 0.050000 0.000000
vn 0.076604 0.064279 0.000000
vn 0.064279 0.076604 0.000000
vn 0.050000 0.086603 0.000000
vn 0.034202 0.093969 0.000000
vn 0.017365 0.098481 0.000000
vn 0.100000 0.000000 0.000000
vn 0.100000 0.000000 0.000000
vn 0.100000 0.000000 0.000000
vn 0.100000 0.000000 0.000000
vn 0.100000 0.000000 0.000000
vn 0.100000 0.000000 0.000000
vn 0.098481 0.017365 0.000000
vn 0.098481 0.017365 0.000000
vn 0.093969 0.034202 0.000000
vn 0.093969 0.034202 0.000000
vn 0.086603 0.050000 0.000000
vn 0.086603 0.050000 0.000000
vn 0.076604 0.064279 0.000000
vn 0.076604 0.064279 0.000000
vn 0.064279 0.076604 0.000000
vn 0.064279 0.076604 0.000000
vn 0.050000 0.086603 0.000000
vn 0.050000 0.086603 0.000000
vn 0.034202 0.093969 0.000000
vn 0.034202 0.093969 0.000000
vn 0.017365 0.098481 0.000000
vn 0.017365 0.098481 0.000000
vn 0.000000 0.100000 0.000000
vn 0.000000 0.100000 0.000000
vn 0.000000 0.100000 0.000000
vn 0.000000 0.100000 0.000000
vn 0.000000 0.100000 0.000000
vn 0.000000 0.100000 0.000000
vn -0.017365 0.098481 -0.000000
vn -0.017365 0.098481 -0.000000
vn -0.034202 0.093969 -0.000000
vn -0.034202 0.093969 -0.000000
vn -0.050000 0.086603 -0.000000
vn -0.050000 0.086603 -0.000000
vn -0.064279 0.076604 -0.000000
vn -0.064279 0.076604 -0.000000
vn -0.076604 0.064279 -0.000000
vn -0.076604 0.064279 -0.000000
vn -0.086603 0.050000 -0.000000
vn -0.086603 0.050000 -0.000000
vn -0.093969 0.034202 -0.000000
vn -0.093969 0.034202 -0.000000
vn -0.098481 0.017365 -0.000000
vn -0.098481 0.017365 -0.000000
vn -0.100000 -0.000000 0.000000
vn -0.100000 -0.000000 0.000000
vn 0.000000 0.000000 0.100000
vn 0.000000 0.000000 0.100000
vn 0.000000 0.000000 0.100000
vn 0.000000 0.000000 0.100000
vn 0.000000 0.000000 0.100000
vn 0.000000 0.000000 0.100000
vn 0.000000 0.000000 0.100000
vn 0.000000 0.000000 0.100000
vn 0.000000 0.000000 0.100000
vn 0.000000 0.000000 0.100000
vn 0.000000 0.000000 0.100000
vn 0.000000 0.000000 0.100000
vn 0.000000 0.000000 0.100000
vn 0.000000 0.000000 0.100000
vn 0.000000 0.000000 0.100000
vn 0.000000 0.000000 0.100000
vn 0.000000 0.000000 0.100000
vn 0.000000 0.000000 0.100000
vn 0.000000 0.000000 0.100000
vn 0.000000 0.000000 0.100000
vn 0.000000 0.000000 0.100000
vn 0.000000 0.000000 0.100000
vn 0.000000 0.000000 0.100000
vn 0.000000 0.000000 0.100000
vn 0.000000 0.000000 0.100000
vn 0.000000 0.000000 0.100000
vn 0.000000 0.000000 0.100000
vn 0.000000 0.000000 0.100000
vn 0.000000 0.000000 0.100000
vn 0.000000 0.000000 0.100000
vn 0.000000 0.000000 0.100000
vn 0.000000 0.000000 0.100000
vn 0.000000 0.000000 0.100000
vn 0.000000 0.000000 0.100000
vn 0.000000 0.000000 0.100000
vn 0.000000 0.000000 0.100000
vn 0.000000 0.000000 0.100000
vn 0.000000 0.000000 0.100000
vn 0.000000 0.000000 0.100000
vn -0.100000 -0.000000 0.000000
vn -0.100000 -0.000000 0.000000
vn -0.100000 -0.000000 0.000000
vn -0.100000 -0.000000 0.000000
vn -0.100000 -0.000000 0.000000
vn -0.100000 -0.000000 0.000000
vn -0.098481 0.017365 0.000000
vn -0.098481 0.017365 0.000000
vn -0.093969 0.034202 0.000000
vn -0.093969 0.034202 0.000000
vn -0.086603 0.050000 0.000000
vn -0.086603 0.050000 0.000000
vn -0.076604 0.064279 0.000000
vn -0.076604 0.064279 0.000000
vn -0.064279 0.076604 0.000000
vn -0.064279 0.076604 0.000000
vn -0.050000 0.086603 0.000000
vn -0.050000 0.086603 0.000000
vn -0.034202 0.093969 0.000000
vn -0.034202 0.093969 0.000000
vn -0.017365 0.098481 0.000000
vn -0.017365 0.098481 0.000000
vn 0.000000 0.100000 0.000000
vn 0.000000 0.100000 0.000000
vn -0.017365 0.098481 0.000000
vn -0.034202 0.093969 0.000000
vn -0.050000 0.086603 0.000000
vn -0.064279 0.076604 0.000000
vn -0.076604 0.064279 0.000000
vn -0.086603 0.050000 0.000000
vn -0.093969 0.034202 0.000000
vn -0.098481 0.017365 0.000000
vn -0.000000 0.100000 0.000000
vn -0.000000 0.100000 0.000000
vn -0.000000 0.100000 0.000000
vn 0.070711 0.070711 0.000000
vn 0.070711 0.070711 0.000000
vn 0.070711 0.070711 0.000000
vn 0.070711 0.070711 0.000000
vn 0.070711 0.070711 0.000000
vn 0.070711 0.070711 0.000000
vn 0.100000 0.000000 0.000000
vn 0.100000 0.000000 0.000000
vn 0.100000 0.000000 0.000000
vn 0.100000 0.000000 0.000000
vn 0.100000 0.000000 0.000000
vn 0.100000 0.000000 0.000000
vn 0.100000 0.000000 0.000000
vn 0.068782 -0.016402 0.070711
vn 0.068782 -0.016402 0.070711
vn 0.068782 -0.016402 0.070711
vn 0.068782 -0.016402 0.070711
vn 0.068782 -0.016402 0.070711
vn 0.068782 -0.016402 0.070711
vn 0.068782 -0.016402 0.070711
vn 0.000000 -0.070711 0.070711
vn 0.000000 -0.070711 0.070711
vn 0.011760 -0.069726 0.070711
vn 0.011760 -0.069726 0.070711
vn 0.023192 -0.066799 0.070711
vn 0.023192 -0.066799 0.070711
vn 0.033979 -0.062012 0.070711
vn 0.033979 -0.062012 0.070711
vn 0.043819 -0.055497 0.070711
vn 0.043819 -0.055497 0.070711
vn 0.052439 -0.047436 0.070711
vn 0.052439 -0.047436 0.070711
vn 0.059597 -0.038054 0.070711
vn 0.059597 -0.038054 0.070711
vn 0.065096 -0.027613 0.070711
vn 0.065096 -0.027613 0.070711
vn 0.000000 -0.070711 0.070711
vn 0.000000 -0.070711 0.070711
vn 0.000000 -0.070711 0.070711
vn 0.000000 -0.070711 0.070711
vn 0.000000 -0.070711 0.070711
vn 0.000000 -0.070711 0.070711
vn -0.068782 -0.016402 0.070711
vn -0.068782 -0.016402 0.070711
vn -0.065096 -0.027613 0.070711
vn -0.065096 -0.027613 0.070711
vn -0.059597 -0.038054 0.070711
vn -0.059597 -0.038054 0.070711
vn -0.052439 -0.047436 0.070711
vn -0.052439 -0.047436 0.070711
vn -0.043819 -0.055497 0.070711
vn -0.043819 -0.055497 0.070711
vn -0.033979 -0.062012 0.070711
vn -0.033979 -0.062012 0.070711
vn -0.023192 -0.066799 0.070711
vn -0.023192 -0.066799 0.070711
vn -0.011760 -0.069726 0.070711
vn -0.011760 -0.069726 0.070711
vn -0.068782 -0.016402 0.070711
vn -0.068782 -0.016402 0.070711
vn -0.068782 -0.016402 0.070711
vn -0.068782 -0.016402 0.070711
vn -0.068782 -0.016402 0.070711
vn 0.000000 0.000000 0.100000
vn 0.000000 0.000000 0.100000
vn 0.000000 0.000000 0.100000
vn 0.000000 0.000000 0.100000
vn 0.000000 0.000000 0.100000
vn 0.000000 0.000000 0.100000
vn 0.000000 0.000000 0.100000
vn 0.000000 0.000000 0.100000
vn 0.000000 0.000000 0.100000
vn 0.000000 0.000000 0.100000
vn 0.000000 0.000000 0.100000
vn 0.000000 0.000000 0.100000
vn 0.000000 0.000000 0.100000
vn 0.000000 0.000000 0.100000
vn 0.000000 0.000000 0.100000
vn 0.000000 0.000000 0.100000
vn 0.000000 0.000000 0.100000
vn 0.000000 0.000000 0.100000
vn 0.000000 0.000000 0.100000
vn 0.000000 0.000000 0.100000
vn 0.000000 0.000000 0.100000
vn 0.000000 0.000000 0.100000
vn 0.000000 0.000000 0.100000
vn 0.000000 0.000000 0.100000
vn 0.000000 0.000000 0.100000
vn 0.000000 0.000000 0.100000
vn 0.000000 0.000000 0.100000
vn 0.000000 0.000000 0.100000
vn 0.000000 0.000000 0.100000
vn 0.000000 0.000000 0.100000
vn 0.000000 0.000000 0.100000
vn 0.000000 0.000000 0.100000
vn 0.000000 0.000000 0.100000
vn 0.000000 0.000000 0.100000
vn 0.000000 0.000000 0.100000
vn 0.000000 0.000000 0.100000
vn 0.000000 0.000000 0.100000
vn 0.000000 0.000000 0.100000
vn 0.000000 0.000000 0.100000
vn 0.068782 -0.016402 -0.070711
vn 0.068782 -0.016402 -0.070711
vn 0.068782 -0.016402 -0.070711
vn 0.068782 -0.016402 -0.070711
vn 0.068782 -0.016402 -0.070711
vn 0.068782 -0.016402 -0.070711
vn 0.000000 -0.070711 -0.070711
vn 0.000000 -0.070711 -0.070711
vn 0.011760 -0.069726 -0.070711
vn 0.011760 -0.069726 -0.070711
vn 0.023192 -0.066799 -0.070711
vn 0.023192 -0.066799 -0.070711
vn 0.033979 -0.062012 -0.070711
vn 0.033979 -0.062012 -0.070711
vn 0.043819 -0.055497 -0.070711
vn 0.043819 -0.055497 -0.070711
vn 0.052439 -0.047436 -0.070711
vn 0.052439 -0.047436 -0.070711
vn 0.059597 -0.038054 -0.070711
vn 0.059597 -0.038054 -0.070711
vn 0.065096 -0.027613 -0.070711
vn 0.065096 -0.027613 -0.070711
vn -0.000000 -0.070711 -0.070711
vn -0.000000 -0.070711 -0.070711
vn -0.000000 -0.070711 -0.070711
vn -0.000000 -0.070711 -0.070711
vn -0.068782 -0.016402 -0.070711
vn -0.068782 -0.016402 -0.070711
vn -0.065096 -0.027613 -0.070711
vn -0.065096 -0.027613 -0.070711
vn -0.059597 -0.038054 -0.070711
vn -0.059597 -0.038054 -0.070711
vn -0.052439 -0.047436 -0.070711
vn -0.052439 -0.047436 -0.070711
vn -0.043819 -0.055497 -0.070711
vn -0.043819 -0.055497 -0.070711
vn -0.033979 -0.062012 -0.070711
vn -0.033979 -0.062012 -0.070711
vn -0.023192 -0.066799 -0.070711
vn -0.023192 -0.066799 -0.070711
vn -0.011760 -0.069726 -0.070711
vn -0.011760 -0.069726 -0.070711
vn -0.068782 -0.016402 -0.070711
vn -0.068782 -0.016402 -0.070711
vn -0.068782 -0.016402 -0.070711
vn -0.068782 -0.016402 -0.070711
vn -0.097273 -0.023196 0.000000
vn -0.097273 -0.023196 0.000000
vn -0.097273 -0.023196 0.000000
vn -0.097273 -0.023196 0.000000
vn -0.097273 -0.023196 0.000000
vn -0.097273 -0.023196 0.000000
vn -0.097273 -0.023196 0.000000
vn -0.000000 -0.100000 0.000000
vn -0.000000 -0.100000 0.000000
vn -0.016631 -0.098607 0.000000
vn -0.016631 -0.098607 0.000000
vn -0.032799 -0.094468 0.000000
vn -0.032799 -0.094468 0.000000
vn -0.048054 -0.087698 0.000000
vn -0.048054 -0.087698 0.000000
vn -0.061969 -0.078484 0.000000
vn -0.061969 -0.078484 0.000000
vn -0.074159 -0.067085 0.000000
vn -0.074159 -0.067085 0.000000
vn -0.084284 -0.053817 0.000000
vn -0.084284 -0.053817 0.000000
vn -0.092060 -0.039050 0.000000
vn -0.092060 -0.039050 0.000000
vn -0.092060 -0.039050 0.000000
vn -0.084284 -0.053817 0.000000
vn -0.074159 -0.067085 0.000000
vn -0.061969 -0.078484 0.000000
vn -0.048054 -0.087698 0.000000
vn -0.032799 -0.094468 0.000000
vn -0.016631 -0.098607 0.000000
vn 0.000000 -0.100000 0.000000
vn 0.000000 -0.100000 0.000000
vn 0.000000 -0.100000 0.000000
vn 0.000000 -0.100000 0.000000
vn 0.097273 -0.023196 0.000000
vn 0.097273 -0.023196 0.000000
vn 0.092060 -0.039050 0.000000
vn 0.092060 -0.039050 0.000000
vn 0.084284 -0.053817 0.000000
vn 0.084284 -0.053817 0.000000
vn 0.074159 -0.067085 0.000000
vn 0.074159 -0.067085 0.000000
vn 0.061969 -0.078484 0.000000
vn 0.061969 -0.078484 0.000000
vn 0.048054 -0.087698 0.000000
vn 0.048054 -0.087698 0.000000
vn 0.032799 -0.094468 0.000000
vn 0.032799 -0.094468 0.000000
vn 0.016631 -0.098607 0.000000
vn 0.016631 -0.098607 0.000000
vn 0.016631 -0.098607 0.000000
vn 0.032799 -0.094468 0.000000
vn 0.048054 -0.087698 0.000000
vn 0.061969 -0.078484 0.000000
vn 0.074159 -0.067085 0.000000
vn 0.084284 -0.053817 0.000000
vn 0.092060 -0.039050 0.000000
vn 0.097273 -0.023196 0.000000
vn 0.097273 -0.023196 0.000000
vn 0.097273 -0.023196 0.000000
vn 0.097273 -0.023196 0.000000
vn 0.097273 -0.023196 0.000000
vn -0.000000 0.000000 -0.100000
vn -0.000000 0.000000 -0.100000
vn -0.000000 0.000000 -0.100000
vn -0.000000 0.000000 -0.100000
vn -0.000000 0.000000 -0.100000
vn -0.000000 0.000000 -0.100000
vn -0.000000 0.000000 -0.100000
vn -0.000000 0.000000 -0.100000
vn -0.000000 0.000000 -0.100000
vn -0.000000 0.000000 -0.100000
vn -0.000000 0.000000 -0.100000
vn -0.000000 0.000000 -0.100000
vn -0.000000 0.000000 -0.100000
vn -0.000000 0.000000 -0.100000
vn -0.000000 0.000000 -0.100000
vn -0.000000 0.000000 -0.100000
vn -0.000000 0.000000 -0.100000
vn -0.000000 0.000000 -0.100000
vn -0.000000 0.000000 -0.100000
vn -0.000000 0.000000 -0.100000
vn -0.000000 0.000000 -0.100000
vn -0.000000 0.000000 -0.100000
vn -0.000000 0.000000 -0.100000
vn -0.000000 0.000000 -0.100000
vn -0.000000 0.000000 -0.100000
vn -0.000000 0.000000 -0.100000
vn -0.000000 0.000000 -0.100000
vn -0.000000 0.000000 -0.100000
vn -0.000000 0.000000 -0.100000
vn -0.000000 0.000000 -0.100000
vn -0.000000 0.000000 -0.100000
vn -0.000000 0.000000 -0.100000
vn -0.000000 0.000000 -0.100000
vn -0.000000 0.000000 -0.100000
vn -0.000000 0.000000 -0.100000
vn -0.000000 0.000000 -0.100000
vn -0.000000 0.000000 -0.100000
vn -0.000000 0.000000 -0.100000
vn -0.000000 0.000000 -0.100000
vn -0.000000 0.000000 -0.100000
vn -0.000000 0.000000 -0.100000
vn -0.000000 0.000000 -0.100000
vn -0.000000 0.000000 -0.100000
vn -0.000000 0.000000 -0.100000
vn -0.000000 0.000000 -0.100000
vn -0.000000 0.000000 -0.100000
vn -0.000000 0.000000 -0.100000
vn -0.000000 0.000000 -0.100000
vn -0.000000 0.000000 -0.100000
vn -0.000000 0.000000 -0.100000
vn -0.000000 0.000000 -0.100000
vn -0.000000 0.000000 -0.100000
vn -0.000000 0.000000 -0.100000
vn -0.000000 0.000000 -0.100000
vn -0.000000 0.000000 -0.100000
vn -0.000000 0.000000 -0.100000
vn -0.000000 0.000000 -0.100000
vn -0.000000 0.000000 -0.100000
vn -0.000000 0.000000 -0.100000
vn -0.000000 0.000000 -0.100000
vn -0.000000 0.000000 -0.100000
vn -0.000000 0.000000 -0.100000
vn -0.000000 0.000000 -0.100000
vn -0.000000 0.000000 -0.100000
vn -0.000000 0.000000 -0.100000
vn -0.000000 0.000000 -0.100000
vn -0.000000 0.000000 -0.100000
vn -0.000000 0.000000 -0.100000
vn -0.000000 0.000000 -0.100000
vn -0.000000 0.000000 -0.100000
vn -0.000000 0.000000 -0.100000
vn -0.000000 0.000000 -0.100000
vn -0.000000 0.000000 -0.100000
vn -0.000000 0.000000 -0.100000
vn -0.089443 0.044721 -0.000000
vn -0.089443 0.044721 -0.000000
vn -0.089443 0.044721 -0.000000
vn -0.089443 0.044721 -0.000000
vn 0.083205 0.000000 -0.055470
vn 0.083205 0.000000 -0.055470
vn 0.083205 0.000000 -0.055470
vn 0.083205 0.000000 -0.055470
vn 0.083205 0.000000 -0.055470
vn 0.083205 0.000000 -0.055470
vn -0.083205 0.000000 -0.055470
vn -0.083205 0.000000 -0.055470
vn -0.083205 0.000000 -0.055470
vn -0.083205 0.000000 -0.055470
vn -0.083205 0.000000 -0.055470
vn -0.083205 0.000000 -0.055470
vn -0.083205 0.000000 -0.055470
vn -0.083205 0.000000 -0.055470
vn -0.083205 0.000000 -0.055470
vn -0.083205 0.000000 -0.055470
vn -0.083205 0.000000 -0.055470
vn 0.000000 0.000000 -0.100000
vn 0.000000 0.000000 -0.100000
vn 0.000000 0.000000 -0.100000
vn 0.000000 0.000000 -0.100000
vn 0.000000 -0.070711 0.070711
vn 0.000000 -0.070711 0.070711
vn 0.000000 -0.070711 0.070711
vn 0.000000 -0.070711 0.070711
vn 0.000000 -0.070711 0.070711
vn 0.000000 -0.070711 0.070711
vn 0.000000 -0.070711 0.070711
vn 0.000000 -0.070711 0.070711
vn 0.000000 -0.070711 0.070711
vn 0.000000 -0.070711 0.070711
vn 0.000000 -0.070711 0.070711
vn 0.000000 -0.070711 0.070711
vn 0.000000 -0.070711 0.070711
vn 0.000000 -0.070711 0.070711
vn 0.000000 -0.070711 0.070711
vn 0.000000 -0.070711 0.070711
vn 0.000000 -0.070711 0.070711
vn 0.000000 -0.070711 0.070711
vn 0.000000 -0.070711 0.070711
vn 0.000000 -0.070711 0.070711
vn 0.000000 -0.070711 0.070711
vn 0.000000 -0.070711 0.070711
vn 0.000000 -0.070711 0.070711
vn -0.098481 -0.017365 0.000000
vn -0.098481 -0.017365 0.000000
vn -0.100000 -0.000000 0.000000
vn -0.100000 -0.000000 0.000000
vn -0.098481 0.017365 0.000000
vn -0.098481 0.017365 0.000000
vn -0.093969 0.034202 0.000000
vn -0.093969 0.034202 0.000000
vn -0.086603 0.050000 0.000000
vn -0.086603 0.050000 0.000000
vn -0.076604 0.064279 0.000000
vn -0.076604 0.064279 0.000000
vn -0.064279 0.076604 0.000000
vn -0.064279 0.076604 0.000000
vn -0.050000 0.086603 0.000000
vn -0.050000 0.086603 0.000000
vn -0.034202 0.093969 0.000000
vn -0.034202 0.093969 0.000000
vn -0.017365 0.098481 0.000000
vn -0.017365 0.098481 0.000000
vn 0.000000 0.100000 0.000000
vn 0.000000 0.100000 0.000000
vn 0.017365 0.098481 0.000000
vn 0.017365 0.098481 0.000000
vn 0.034202 0.093969 0.000000
vn 0.034202 0.093969 0.000000
vn 0.050000 0.086603 0.000000
vn 0.050000 0.086603 0.000000
vn 0.064279 0.076604 0.000000
vn 0.064279 0.076604 0.000000
vn 0.076604 0.064279 0.000000
vn 0.076604 0.064279 0.000000
vn 0.086603 0.050000 0.000000
vn 0.086603 0.050000 0.000000
vn 0.093969 0.034202 0.000000
vn 0.093969 0.034202 0.000000
vn 0.098481 0.017365 0.000000
vn 0.098481 0.017365 0.000000
vn 0.100000 0.000000 0.000000
vn 0.100000 0.000000 0.000000
vn 0.098481 -0.017365 0.000000
vn 0.098481 -0.017365 0.000000
vn 0.093969 -0.034202 0.000000
vn 0.093969 -0.034202 0.000000
vn 0.086603 -0.050000 0.000000
vn 0.086603 -0.050000 0.000000
vn 0.076604 -0.064279 0.000000
vn 0.076604 -0.064279 0.000000
vn 0.064279 -0.076604 0.000000
vn 0.064279 -0.076604 0.000000
vn 0.050000 -0.086603 0.000000
vn 0.050000 -0.086603 0.000000
vn 0.034202 -0.093969 0.000000
vn 0.034202 -0.093969 0.000000
vn 0.017365 -0.098481 0.000000
vn 0.017365 -0.098481 0.000000
vn 0.000000 -0.100000 0.000000
vn 0.000000 -0.100000 0.000000
vn -0.017365 -0.098481 0.000000
vn -0.017365 -0.098481 0.000000
vn -0.034202 -0.093969 0.000000
vn -0.034202 -0.093969 0.000000
vn -0.050000 -0.086603 0.000000
vn -0.050000 -0.086603 0.000000
vn -0.064279 -0.076604 0.000000
vn -0.064279 -0.076604 0.000000
vn -0.076604 -0.064279 0.000000
vn -0.076604 -0.064279 0.000000
vn -0.086603 -0.050000 0.000000
vn -0.086603 -0.050000 0.000000
vn -0.093969 -0.034202 0.000000
vn -0.093969 -0.034202 0.000000
vn 0.000000 -0.000000 0.100000
vn 0.000000 -0.000000 0.100000
vn 0.000000 -0.000000 0.100000
vn 0.000000 -0.000000 0.100000
vn 0.000000 -0.000000 0.100000
vn 0.000000 -0.000000 0.100000
vn 0.000000 -0.000000 0.100000
vn 0.000000 -0.000000 0.100000
vn 0.000000 -0.000000 0.100000
vn 0.000000 -0.000000 0.100000
vn 0.000000 -0.000000 0.100000
vn 0.000000 -0.000000 0.100000
vn 0.000000 -0.000000 0.100000
vn 0.000000 -0.000000 0.100000
vn 0.000000 -0.000000 0.100000
vn 0.000000 -0.000000 0.100000
vn 0.000000 -0.000000 0.100000
vn 0.000000 -0.000000 0.100000
vn 0.000000 -0.000000 0.100000
vn 0.000000 -0.000000 0.100000
vn 0.000000 -0.000000 0.100000
vn 0.000000 -0.000000 0.100000
vn 0.000000 -0.000000 0.100000
vn 0.000000 -0.000000 0.100000
vn 0.000000 -0.000000 0.100000
vn 0.000000 -0.000000 0.100000
vn 0.000000 -0.000000 0.100000
vn 0.000000 -0.000000 0.100000
vn 0.000000 -0.000000 0.100000
vn 0.000000 -0.000000 0.100000
vn 0.000000 -0.000000 0.100000
vn 0.000000 -0.000000 0.100000
vn 0.000000 -0.000000 0.100000
vn 0.000000 -0.000000 0.100000
vn 0.000000 -0.000000 0.100000
vn 0.000000 -0.000000 0.100000
vn -0.098481 -0.017365 0.000000
vn -0.098481 -0.017365 0.000000
vn -0.100000 -0.000000 0.000000
vn -0.100000 -0.000000 0.000000
vn -0.098481 0.017365 0.000000
vn -0.098481 0.017365 0.000000
vn -0.093969 0.034202 0.000000
vn -0.093969 0.034202 0.000000
vn -0.086603 0.050000 0.000000
vn -0.086603 0.050000 0.000000
vn -0.076604 0.064279 0.000000
vn -0.076604 0.064279 0.000000
vn -0.064279 0.076604 0.000000
vn -0.064279 0.076604 0.000000
vn -0.050000 0.086603 0.000000
vn -0.050000 0.086603 0.000000
vn -0.034202 0.093969 0.000000
vn -0.034202 0.093969 0.000000
vn -0.017365 0.098481 0.000000
vn -0.017365 0.098481 0.000000
vn 0.000000 0.100000 0.000000
vn 0.000000 0.100000 0.000000
vn 0.017365 0.098481 0.000000
vn 0.017365 0.098481 0.000000
vn 0.034202 0.093969 0.000000
vn 0.034202 0.093969 0.000000
vn 0.050000 0.086603 0.000000
vn 0.050000 0.086603 0.000000
vn 0.064279 0.076604 0.000000
vn 0.064279 0.076604 0.000000
vn 0.076604 0.064279 0.000000
vn 0.076604 0.064279 0.000000
vn 0.086603 0.050000 0.000000
vn 0.086603 0.050000 0.000000
vn 0.093969 0.034202 0.000000
vn 0.093969 0.034202 0.000000
vn 0.098481 0.017365 0.000000
vn 0.098481 0.017365 0.000000
vn 0.100000 0.000000 0.000000
vn 0.100000 0.000000 0.000000
vn 0.098481 -0.017365 0.000000
vn 0.098481 -0.017365 0.000000
vn 0.093969 -0.034202 0.000000
vn 0.093969 -0.034202 0.000000
vn 0.086603 -0.050000 0.000000
vn 0.086603 -0.050000 0.000000
vn 0.076604 -0.064279 0.000000
vn 0.076604 -0.064279 0.000000
vn 0.064279 -0.076604 0.000000
vn 0.064279 -0.076604 0.000000
vn 0.050000 -0.086603 0.000000
vn 0.050000 -0.086603 0.000000
vn 0.034202 -0.093969 0.000000
vn 0.034202 -0.093969 0.000000
vn 0.017365 -0.098481 0.000000
vn 0.017365 -0.098481 0.000000
vn 0.000000 -0.100000 0.000000
vn 0.000000 -0.100000 0.000000
vn -0.017365 -0.098481 0.000000
vn -0.017365 -0.098481 0.000000
vn -0.034202 -0.093969 0.000000
vn -0.034202 -0.093969 0.000000
vn -0.050000 -0.086603 0.000000
vn -0.050000 -0.086603 0.000000
vn -0.064279 -0.076604 0.000000
vn -0.064279 -0.076604 0.000000
vn -0.076604 -0.064279 0.000000
vn -0.076604 -0.064279 0.000000
vn -0.086603 -0.050000 0.000000
vn -0.086603 -0.050000 0.000000
vn -0.093969 -0.034202 0.000000
vn -0.093969 -0.034202 0.000000
vn 0.000000 -0.000000 0.100000
vn 0.000000 -0.000000 0.100000
vn 0.000000 -0.000000 0.100000
vn 0.000000 -0.000000 0.100000
vn 0.000000 -0.000000 0.100000
vn 0.000000 -0.000000 0.100000
vn 0.000000 -0.000000 0.100000
vn 0.000000 -0.000000 0.100000
vn 0.000000 -0.000000 0.100000
vn 0.000000 -0.000000 0.100000
vn 0.000000 -0.000000 0.100000
vn 0.000000 -0.000000 0.100000
vn 0.000000 -0.000000 0.100000
vn 0.000000 -0.000000 0.100000
vn 0.000000 -0.000000 0.100000
vn 0.000000 -0.000000 0.100000
vn 0.000000 -0.000000 0.100000
vn 0.000000 -0.000000 0.100000
vn 0.000000 -0.000000 0.100000
vn 0.000000 -0.000000 0.100000
vn 0.000000 -0.000000 0.100000
vn 0.000000 -0.000000 0.100000
vn 0.000000 -0.000000 0.100000
vn 0.000000 -0.000000 0.100000
vn 0.000000 -0.000000 0.100000
vn 0.000000 -0.000000 0.100000
vn 0.000000 -0.000000 0.100000
vn 0.000000 -0.000000 0.100000
vn 0.000000 -0.000000 0.100000
vn 0.000000 -0.000000 0.100000
vn 0.000000 -0.000000 0.100000
vn 0.000000 -0.000000 0.100000
vn 0.000000 -0.000000 0.100000
vn 0.000000 -0.000000 0.100000
vn 0.000000 -0.000000 0.100000
vn 0.000000 -0.000000 0.100000
vn -0.098481 0.017365 0.000000
vn -0.098481 0.017365 0.000000
vn -0.100000 -0.000000 0.000000
vn -0.100000 -0.000000 0.000000
vn -0.098481 -0.017365 0.000000
vn -0.098481 -0.017365 0.000000
vn -0.093969 -0.034202 0.000000
vn -0.093969 -0.034202 0.000000
vn -0.086603 -0.050000 0.000000
vn -0.086603 -0.050000 0.000000
vn -0.076604 -0.064279 0.000000
vn -0.076604 -0.064279 0.000000
vn -0.064279 -0.076604 0.000000
vn -0.064279 -0.076604 0.000000
vn -0.050000 -0.086603 0.000000
vn -0.050000 -0.086603 0.000000
vn -0.034202 -0.093969 0.000000
vn -0.034202 -0.093969 0.000000
vn -0.017365 -0.098481 0.000000
vn -0.017365 -0.098481 0.000000
vn 0.000000 -0.100000 0.000000
vn 0.000000 -0.100000 0.000000
vn 0.017365 -0.098481 0.000000
vn 0.017365 -0.098481 0.000000
vn 0.034202 -0.093969 0.000000
vn 0.034202 -0.093969 0.000000
vn 0.050000 -0.086603 0.000000
vn 0.050000 -0.086603 0.000000
vn 0.064279 -0.076604 0.000000
vn 0.064279 -0.076604 0.000000
vn 0.076604 -0.064279 0.000000
vn 0.076604 -0.064279 0.000000
vn 0.086603 -0.050000 0.000000
vn 0.086603 -0.050000 0.000000
vn 0.093969 -0.034202 0.000000
vn 0.093969 -0.034202 0.000000
vn 0.098481 -0.017365 0.000000
vn 0.098481 -0.017365 0.000000
vn 0.100000 0.000000 0.000000
vn 0.100000 0.000000 0.000000
vn 0.098481 0.017365 0.000000
vn 0.098481 0.017365 0.000000
vn 0.093969 0.034202 0.000000
vn 0.093969 0.034202 0.000000
vn 0.086603 0.050000 0.000000
vn 0.086603 0.050000 0.000000
vn 0.076604 0.064279 0.000000
vn 0.076604 0.064279 0.000000
vn 0.064279 0.076604 0.000000
vn 0.064279 0.076604 0.000000
vn 0.050000 0.086603 0.000000
vn 0.050000 0.086603 0.000000
vn 0.034202 0.093969 0.000000
vn 0.034202 0.093969 0.000000
vn 0.017365 0.098481 0.000000
vn 0.017365 0.098481 0.000000
vn 0.000000 0.100000 0.000000
vn 0.000000 0.100000 0.000000
vn -0.017365 0.098481 0.000000
vn -0.017365 0.098481 0.000000
vn -0.034202 0.093969 0.000000
vn -0.034202 0.093969 0.000000
vn -0.050000 0.086603 0.000000
vn -0.050000 0.086603 0.000000
vn -0.064279 0.076604 0.000000
vn -0.064279 0.076604 0.000000
vn -0.076604 0.064279 0.000000
vn -0.076604 0.064279 0.000000
vn -0.086603 0.050000 0.000000
vn -0.086603 0.050000 0.000000
vn -0.093969 0.034202 0.000000
vn -0.093969 0.034202 0.000000
vn -0.098481 0.017365 0.000000
vn -0.098481 0.017365 0.000000
vn -0.100000 -0.000000 0.000000
vn -0.100000 -0.000000 0.000000
vn -0.098481 -0.017365 0.000000
vn -0.098481 -0.017365 0.000000
vn -0.093969 -0.034202 0.000000
vn -0.093969 -0.034202 0.000000
vn -0.086603 -0.050000 0.000000
vn -0.086603 -0.050000 0.000000
vn -0.076604 -0.064279 0.000000
vn -0.076604 -0.064279 0.000000
vn -0.064279 -0.076604 0.000000
vn -0.064279 -0.076604 0.000000
vn -0.050000 -0.086603 0.000000
vn -0.050000 -0.086603 0.000000
vn -0.034202 -0.093969 0.000000
vn -0.034202 -0.093969 0.000000
vn -0.017365 -0.098481 0.000000
vn -0.017365 -0.098481 0.000000
vn 0.000000 -0.100000 0.000000
vn 0.000000 -0.100000 0.000000
vn 0.017365 -0.098481 0.000000
vn 0.017365 -0.098481 0.000000
vn 0.034202 -0.093969 0.000000
vn 0.034202 -0.093969 0.000000
vn 0.050000 -0.086603 0.000000
vn 0.050000 -0.086603 0.000000
vn 0.064279 -0.076604 0.000000
vn 0.064279 -0.076604 0.000000
vn 0.076604 -0.064279 0.000000
vn 0.076604 -0.064279 0.000000
vn 0.086603 -0.050000 0.000000
vn 0.086603 -0.050000 0.000000
vn 0.093969 -0.034202 0.000000
vn 0.093969 -0.034202 0.000000
vn 0.098481 -0.017365 0.000000
vn 0.098481 -0.017365 0.000000
vn 0.100000 0.000000 0.000000
vn 0.100000 0.000000 0.000000
vn 0.098481 0.017365 0.000000
vn 0.098481 0.017365 0.000000
vn 0.093969 0.034202 0.000000
vn 0.093969 0.034202 0.000000
vn 0.086603 0.050000 0.000000
vn 0.086603 0.050000 0.000000
vn 0.076604 0.064279 0.000000
vn 0.076604 0.064279 0.000000
vn 0.064279 0.076604 0.000000
vn 0.064279 0.076604 0.000000
vn 0.050000 0.086603 0.000000
vn 0.050000 0.086603 0.000000
vn 0.034202 0.093969 0.000000
vn 0.034202 0.093969 0.000000
vn 0.017365 0.098481 0.000000
vn 0.017365 0.098481 0.000000
vn 0.000000 0.100000 0.000000
vn 0.000000 0.100000 0.000000
vn -0.017365 0.098481 0.000000
vn -0.017365 0.098481 0.000000
vn -0.034202 0.093969 0.000000
vn -0.034202 0.093969 0.000000
vn -0.050000 0.086603 0.000000
vn -0.050000 0.086603 0.000000
vn -0.064279 0.076604 0.000000
vn -0.064279 0.076604 0.000000
vn -0.076604 0.064279 0.000000
vn -0.076604 0.064279 0.000000
vn -0.086603 0.050000 0.000000
vn -0.086603 0.050000 0.000000
vn -0.093969 0.034202 0.000000
vn -0.093969 0.034202 0.000000
vn -0.100000 -0.000000 0.000000
vn -0.100000 -0.000000 0.000000
vn -0.100000 -0.000000 0.000000
vn -0.100000 -0.000000 0.000000
vn 0.098481 0.017365 0.000000
vn 0.098481 0.017365 0.000000
vn 0.100000 0.000000 0.000000
vn 0.100000 0.000000 0.000000
vn 0.098481 -0.017365 0.000000
vn 0.098481 -0.017365 0.000000
vn 0.093969 -0.034202 0.000000
vn 0.093969 -0.034202 0.000000
vn 0.086603 -0.050000 0.000000
vn 0.086603 -0.050000 0.000000
vn 0.076604 -0.064279 0.000000
vn 0.076604 -0.064279 0.000000
vn 0.064279 -0.076604 0.000000
vn 0.064279 -0.076604 0.000000
vn 0.050000 -0.086603 0.000000
vn 0.050000 -0.086603 0.000000
vn 0.034202 -0.093969 0.000000
vn 0.034202 -0.093969 0.000000
vn 0.017365 -0.098481 0.000000
vn 0.017365 -0.098481 0.000000
vn -0.000000 -0.100000 0.000000
vn -0.000000 -0.100000 0.000000
vn -0.017365 -0.098481 0.000000
vn -0.017365 -0.098481 0.000000
vn -0.034202 -0.093969 0.000000
vn -0.034202 -0.093969 0.000000
vn -0.050000 -0.086603 0.000000
vn -0.050000 -0.086603 0.000000
vn -0.064279 -0.076604 0.000000
vn -0.064279 -0.076604 0.000000
vn -0.076604 -0.064279 0.000000
vn -0.076604 -0.064279 0.000000
vn -0.086603 -0.050000 0.000000
vn -0.086603 -0.050000 0.000000
vn -0.093969 -0.034202 0.000000
vn -0.093969 -0.034202 0.000000
vn -0.098481 -0.017365 0.000000
vn -0.098481 -0.017365 0.000000
vn -0.100000 0.000000 0.000000
vn -0.100000 0.000000 0.000000
vn -0.098481 0.017365 -0.000000
vn -0.098481 0.017365 -0.000000
vn -0.093969 0.034202 -0.000000
vn -0.093969 0.034202 -0.000000
vn -0.086603 0.050000 -0.000000
vn -0.086603 0.050000 -0.000000
vn -0.076604 0.064279 -0.000000
vn -0.076604 0.064279 -0.000000
vn -0.064279 0.076604 -0.000000
vn -0.064279 0.076604 -0.000000
vn -0.050000 0.086603 -0.000000
vn -0.050000 0.086603 -0.000000
vn -0.034202 0.093969 -0.000000
vn -0.034202 0.093969 -0.000000
vn -0.017365 0.098481 -0.000000
vn -0.017365 0.098481 -0.000000
vn -0.000000 0.100000 -0.000000
vn -0.000000 0.100000 -0.000000
vn 0.017365 0.098481 0.000000
vn 0.017365 0.098481 0.000000
vn 0.034202 0.093969 0.000000
vn 0.034202 0.093969 0.000000
vn 0.050000 0.086603 0.000000
vn 0.050000 0.086603 0.000000
vn 0.064279 0.076604 0.000000
vn 0.064279 0.076604 0.000000
vn 0.076604 0.064279 0.000000
vn 0.076604 0.064279 0.000000
vn 0.086603 0.050000 0.000000
vn 0.086603 0.050000 0.000000
vn 0.093969 0.034202 0.000000
vn 0.093969 0.034202 0.000000
vn 0.000000 0.000000 0.100000
vn 0.000000 0.000000 0.100000
vn 0.000000 0.000000 0.100000
vn 0.000000 0.000000 0.100000
vn 0.000000 0.000000 0.100000
vn 0.000000 0.000000 0.100000
vn 0.000000 0.000000 0.100000
vn 0.000000 0.000000 0.100000
vn 0.000000 0.000000 0.100000
vn 0.000000 0.000000 0.100000
vn 0.000000 0.000000 0.100000
vn 0.000000 0.000000 0.100000
vn 0.000000 0.000000 0.100000
vn 0.000000 0.000000 0.100000
vn 0.000000 0.000000 0.100000
vn 0.000000 0.000000 0.100000
vn 0.000000 0.000000 0.100000
vn 0.000000 0.000000 0.100000
vn 0.000000 0.000000 0.100000
vn 0.000000 0.000000 0.100000
vn 0.000000 0.000000 0.100000
vn 0.000000 0.000000 0.100000
vn 0.000000 0.000000 0.100000
vn 0.000000 0.000000 0.100000
vn 0.000000 0.000000 0.100000
vn 0.000000 0.000000 0.100000
vn 0.000000 0.000000 0.100000
vn 0.000000 0.000000 0.100000
vn 0.000000 0.000000 0.100000
vn 0.000000 0.000000 0.100000
vn 0.000000 0.000000 0.100000
vn 0.000000 0.000000 0.100000
vn 0.000000 0.000000 0.100000
vn 0.000000 0.000000 0.100000
vn 0.000000 0.000000 0.100000
vn 0.000000 0.000000 0.100000
vn 0.098481 0.017365 0.000000
vn 0.098481 0.017365 0.000000
vn 0.100000 0.000000 0.000000
vn 0.100000 0.000000 0.000000
vn 0.098481 -0.017365 0.000000
vn 0.098481 -0.017365 0.000000
vn 0.093969 -0.034202 0.000000
vn 0.093969 -0.034202 0.000000
vn 0.086603 -0.050000 0.000000
vn 0.086603 -0.050000 0.000000
vn 0.076604 -0.064279 0.000000
vn 0.076604 -0.064279 0.000000
vn 0.064279 -0.076604 0.000000
vn 0.064279 -0.076604 0.000000
vn 0.050000 -0.086603 0.000000
vn 0.050000 -0.086603 0.000000
vn 0.034202 -0.093969 0.000000
vn 0.034202 -0.093969 0.000000
vn 0.017365 -0.098481 0.000000
vn 0.017365 -0.098481 0.000000
vn -0.000000 -0.100000 0.000000
vn -0.000000 -0.100000 0.000000
vn -0.017365 -0.098481 0.000000
vn -0.017365 -0.098481 0.000000
vn -0.034202 -0.093969 0.000000
vn -0.034202 -0.093969 0.000000
vn -0.050000 -0.086603 0.000000
vn -0.050000 -0.086603 0.000000
vn -0.064279 -0.076604 0.000000
vn -0.064279 -0.076604 0.000000
vn -0.076604 -0.064279 0.000000
vn -0.076604 -0.064279 0.000000
vn -0.086603 -0.050000 0.000000
vn -0.086603 -0.050000 0.000000
vn -0.093969 -0.034202 0.000000
vn -0.093969 -0.034202 0.000000
vn -0.098481 -0.017365 0.000000
vn -0.098481 -0.017365 0.000000
vn -0.100000 0.000000 0.000000
vn -0.100000 0.000000 0.000000
vn -0.098481 0.017365 -0.000000
vn -0.098481 0.017365 -0.000000
vn -0.093969 0.034202 -0.000000
vn -0.093969 0.034202 -0.000000
vn -0.086603 0.050000 -0.000000
vn -0.086603 0.050000 -0.000000
vn -0.076604 0.064279 -0.000000
vn -0.076604 0.064279 -0.000000
vn -0.064279 0.076604 -0.000000
vn -0.064279 0.076604 -0.000000
vn -0.050000 0.086603 -0.000000
vn -0.050000 0.086603 -0.000000
vn -0.034202 0.093969 -0.000000
vn -0.034202 0.093969 -0.000000
vn -0.017365 0.098481 -0.000000
vn -0.017365 0.098481 -0.000000
vn -0.000000 0.100000 -0.000000
vn -0.000000 0.100000 -0.000000
vn 0.017365 0.098481 0.000000
vn 0.017365 0.098481 0.000000
vn 0.034202 0.093969 0.000000
vn 0.034202 0.093969 0.000000
vn 0.050000 0.086603 0.000000
vn 0.050000 0.086603 0.000000
vn 0.064279 0.076604 0.000000
vn 0.064279 0.076604 0.000000
vn 0.076604 0.064279 0.000000
vn 0.076604 0.064279 0.000000
vn 0.086603 0.050000 0.000000
vn 0.086603 0.050000 0.000000
vn 0.093969 0.034202 0.000000
vn 0.093969 0.034202 0.000000
vn 0.000000 0.000000 0.100000
vn 0.000000 0.000000 0.100000
vn 0.000000 0.000000 0.100000
vn 0.000000 0.000000 0.100000
vn 0.000000 0.000000 0.100000
vn 0.000000 0.000000 0.100000
vn 0.000000 0.000000 0.100000
vn 0.000000 0.000000 0.100000
vn 0.000000 0.000000 0.100000
vn 0.000000 0.000000 0.100000
vn 0.000000 0.000000 0.100000
vn 0.000000 0.000000 0.100000
vn 0.000000 0.000000 0.100000
vn 0.000000 0.000000 0.100000
vn 0.000000 0.000000 0.100000
vn 0.000000 0.000000 0.100000
vn 0.000000 0.000000 0.100000
vn 0.000000 0.000000 0.100000
vn 0.000000 0.000000 0.100000
vn 0.000000 0.000000 0.100000
vn 0.000000 0.000000 0.100000
vn 0.000000 0.000000 0.100000
vn 0.000000 0.000000 0.100000
vn 0.000000 0.000000 0.100000
vn 0.000000 0.000000 0.100000
vn 0.000000 0.000000 0.100000
vn 0.000000 0.000000 0.100000
vn 0.000000 0.000000 0.100000
vn 0.000000 0.000000 0.100000
vn 0.000000 0.000000 0.100000
vn 0.000000 0.000000 0.100000
vn 0.000000 0.000000 0.100000
vn 0.000000 0.000000 0.100000
vn 0.000000 0.000000 0.100000
vn 0.000000 0.000000 0.100000
vn 0.000000 0.000000 0.100000
vn 0.098481 -0.017365 0.000000
vn 0.098481 -0.017365 0.000000
vn 0.100000 -0.000000 0.000000
vn 0.100000 -0.000000 0.000000
vn 0.098481 0.017365 0.000000
vn 0.098481 0.017365 0.000000
vn 0.093969 0.034202 0.000000
vn 0.093969 0.034202 0.000000
vn 0.086603 0.050000 0.000000
vn 0.086603 0.050000 0.000000
vn 0.076604 0.064279 0.000000
vn 0.076604 0.064279 0.000000
vn 0.064279 0.076604 0.000000
vn 0.064279 0.076604 0.000000
vn 0.050000 0.086603 0.000000
vn 0.050000 0.086603 0.000000
vn 0.034202 0.093969 0.000000
vn 0.034202 0.093969 0.000000
vn 0.017365 0.098481 0.000000
vn 0.017365 0.098481 0.000000
vn -0.000000 0.100000 -0.000000
vn -0.000000 0.100000 -0.000000
vn -0.017365 0.098481 -0.000000
vn -0.017365 0.098481 -0.000000
vn -0.034202 0.093969 -0.000000
vn -0.034202 0.093969 -0.000000
vn -0.050000 0.086603 -0.000000
vn -0.050000 0.086603 -0.000000
vn -0.064279 0.076604 -0.000000
vn -0.064279 0.076604 -0.000000
vn -0.076604 0.064279 -0.000000
vn -0.076604 0.064279 -0.000000
vn -0.086603 0.050000 -0.000000
vn -0.086603 0.050000 -0.000000
vn -0.093969 0.034202 -0.000000
vn -0.093969 0.034202 -0.000000
vn -0.098481 0.017365 -0.000000
vn -0.098481 0.017365 -0.000000
vn -0.100000 0.000000 0.000000
vn -0.100000 0.000000 0.000000
vn -0.098481 -0.017365 0.000000
vn -0.098481 -0.017365 0.000000
vn -0.093969 -0.034202 0.000000
vn -0.093969 -0.034202 0.000000
vn -0.086603 -0.050000 0.000000
vn -0.086603 -0.050000 0.000000
vn -0.076604 -0.064279 0.000000
vn -0.076604 -0.064279 0.000000
vn -0.064279 -0.076604 0.000000
vn -0.064279 -0.076604 0.000000
vn -0.050000 -0.086603 0.000000
vn -0.050000 -0.086603 0.000000
vn -0.034202 -0.093969 0.000000
vn -0.034202 -0.093969 0.000000
vn -0.017365 -0.098481 0.000000
vn -0.017365 -0.098481 0.000000
vn -0.000000 -0.100000 0.000000
vn -0.000000 -0.100000 0.000000
vn 0.017365 -0.098481 0.000000
vn 0.017365 -0.098481 0.000000
vn 0.034202 -0.093969 0.000000
vn 0.034202 -0.093969 0.000000
vn 0.050000 -0.086603 0.000000
vn 0.050000 -0.086603 0.000000
vn 0.064279 -0.076604 0.000000
vn 0.064279 -0.076604 0.000000
vn 0.076604 -0.064279 0.000000
vn 0.076604 -0.064279 0.000000
vn 0.086603 -0.050000 0.000000
vn 0.086603 -0.050000 0.000000
vn 0.093969 -0.034202 0.000000
vn 0.093969 -0.034202 0.000000
vn 0.098481 -0.017365 0.000000
vn 0.098481 -0.017365 0.000000
vn 0.100000 -0.000000 0.000000
vn 0.100000 -0.000000 0.000000
vn 0.098481 0.017365 0.000000
vn 0.098481 0.017365 0.000000
vn 0.093969 0.034202 0.000000
vn 0.093969 0.034202 0.000000
vn 0.086603 0.050000 0.000000
vn 0.086603 0.050000 0.000000
vn 0.076604 0.064279 0.000000
vn 0.076604 0.064279 0.000000
vn 0.064279 0.076604 0.000000
vn 0.064279 0.076604 0.000000
vn 0.050000 0.086603 0.000000
vn 0.050000 0.086603 0.000000
vn 0.034202 0.093969 0.000000
vn 0.034202 0.093969 0.000000
vn 0.017365 0.098481 0.000000
vn 0.017365 0.098481 0.000000
vn -0.000000 0.100000 -0.000000
vn -0.000000 0.100000 -0.000000
vn -0.017365 0.098481 -0.000000
vn -0.017365 0.098481 -0.000000
vn -0.034202 0.093969 -0.000000
vn -0.034202 0.093969 -0.000000
vn -0.050000 0.086603 -0.000000
vn -0.050000 0.086603 -0.000000
vn -0.064279 0.076604 -0.000000
vn -0.064279 0.076604 -0.000000
vn -0.076604 0.064279 -0.000000
vn -0.076604 0.064279 -0.000000
vn -0.086603 0.050000 -0.000000
vn -0.086603 0.050000 -0.000000
vn -0.093969 0.034202 -0.000000
vn -0.093969 0.034202 -0.000000
vn -0.098481 0.017365 -0.000000
vn -0.098481 0.017365 -0.000000
vn -0.100000 0.000000 0.000000
vn -0.100000 0.000000 0.000000
vn -0.098481 -0.017365 0.000000
vn -0.098481 -0.017365 0.000000
vn -0.093969 -0.034202 0.000000
vn -0.093969 -0.034202 0.000000
vn -0.086603 -0.050000 0.000000
vn -0.086603 -0.050000 0.000000
vn -0.076604 -0.064279 0.000000
vn -0.076604 -0.064279 0.000000
vn -0.064279 -0.076604 0.000000
vn -0.064279 -0.076604 0.000000
vn -0.050000 -0.086603 0.000000
vn -0.050000 -0.086603 0.000000
vn -0.034202 -0.093969 0.000000
vn -0.034202 -0.093969 0.000000
vn -0.017365 -0.098481 0.000000
vn -0.017365 -0.098481 0.000000
vn -0.000000 -0.100000 0.000000
vn -0.000000 -0.100000 0.000000
vn 0.017365 -0.098481 0.000000
vn 0.017365 -0.098481 0.000000
vn 0.034202 -0.093969 0.000000
vn 0.034202 -0.093969 0.000000
vn 0.050000 -0.086603 0.000000
vn 0.050000 -0.086603 0.000000
vn 0.064279 -0.076604 0.000000
vn 0.064279 -0.076604 0.000000
vn 0.076604 -0.064279 0.000000
vn 0.076604 -0.064279 0.000000
vn 0.086603 -0.050000 0.000000
vn 0.086603 -0.050000 0.000000
vn 0.093969 -0.034202 0.000000
vn 0.093969 -0.034202 0.000000
vn 0.000000 -0.100000 0.000000
vn 0.000000 -0.100000 0.000000
vn 0.000000 -0.100000 0.000000
vn 0.000000 -0.100000 0.000000
vn 0.000000 -0.100000 0.000000
vn 0.100000 0.000000 0.000000
vn 0.100000 0.000000 0.000000
vn 0.100000 0.000000 0.000000
vn 0.100000 0.000000 0.000000
usemtl ABS_(White)
f 36/1/1 1/2/2 37/3/3
f 37/3/3 1/2/2 2/4/4
f 37/3/3 2/4/4 72/5/5
f 72/5/5 2/4/4 3/6/6
f 72/5/5 3/6/6 71/7/7
f 71/7/7 3/6/6 4/8/8
f 71/7/7 4/8/8 70/9/9
f 70/9/9 4/8/8 5/10/10
f 70/9/9 5/10/10 69/11/11
f 69/11/11 5/10/10 6/12/12
f 69/11/11 6/12/12 68/13/13
f 68/13/13 6/12/12 7/14/14
f 68/13/13 7/14/14 67/15/15
f 67/15/15 7/14/14 8/16/16
f 67/15/15 8/16/16 66/17/17
f 66/17/17 8/16/16 9/18/18
f 66/17/17 9/18/18 65/19/19
f 65/19/19 9/18/18 10/20/20
f 65/19/19 10/20/20 64/21/21
f 64/21/21 10/20/20 63/22/22
f 63/22/22 10/20/20 11/23/23
f 63/22/22 11/23/23 62/24/24
f 62/24/24 11/23/23 12/25/25
f 62/24/24 12/25/25 61/26/26
f 61/26/26 12/25/25 13/27/27
f 61/26/26 13/27/27 60/28/28
f 60/28/28 13/27/27 14/29/29
f 60/28/28 14/29/29 59/30/30
f 59/30/30 14/29/29 15/31/31
f 59/30/30 15/31/31 58/32/32
f 58/32/32 15/31/31 16/33/33
f 58/32/32 16/33/33 57/34/34
f 57/34/34 16/33/33 17/35/35
f 57/34/34 17/35/35 56/36/36
f 56/36/36 17/35/35 18/37/37
f 56/36/36 18/37/37 55/38/38
f 55/38/38 18/37/37 19/39/39
f 55/38/38 19/39/39 54/40/40
f 54/40/40 19/39/39 20/41/41
f 54/40/40 20/41/41 21/42/42
f 54/40/40 21/42/42 53/43/43
f 53/43/43 21/42/42 22/44/44
f 53/43/43 22/44/44 52/45/45
f 52/45/45 22/44/44 23/46/46
f 52/45/45 23/46/46 51/47/47
f 51/47/47 23/46/46 24/48/48
f 51/47/47 24/48/48 50/49/49
f 50/49/49 24/48/48 25/50/50
f 50/49/49 25/50/50 49/51/51
f 49/51/51 25/50/50 26/52/52
f 49/51/51 26/52/52 48/53/53
f 48/53/53 26/52/52 27/54/54
f 48/53/53 27/54/54 47/55/55
f 47/55/55 27/54/54 28/56/56
f 47/55/55 28/56/56 46/57/57
f 46/57/57 28/56/56 45/58/58
f 45/58/58 28/56/56 29/59/59
f 45/58/58 29/59/59 44/60/60
f 44/60/60 29/59/59 30/61/61
f 44/60/60 30/61/61 43/62/62
f 43/62/62 30/61/61 31/63/63
f 43/62/62 31/63/63 42/64/64
f 42/64/64 31/63/63 32/65/65
f 42/64/64 32/65/65 41/66/66
f 41/66/66 32/65/65 33/67/67
f 41/66/66 33/67/67 40/68/68
f 40/68/68 33/67/67 34/69/69
f 40/68/68 34/69/69 39/70/70
f 39/70/70 34/69/69 35/71/71
f 39/70/70 35/71/71 38/72/72
f 38/72/72 35/71/71 36/1/1
f 38/72/72 36/1/1 37/3/3
f 74/73/73 144/74/74 73/75/75
f 73/75/75 144/74/74 109/76/76
f 73/75/75 109/76/76 108/77/77
f 108/77/77 109/76/76 110/78/78
f 108/77/77 110/78/78 107/79/79
f 107/79/79 110/78/78 111/80/80
f 107/79/79 111/80/80 106/81/81
f 106/81/81 111/80/80 112/82/82
f 106/81/81 112/82/82 105/83/83
f 105/83/83 112/82/82 113/84/84
f 105/83/83 113/84/84 104/85/85
f 104/85/85 113/84/84 114/86/86
f 104/85/85 114/86/86 103/87/87
f 103/87/87 114/86/86 115/88/88
f 103/87/87 115/88/88 102/89/89
f 102/89/89 115/88/88 116/90/90
f 102/89/89 116/90/90 101/91/91
f 101/91/91 116/90/90 117/92/92
f 101/91/91 117/92/92 100/93/93
f 100/93/93 117/92/92 118/94/94
f 100/93/93 118/94/94 119/95/95
f 74/73/73 75/96/96 144/74/74
f 144/74/74 75/96/96 143/97/97
f 143/97/97 75/96/96 76/98/98
f 143/97/97 76/98/98 142/99/99
f 142/99/99 76/98/98 77/100/100
f 142/99/99 77/100/100 141/101/101
f 141/101/101 77/100/100 78/102/102
f 141/101/101 78/102/102 140/103/103
f 140/103/103 78/102/102 79/104/104
f 140/103/103 79/104/104 139/105/105
f 139/105/105 79/104/104 80/106/106
f 139/105/105 80/106/106 138/107/107
f 138/107/107 80/106/106 81/108/108
f 138/107/107 81/108/108 137/109/109
f 137/109/109 81/108/108 82/110/110
f 137/109/109 82/110/110 136/111/111
f 136/111/111 82/110/110 135/112/112
f 135/112/112 82/110/110 83/113/113
f 135/112/112 83/113/113 134/114/114
f 134/114/114 83/113/113 84/115/115
f 134/114/114 84/115/115 133/116/116
f 133/116/116 84/115/115 85/117/117
f 133/116/116 85/117/117 132/118/118
f 132/118/118 85/117/117 86/119/119
f 132/118/118 86/119/119 131/120/120
f 131/120/120 86/119/119 87/121/121
f 131/120/120 87/121/121 130/122/122
f 130/122/122 87/121/121 88/123/123
f 130/122/122 88/123/123 129/124/124
f 129/124/124 88/123/123 89/125/125
f 129/124/124 89/125/125 128/126/126
f 128/126/126 89/125/125 90/127/127
f 128/126/126 90/127/127 127/128/128
f 127/128/128 90/127/127 91/129/129
f 127/128/128 91/129/129 92/130/130
f 127/128/128 92/130/130 126/131/131
f 126/131/131 92/130/130 93/132/132
f 126/131/131 93/132/132 125/133/133
f 125/133/133 93/132/132 94/134/134
f 125/133/133 94/134/134 124/135/135
f 124/135/135 94/134/134 95/136/136
f 124/135/135 95/136/136 123/137/137
f 123/137/137 95/136/136 96/138/138
f 123/137/137 96/138/138 122/139/139
f 122/139/139 96/138/138 97/140/140
f 122/139/139 97/140/140 121/141/141
f 121/141/141 97/140/140 98/142/142
f 121/141/141 98/142/142 120/143/143
f 120/143/143 98/142/142 99/144/144
f 120/143/143 99/144/144 119/95/95
f 119/95/95 99/144/144 100/93/93
f 180/145/145 145/146/146 181/147/147
f 181/147/147 145/146/146 146/148/148
f 181/147/147 146/148/148 216/149/149
f 216/149/149 146/148/148 147/150/150
f 216/149/149 147/150/150 215/151/151
f 215/151/151 147/150/150 148/152/152
f 215/151/151 148/152/152 214/153/153
f 214/153/153 148/152/152 149/154/154
f 214/153/153 149/154/154 213/155/155
f 213/155/155 149/154/154 150/156/156
f 213/155/155 150/156/156 212/157/157
f 212/157/157 150/156/156 151/158/158
f 212/157/157 151/158/158 211/159/159
f 211/159/159 151/158/158 152/160/160
f 211/159/159 152/160/160 210/161/161
f 210/161/161 152/160/160 153/162/162
f 210/161/161 153/162/162 209/163/163
f 209/163/163 153/162/162 154/164/164
f 209/163/163 154/164/164 208/165/165
f 208/165/165 154/164/164 207/166/166
f 207/166/166 154/164/164 155/167/167
f 207/166/166 155/167/167 206/168/168
f 206/168/168 155/167/167 156/169/169
f 206/168/168 156/169/169 205/170/170
f 205/170/170 156/169/169 157/171/171
f 205/170/170 157/171/171 204/172/172
f 204/172/172 157/171/171 158/173/173
f 204/172/172 158/173/173 203/174/174
f 203/174/174 158/173/173 159/175/175
f 203/174/174 159/175/175 202/176/176
f 202/176/176 159/175/175 160/177/177
f 202/176/176 160/177/177 201/178/178
f 201/178/178 160/177/177 161/179/179
f 201/178/178 161/179/179 200/180/180
f 200/180/180 161/179/179 162/181/181
f 200/180/180 162/181/181 199/182/182
f 199/182/182 162/181/181 163/183/183
f 199/182/182 163/183/183 198/184/184
f 198/184/184 163/183/183 164/185/185
f 198/184/184 164/185/185 165/186/186
f 198/184/184 165/186/186 197/187/187
f 197/187/187 165/186/186 166/188/188
f 197/187/187 166/188/188 196/189/189
f 196/189/189 166/188/188 167/190/190
f 196/189/189 167/190/190 195/191/191
f 195/191/191 167/190/190 168/192/192
f 195/191/191 168/192/192 194/193/193
f 194/193/193 168/192/192 169/194/194
f 194/193/193 169/194/194 193/195/195
f 193/195/195 169/194/194 170/196/196
f 193/195/195 170/196/196 192/197/197
f 192/197/197 170/196/196 171/198/198
f 192/197/197 171/198/198 191/199/199
f 191/199/199 171/198/198 172/200/200
f 191/199/199 172/200/200 190/201/201
f 190/201/201 172/200/200 189/202/202
f 189/202/202 172/200/200 173/203/203
f 189/202/202 173/203/203 188/204/204
f 188/204/204 173/203/203 174/205/205
f 188/204/204 174/205/205 187/206/206
f 187/206/206 174/205/205 175/207/207
f 187/206/206 175/207/207 186/208/208
f 186/208/208 175/207/207 176/209/209
f 186/208/208 176/209/209 185/210/210
f 185/210/210 176/209/209 177/211/211
f 185/210/210 177/211/211 184/212/212
f 184/212/212 177/211/211 178/213/213
f 184/212/212 178/213/213 183/214/214
f 183/214/214 178/213/213 179/215/215
f 183/214/214 179/215/215 182/216/216
f 182/216/216 179/215/215 180/145/145
f 182/216/216 180/145/145 181/147/147
f 218/217/217 288/218/218 217/219/219
f 217/219/219 288/218/218 253/220/220
f 217/219/219 253/220/220 252/221/221
f 252/221/221 253/220/220 254/222/222
f 252/221/221 254/222/222 251/223/223
f 251/223/223 254/222/222 255/224/224
f 251/223/223 255/224/224 250/225/225
f 250/225/225 255/224/224 256/226/226
f 250/225/225 256/226/226 249/227/227
f 249/227/227 256/226/226 257/228/228
f 249/227/227 257/228/228 248/229/229
f 248/229/229 257/228/228 258/230/230
f 248/229/229 258/230/230 247/231/231
f 247/231/231 258/230/230 259/232/232
f 247/231/231 259/232/232 246/233/233
f 246/233/233 259/232/232 260/234/234
f 246/233/233 260/234/234 245/235/235
f 245/235/235 260/234/234 261/236/236
f 245/235/235 261/236/236 244/237/237
f 244/237/237 261/236/236 262/238/238
f 244/237/237 262/238/238 263/239/239
f 218/217/217 219/240/240 288/218/218
f 288/218/218 219/240/240 287/241/241
f 287/241/241 219/240/240 220/242/242
f 287/241/241 220/242/242 286/243/243
f 286/243/243 220/242/242 221/244/244
f 286/243/243 221/244/244 285/245/245
f 285/245/245 221/244/244 222/246/246
f 285/245/245 222/246/246 284/247/247
f 284/247/247 222/246/246 223/248/248
f 284/247/247 223/248/248 283/249/249
f 283/249/249 223/248/248 224/250/250
f 283/249/249 224/250/250 282/251/251
f 282/251/251 224/250/250 225/252/252
f 282/251/251 225/252/252 281/253/253
f 281/253/253 225/252/252 226/254/254
f 281/253/253 226/254/254 280/255/255
f 280/255/255 226/254/254 279/256/256
f 279/256/256 226/254/254 227/257/257
f 279/256/256 227/257/257 278/258/258
f 278/258/258 227/257/257 228/259/259
f 278/258/258 228/259/259 277/260/260
f 277/260/260 228/259/259 229/261/261
f 277/260/260 229/261/261 276/262/262
f 276/262/262 229/261/261 230/263/263
f 276/262/262 230/263/263 275/264/264
f 275/264/264 230/263/263 231/265/265
f 275/264/264 231/265/265 274/266/266
f 274/266/266 231/265/265 232/267/267
f 274/266/266 232/267/267 273/268/268
f 273/268/268 232/267/267 233/269/269
f 273/268/268 233/269/269 272/270/270
f 272/270/270 233/269/269 234/271/271
f 272/270/270 234/271/271 271/272/272
f 271/272/272 234/271/271 235/273/273
f 271/272/272 235/273/273 236/274/274
f 271/272/272 236/274/274 270/275/275
f 270/275/275 236/274/274 237/276/276
f 270/275/275 237/276/276 269/277/277
f 269/277/277 237/276/276 238/278/278
f 269/277/277 238/278/278 268/279/279
f 268/279/279 238/278/278 239/280/280
f 268/279/279 239/280/280 267/281/281
f 267/281/281 239/280/280 240/282/282
f 267/281/281 240/282/282 266/283/283
f 266/283/283 240/282/282 241/284/284
f 266/283/283 241/284/284 265/285/285
f 265/285/285 241/284/284 242/286/286
f 265/285/285 242/286/286 264/287/287
f 264/287/287 242/286/286 243/288/288
f 264/287/287 243/288/288 263/239/239
f 263/239/239 243/288/288 244/237/237
f 290/289/289 307/290/290 289/291/291
f 289/291/291 307/290/290 308/292/292
f 289/291/291 308/292/292 309/293/293
f 307/290/290 290/289/289 306/294/294
f 306/294/294 290/289/289 291/295/295
f 306/294/294 291/295/295 305/296/296
f 305/296/296 291/295/295 292/297/297
f 305/296/296 292/297/297 304/298/298
f 304/298/298 292/297/297 293/299/299
f 304/298/298 293/299/299 303/300/300
f 303/300/300 293/299/299 294/301/301
f 303/300/300 294/301/301 302/302/302
f 302/302/302 294/301/301 299/303/303
f 302/302/302 299/303/303 301/304/304
f 301/304/304 299/303/303 300/305/305
f 294/301/301 295/306/306 299/303/303
f 299/303/303 295/306/306 298/307/307
f 298/307/307 295/306/306 296/308/308
f 298/307/307 296/308/308 297/309/309
f 309/293/293 310/310/310 289/291/291
f 312/311/311 313/312/312 311/313/313
f 311/313/313 313/312/312 314/314/314
f 311/313/313 314/314/314 332/315/315
f 332/315/315 314/314/314 315/316/316
f 332/315/315 315/316/316 329/317/317
f 329/317/317 315/316/316 328/318/318
f 328/318/318 315/316/316 316/319/319
f 328/318/318 316/319/319 327/320/320
f 327/320/320 316/319/319 317/321/321
f 327/320/320 317/321/321 326/322/322
f 326/322/322 317/321/321 318/323/323
f 326/322/322 318/323/323 325/324/324
f 325/324/324 318/323/323 319/325/325
f 325/324/324 319/325/325 324/326/326
f 324/326/326 319/325/325 320/327/327
f 324/326/326 320/327/327 323/328/328
f 323/328/328 320/327/327 322/329/329
f 322/329/329 320/327/327 321/330/330
f 329/317/317 330/331/331 332/315/315
f 332/315/315 330/331/331 331/332/332
f 335/333/333 322/334/334 334/335/335
f 334/335/335 322/334/334 321/336/336
f 334/335/335 321/336/336 333/337/337
f 290/338/338 289/339/339 350/340/340
f 350/340/340 289/339/339 336/341/341
f 350/340/340 336/341/341 337/342/342
f 350/340/340 337/342/342 351/343/343
f 351/343/343 337/342/342 338/344/344
f 351/343/343 338/344/344 352/345/345
f 352/345/345 338/344/344 339/346/346
f 352/345/345 339/346/346 353/347/347
f 353/347/347 339/346/346 340/348/348
f 353/347/347 340/348/348 341/349/349
f 353/347/347 341/349/349 354/350/350
f 354/350/350 341/349/349 342/351/351
f 354/350/350 342/351/351 355/352/352
f 355/352/352 342/351/351 343/353/353
f 355/352/352 343/353/353 356/354/354
f 356/354/354 343/353/353 344/355/355
f 356/354/354 344/355/355 345/356/356
f 356/354/354 345/356/356 357/357/357
f 357/357/357 345/356/356 346/358/358
f 357/357/357 346/358/358 347/359/359
f 347/359/359 348/360/360 357/357/357
f 357/357/357 348/360/360 298/361/361
f 357/357/357 298/361/361 297/362/362
f 348/360/360 349/363/363 298/361/361
f 357/357/357 297/362/362 356/354/354
f 356/354/354 297/362/362 296/364/364
f 356/354/354 296/364/364 355/352/352
f 355/352/352 296/364/364 295/365/365
f 355/352/352 295/365/365 354/350/350
f 354/350/350 295/365/365 294/366/366
f 354/350/350 294/366/366 353/347/347
f 353/347/347 294/366/366 293/367/367
f 353/347/347 293/367/367 352/345/345
f 352/345/345 293/367/367 292/368/368
f 352/345/345 292/368/368 351/343/343
f 351/343/343 292/368/368 291/369/369
f 351/343/343 291/369/369 350/340/340
f 350/340/340 291/369/369 290/338/338
f 289/370/339 310/371/370 336/372/341
f 336/372/341 310/371/370 360/373/371
f 360/373/371 310/371/370 359/374/372
f 359/374/372 310/371/370 358/375/373
f 298/376/361 349/377/363 299/378/374
f 299/378/374 349/377/363 361/379/375
f 362/380/376 363/381/377 311/382/378
f 311/382/378 363/381/377 312/383/379
f 312/383/379 363/381/377 376/384/380
f 312/383/379 376/384/380 313/385/381
f 313/385/381 376/384/380 377/386/382
f 313/385/381 377/386/382 314/387/383
f 314/387/383 377/386/382 378/388/384
f 314/387/383 378/388/384 315/389/385
f 315/389/385 378/388/384 379/390/386
f 315/389/385 379/390/386 316/391/387
f 316/391/387 379/390/386 380/392/388
f 316/391/387 380/392/388 317/393/389
f 317/393/389 380/392/388 381/394/390
f 317/393/389 381/394/390 318/395/391
f 318/395/391 381/394/390 382/396/392
f 318/395/391 382/396/392 319/397/393
f 319/397/393 382/396/392 383/398/394
f 319/397/393 383/398/394 320/399/395
f 320/399/395 383/398/394 375/400/396
f 375/400/396 383/398/394 374/401/397
f 374/401/397 383/398/394 382/396/392
f 374/401/397 382/396/392 373/402/398
f 373/402/398 382/396/392 381/394/390
f 373/402/398 381/394/390 372/403/399
f 372/403/399 381/394/390 380/392/388
f 372/403/399 380/392/388 371/404/400
f 371/404/400 380/392/388 370/405/401
f 370/405/401 380/392/388 379/390/386
f 370/405/401 379/390/386 369/406/402
f 369/406/402 379/390/386 378/388/384
f 369/406/402 378/388/384 368/407/403
f 368/407/403 378/388/384 377/386/382
f 368/407/403 377/386/382 367/408/404
f 367/408/404 377/386/382 366/409/405
f 366/409/405 377/386/382 376/384/380
f 366/409/405 376/384/380 365/410/406
f 365/410/406 376/384/380 364/411/407
f 364/411/407 376/384/380 363/381/377
f 320/412/395 375/413/396 321/414/408
f 321/414/408 375/413/396 384/415/409
f 321/414/408 384/415/409 385/416/410
f 385/416/410 333/417/411 321/414/408
f 384/418/409 375/419/396 406/420/412
f 406/420/412 375/419/396 374/421/413
f 406/420/412 374/421/413 407/422/414
f 407/422/414 374/421/413 373/423/415
f 407/422/414 373/423/415 408/424/416
f 408/424/416 373/423/415 386/425/417
f 408/424/416 386/425/417 409/426/418
f 409/426/418 386/425/417 387/427/419
f 409/426/418 387/427/419 388/428/420
f 409/426/418 388/428/420 410/429/421
f 410/429/421 388/428/420 389/430/422
f 410/429/421 389/430/422 411/431/423
f 411/431/423 389/430/422 390/432/424
f 411/431/423 390/432/424 412/433/425
f 412/433/425 390/432/424 391/434/426
f 412/433/425 391/434/426 392/435/427
f 412/433/425 392/435/427 413/436/428
f 413/436/428 392/435/427 393/437/429
f 413/436/428 393/437/429 394/438/430
f 394/438/430 395/439/431 413/436/428
f 413/436/428 395/439/431 397/440/432
f 413/436/428 397/440/432 398/441/433
f 395/439/431 396/442/434 397/440/432
f 413/436/428 398/441/433 412/433/425
f 412/433/425 398/441/433 399/443/435
f 412/433/425 399/443/435 411/431/423
f 411/431/423 399/443/435 400/444/436
f 411/431/423 400/444/436 410/429/421
f 410/429/421 400/444/436 401/445/437
f 410/429/421 401/445/437 409/426/418
f 409/426/418 401/445/437 402/446/438
f 409/426/418 402/446/438 408/424/416
f 408/424/416 402/446/438 403/447/439
f 408/424/416 403/447/439 407/422/414
f 407/422/414 403/447/439 404/448/440
f 407/422/414 404/448/440 406/420/412
f 406/420/412 404/448/440 405/449/441
f 406/420/412 405/449/441 384/418/409
f 422/450/442 414/451/443 423/452/444
f 423/452/444 414/451/443 308/453/445
f 423/452/444 308/453/445 307/454/446
f 423/452/444 307/454/446 424/455/447
f 424/455/447 307/454/446 306/456/448
f 424/455/447 306/456/448 425/457/449
f 425/457/449 306/456/448 305/458/450
f 425/457/449 305/458/450 426/459/451
f 426/459/451 305/458/450 304/460/452
f 426/459/451 304/460/452 427/461/453
f 427/461/453 304/460/452 303/462/454
f 427/461/453 303/462/454 428/463/455
f 428/463/455 303/462/454 302/464/456
f 428/463/455 302/464/456 429/465/457
f 429/465/457 302/464/456 301/466/458
f 429/465/457 301/466/458 430/467/459
f 430/467/459 301/466/458 300/468/460
f 430/467/459 300/468/460 299/469/374
f 299/469/374 361/470/375 430/467/459
f 430/467/459 361/470/375 415/471/461
f 430/467/459 415/471/461 416/472/462
f 430/467/459 416/472/462 429/465/457
f 429/465/457 416/472/462 417/473/463
f 429/465/457 417/473/463 428/463/455
f 428/463/455 417/473/463 418/474/464
f 428/463/455 418/474/464 427/461/453
f 427/461/453 418/474/464 419/475/465
f 427/461/453 419/475/465 426/459/451
f 426/459/451 419/475/465 420/476/466
f 426/459/451 420/476/466 425/457/449
f 425/457/449 420/476/466 421/477/467
f 425/457/449 421/477/467 424/455/447
f 424/455/447 421/477/467 422/450/442
f 424/455/447 422/450/442 423/452/444
f 361/478/468 431/479/469 415/480/470
f 415/480/470 431/479/469 432/481/471
f 415/480/470 432/481/471 416/482/472
f 416/482/472 432/481/471 433/483/473
f 416/482/472 433/483/473 417/484/474
f 417/484/474 433/483/473 434/485/475
f 417/484/474 434/485/475 418/486/476
f 418/486/476 434/485/475 435/487/477
f 418/486/476 435/487/477 419/488/478
f 419/488/478 435/487/477 436/489/479
f 419/488/478 436/489/479 420/490/480
f 420/490/480 436/489/479 437/491/481
f 420/490/480 437/491/481 421/492/482
f 421/492/482 437/491/481 438/493/483
f 421/492/482 438/493/483 422/494/484
f 422/494/484 438/493/483 439/495/485
f 422/494/484 439/495/485 414/496/443
f 414/496/443 439/495/485 440/497/486
f 431/498/487 441/499/488 432/500/489
f 432/500/489 441/499/488 442/501/490
f 432/500/489 442/501/490 433/502/491
f 433/502/491 442/501/490 443/503/492
f 433/502/491 443/503/492 434/504/493
f 434/504/493 443/503/492 444/505/494
f 434/504/493 444/505/494 435/506/495
f 435/506/495 444/505/494 445/507/496
f 435/506/495 445/507/496 436/508/497
f 436/508/497 445/507/496 446/509/498
f 436/508/497 446/509/498 437/510/499
f 437/510/499 446/509/498 447/511/500
f 437/510/499 447/511/500 438/512/501
f 438/512/501 447/511/500 448/513/502
f 438/512/501 448/513/502 439/514/503
f 439/514/503 448/513/502 449/515/504
f 439/514/503 449/515/504 440/516/486
f 440/516/486 449/515/504 450/517/505
f 476/518/506 451/519/507 481/520/508
f 481/520/508 451/519/507 452/521/509
f 481/520/508 452/521/509 480/522/510
f 480/522/510 452/521/509 453/523/511
f 480/522/510 453/523/511 483/524/512
f 483/524/512 453/523/511 454/525/513
f 483/524/512 454/525/513 482/526/514
f 482/526/514 454/525/513 455/527/515
f 482/526/514 455/527/515 488/528/516
f 488/528/516 455/527/515 487/529/517
f 488/528/516 487/529/517 495/530/518
f 495/530/518 487/529/517 494/531/519
f 495/530/518 494/531/519 503/532/520
f 503/532/520 494/531/519 502/533/521
f 503/532/520 502/533/521 511/534/522
f 511/534/522 502/533/521 510/535/523
f 511/534/522 510/535/523 517/536/524
f 517/536/524 510/535/523 516/537/525
f 517/536/524 516/537/525 522/538/526
f 522/538/526 516/537/525 478/539/527
f 522/538/526 478/539/527 526/540/528
f 526/540/528 478/539/527 465/541/529
f 526/540/528 465/541/529 466/542/530
f 455/527/515 456/543/531 487/529/517
f 487/529/517 456/543/531 486/544/532
f 487/529/517 486/544/532 494/531/519
f 494/531/519 486/544/532 493/545/533
f 494/531/519 493/545/533 502/533/521
f 502/533/521 493/545/533 501/546/534
f 502/533/521 501/546/534 510/535/523
f 510/535/523 501/546/534 509/547/535
f 510/535/523 509/547/535 516/537/525
f 516/537/525 509/547/535 515/548/536
f 516/537/525 515/548/536 478/539/527
f 478/539/527 515/548/536 521/549/537
f 478/539/527 521/549/537 464/550/538
f 464/550/538 521/549/537 463/551/539
f 463/551/539 521/549/537 515/548/536
f 463/551/539 515/548/536 514/552/540
f 514/552/540 515/548/536 508/553/541
f 514/552/540 508/553/541 462/554/542
f 462/554/542 508/553/541 507/555/543
f 462/554/542 507/555/543 461/556/544
f 461/556/544 507/555/543 460/557/545
f 460/557/545 507/555/543 499/558/546
f 460/557/545 499/558/546 459/559/547
f 459/559/547 499/558/546 492/560/548
f 459/559/547 492/560/548 458/561/549
f 458/561/549 492/560/548 457/562/550
f 457/562/550 492/560/548 493/545/533
f 457/562/550 493/545/533 486/544/532
f 456/543/531 457/562/550 486/544/532
f 462/554/542 463/551/539 514/552/540
f 464/550/538 465/541/529 478/539/527
f 526/540/528 466/542/530 479/563/551
f 479/563/551 466/542/530 467/564/552
f 479/563/551 467/564/552 529/565/553
f 529/565/553 467/564/552 468/566/554
f 529/565/553 468/566/554 530/567/555
f 530/567/555 468/566/554 360/568/371
f 530/567/555 360/568/371 469/569/556
f 530/567/555 469/569/556 528/570/557
f 528/570/557 469/569/556 470/571/558
f 528/570/557 470/571/558 525/572/559
f 525/572/559 470/571/558 471/573/560
f 525/572/559 471/573/560 520/574/561
f 520/574/561 471/573/560 472/575/562
f 520/574/561 472/575/562 477/576/563
f 477/576/563 472/575/562 473/577/564
f 477/576/563 473/577/564 506/578/565
f 506/578/565 473/577/564 498/579/566
f 506/578/565 498/579/566 497/580/567
f 497/580/567 498/579/566 490/581/568
f 497/580/567 490/581/568 489/582/569
f 489/582/569 490/581/568 484/583/570
f 489/582/569 484/583/570 483/524/512
f 483/524/512 484/583/570 480/522/510
f 473/577/564 474/584/571 498/579/566
f 498/579/566 474/584/571 491/585/572
f 498/579/566 491/585/572 490/581/568
f 490/581/568 491/585/572 485/586/573
f 490/581/568 485/586/573 484/583/570
f 484/583/570 485/586/573 481/520/508
f 484/583/570 481/520/508 480/522/510
f 474/584/571 475/587/574 491/585/572
f 491/585/572 475/587/574 485/586/573
f 475/587/574 476/518/506 485/586/573
f 485/586/573 476/518/506 481/520/508
f 489/582/569 483/524/512 488/528/516
f 488/528/516 483/524/512 482/526/514
f 489/582/569 488/528/516 496/588/575
f 496/588/575 488/528/516 495/530/518
f 496/588/575 495/530/518 504/589/576
f 504/589/576 495/530/518 503/532/520
f 504/589/576 503/532/520 512/590/577
f 512/590/577 503/532/520 511/534/522
f 512/590/577 511/534/522 518/591/578
f 518/591/578 511/534/522 517/536/524
f 518/591/578 517/536/524 523/592/579
f 523/592/579 517/536/524 522/538/526
f 523/592/579 522/538/526 479/563/551
f 479/563/551 522/538/526 526/540/528
f 501/546/534 493/545/533 492/560/548
f 489/582/569 496/588/575 497/580/567
f 497/580/567 496/588/575 505/593/580
f 497/580/567 505/593/580 506/578/565
f 506/578/565 505/593/580 477/576/563
f 505/593/580 496/588/575 504/589/576
f 501/546/534 492/560/548 500/594/581
f 500/594/581 492/560/548 499/558/546
f 500/594/581 499/558/546 508/553/541
f 508/553/541 499/558/546 507/555/543
f 509/547/535 501/546/534 500/594/581
f 509/547/535 500/594/581 508/553/541
f 505/593/580 504/589/576 513/595/582
f 513/595/582 504/589/576 512/590/577
f 513/595/582 512/590/577 519/596/583
f 519/596/583 512/590/577 518/591/578
f 519/596/583 518/591/578 524/597/584
f 524/597/584 518/591/578 523/592/579
f 524/597/584 523/592/579 527/598/585
f 527/598/585 523/592/579 479/563/551
f 527/598/585 479/563/551 529/565/553
f 515/548/536 509/547/535 508/553/541
f 520/574/561 477/576/563 513/595/582
f 513/595/582 477/576/563 505/593/580
f 520/574/561 513/595/582 519/596/583
f 525/572/559 520/574/561 519/596/583
f 525/572/559 519/596/583 524/597/584
f 528/570/557 525/572/559 524/597/584
f 528/570/557 524/597/584 527/598/585
f 530/567/555 528/570/557 527/598/585
f 530/567/555 527/598/585 529/565/553
f 337/599/586 543/600/587 338/601/588
f 338/601/588 543/600/587 542/602/589
f 338/601/588 542/602/589 541/603/590
f 541/603/590 542/602/589 545/604/591
f 541/603/590 545/604/591 540/605/592
f 540/605/592 545/604/591 539/606/593
f 539/606/593 545/604/591 546/607/594
f 539/606/593 546/607/594 538/608/595
f 538/608/595 546/607/594 547/609/596
f 538/608/595 547/609/596 537/610/597
f 537/610/597 547/609/596 548/611/598
f 537/610/597 548/611/598 536/612/599
f 536/612/599 548/611/598 535/613/600
f 535/613/600 548/611/598 549/614/601
f 535/613/600 549/614/601 534/615/602
f 534/615/602 549/614/601 533/616/603
f 533/616/603 549/614/601 532/617/604
f 532/617/604 549/614/601 461/618/544
f 532/617/604 461/618/544 460/619/545
f 543/600/587 337/599/586 544/620/605
f 544/620/605 337/599/586 336/621/341
f 544/620/605 336/621/341 360/622/371
f 360/622/371 468/623/554 544/620/605
f 544/620/605 468/623/554 543/600/587
f 468/623/554 467/624/552 543/600/587
f 543/600/587 467/624/552 542/602/589
f 467/624/552 466/625/530 542/602/589
f 542/602/589 466/625/530 545/604/591
f 466/625/530 465/626/529 545/604/591
f 545/604/591 465/626/529 546/607/594
f 465/626/529 464/627/538 546/607/594
f 546/607/594 464/627/538 547/609/596
f 464/627/538 463/628/539 547/609/596
f 547/609/596 463/628/539 548/611/598
f 463/628/539 462/629/542 548/611/598
f 548/611/598 462/629/542 549/614/601
f 462/629/542 461/618/544 549/614/601
f 460/619/545 531/630/606 532/617/604
f 551/631/607 559/632/608 550/633/609
f 550/633/609 559/632/608 564/634/610
f 550/633/609 564/634/610 558/635/611
f 558/635/611 564/634/610 570/636/612
f 558/635/611 570/636/612 557/637/613
f 557/637/613 570/636/612 573/638/614
f 557/637/613 573/638/614 556/639/615
f 556/639/615 573/638/614 576/640/616
f 556/639/615 576/640/616 555/641/617
f 555/641/617 576/640/616 579/642/618
f 555/641/617 579/642/618 554/643/619
f 554/643/619 579/642/618 582/644/620
f 554/643/619 582/644/620 553/645/621
f 553/645/621 582/644/620 359/646/372
f 359/646/372 582/644/620 581/647/622
f 359/646/372 581/647/622 360/648/371
f 360/648/371 581/647/622 580/649/623
f 360/648/371 580/649/623 469/650/556
f 469/650/556 580/649/623 577/651/624
f 469/650/556 577/651/624 470/652/558
f 470/652/558 577/651/624 471/653/560
f 471/653/560 577/651/624 574/654/625
f 471/653/560 574/654/625 472/655/562
f 472/655/562 574/654/625 571/656/626
f 472/655/562 571/656/626 473/657/564
f 473/657/564 571/656/626 568/658/627
f 473/657/564 568/658/627 474/659/571
f 474/659/571 568/658/627 562/660/628
f 474/659/571 562/660/628 475/661/574
f 475/661/574 562/660/628 561/662/629
f 475/661/574 561/662/629 476/663/506
f 476/663/506 561/662/629 567/664/630
f 476/663/506 567/664/630 451/665/507
f 451/665/507 567/664/630 566/666/631
f 451/665/507 566/666/631 552/667/632
f 552/667/632 566/666/631 565/668/633
f 552/667/632 565/668/633 551/631/607
f 551/631/607 565/668/633 559/632/608
f 559/632/608 560/669/634 564/634/610
f 564/634/610 560/669/634 563/670/635
f 564/634/610 563/670/635 570/636/612
f 570/636/612 563/670/635 569/671/636
f 570/636/612 569/671/636 573/638/614
f 573/638/614 569/671/636 572/672/637
f 573/638/614 572/672/637 576/640/616
f 576/640/616 572/672/637 575/673/638
f 576/640/616 575/673/638 579/642/618
f 579/642/618 575/673/638 578/674/639
f 579/642/618 578/674/639 581/647/622
f 581/647/622 578/674/639 580/649/623
f 560/669/634 561/662/629 563/670/635
f 563/670/635 561/662/629 562/660/628
f 563/670/635 562/660/628 569/671/636
f 569/671/636 562/660/628 568/658/627
f 569/671/636 568/658/627 572/672/637
f 572/672/637 568/658/627 571/656/626
f 572/672/637 571/656/626 575/673/638
f 575/673/638 571/656/626 574/654/625
f 575/673/638 574/654/625 578/674/639
f 578/674/639 574/654/625 577/651/624
f 578/674/639 577/651/624 580/649/623
f 565/668/633 566/666/631 559/632/608
f 559/632/608 566/666/631 560/669/634
f 566/666/631 567/664/630 560/669/634
f 560/669/634 567/664/630 561/662/629
f 582/644/620 579/642/618 581/647/622
f 592/675/640 583/676/641 593/677/642
f 593/677/642 583/676/641 460/678/545
f 593/677/642 460/678/545 459/679/547
f 593/677/642 459/679/547 594/680/643
f 594/680/643 459/679/547 458/681/549
f 594/680/643 458/681/549 595/682/644
f 595/682/644 458/681/549 457/683/550
f 595/682/644 457/683/550 596/684/645
f 596/684/645 457/683/550 456/685/531
f 596/684/645 456/685/531 597/686/646
f 597/686/646 456/685/531 455/687/515
f 597/686/646 455/687/515 598/688/647
f 598/688/647 455/687/515 454/689/513
f 598/688/647 454/689/513 599/690/648
f 599/690/648 454/689/513 453/691/511
f 599/690/648 453/691/511 600/692/649
f 600/692/649 453/691/511 452/693/509
f 600/692/649 452/693/509 451/694/507
f 451/694/507 584/695/650 600/692/649
f 600/692/649 584/695/650 585/696/651
f 600/692/649 585/696/651 586/697/652
f 600/692/649 586/697/652 599/690/648
f 599/690/648 586/697/652 587/698/653
f 599/690/648 587/698/653 598/688/647
f 598/688/647 587/698/653 588/699/654
f 598/688/647 588/699/654 597/686/646
f 597/686/646 588/699/654 589/700/655
f 597/686/646 589/700/655 596/684/645
f 596/684/645 589/700/655 590/701/656
f 596/684/645 590/701/656 595/682/644
f 595/682/644 590/701/656 591/702/657
f 595/682/644 591/702/657 594/680/643
f 594/680/643 591/702/657 592/675/640
f 594/680/643 592/675/640 593/677/642
f 441/703/488 583/704/641 442/705/658
f 442/705/658 583/704/641 592/706/659
f 442/705/658 592/706/659 443/707/660
f 443/707/660 592/706/659 591/708/661
f 443/707/660 591/708/661 444/709/662
f 444/709/662 591/708/661 590/710/663
f 444/709/662 590/710/663 445/711/664
f 445/711/664 590/710/663 589/712/665
f 445/711/664 589/712/665 446/713/666
f 446/713/666 589/712/665 588/714/667
f 446/713/666 588/714/667 447/715/668
f 447/715/668 588/714/667 587/716/669
f 447/715/668 587/716/669 448/717/670
f 448/717/670 587/716/669 586/718/671
f 448/717/670 586/718/671 449/719/672
f 449/719/672 586/718/671 585/720/673
f 449/719/672 585/720/673 450/721/674
f 450/721/674 585/720/673 584/722/675
f 308/723/445 414/724/443 309/725/676
f 309/725/676 414/724/443 450/726/505
f 309/725/676 450/726/505 608/727/677
f 608/727/677 450/726/505 601/728/678
f 608/727/677 601/728/678 602/729/679
f 414/724/443 440/730/486 450/726/505
f 608/727/677 602/729/679 607/731/680
f 607/731/680 602/729/679 603/732/681
f 607/731/680 603/732/681 606/733/682
f 606/733/682 603/732/681 604/734/683
f 606/733/682 604/734/683 605/735/684
f 584/736/675 609/737/685 450/738/674
f 450/738/674 609/737/685 601/739/686
f 609/740/687 584/741/650 610/742/688
f 610/742/688 584/741/650 451/743/507
f 610/742/688 451/743/507 552/744/632
f 610/742/688 611/745/689 609/740/687
f 621/746/690 612/747/691 622/748/692
f 622/748/692 612/747/691 332/749/693
f 622/748/692 332/749/693 331/750/694
f 622/748/692 331/750/694 623/751/695
f 623/751/695 331/750/694 330/752/696
f 623/751/695 330/752/696 624/753/697
f 624/753/697 330/752/696 329/754/698
f 624/753/697 329/754/698 625/755/699
f 625/755/699 329/754/698 328/756/700
f 625/755/699 328/756/700 626/757/701
f 626/757/701 328/756/700 327/758/702
f 626/757/701 327/758/702 627/759/703
f 627/759/703 327/758/702 326/760/704
f 627/759/703 326/760/704 628/761/705
f 628/761/705 326/760/704 325/762/706
f 628/761/705 325/762/706 629/763/707
f 629/763/707 325/762/706 324/764/708
f 629/763/707 324/764/708 323/765/709
f 323/765/709 613/766/710 629/763/707
f 629/763/707 613/766/710 614/767/711
f 629/763/707 614/767/711 628/761/705
f 628/761/705 614/767/711 615/768/712
f 628/761/705 615/768/712 627/759/703
f 627/759/703 615/768/712 616/769/713
f 627/759/703 616/769/713 626/757/701
f 626/757/701 616/769/713 617/770/714
f 626/757/701 617/770/714 625/755/699
f 625/755/699 617/770/714 618/771/715
f 625/755/699 618/771/715 624/753/697
f 624/753/697 618/771/715 619/772/716
f 624/753/697 619/772/716 623/751/695
f 623/751/695 619/772/716 620/773/717
f 623/751/695 620/773/717 622/748/692
f 622/748/692 620/773/717 621/746/690
f 613/774/710 630/775/718 614/776/719
f 614/776/719 630/775/718 631/777/720
f 614/776/719 631/777/720 615/778/721
f 615/778/721 631/777/720 632/779/722
f 615/778/721 632/779/722 616/780/723
f 616/780/723 632/779/722 633/781/724
f 616/780/723 633/781/724 617/782/725
f 617/782/725 633/781/724 634/783/726
f 617/782/725 634/783/726 618/784/727
f 618/784/727 634/783/726 635/785/728
f 618/784/727 635/785/728 619/786/729
f 619/786/729 635/785/728 636/787/730
f 619/786/729 636/787/730 620/788/731
f 620/788/731 636/787/730 637/789/732
f 620/788/731 637/789/732 621/790/733
f 621/790/733 637/789/732 638/791/734
f 621/790/733 638/791/734 612/792/735
f 612/792/735 638/791/734 639/793/736
f 640/794/737 641/795/738 630/796/718
f 630/796/718 641/795/738 631/797/739
f 631/797/739 641/795/738 642/798/740
f 631/797/739 642/798/740 632/799/741
f 632/799/741 642/798/740 643/800/742
f 632/799/741 643/800/742 633/801/743
f 633/801/743 643/800/742 644/802/744
f 633/801/743 644/802/744 634/803/745
f 634/803/745 644/802/744 645/804/746
f 634/803/745 645/804/746 635/805/747
f 635/805/747 645/804/746 646/806/748
f 635/805/747 646/806/748 636/807/749
f 636/807/749 646/806/748 647/808/750
f 636/807/749 647/808/750 637/809/751
f 637/809/751 647/808/750 648/810/752
f 637/809/751 648/810/752 638/811/753
f 638/811/753 648/810/752 649/812/754
f 638/811/753 649/812/754 639/813/755
f 666/814/756 650/815/757 670/816/758
f 670/816/758 650/815/757 651/817/759
f 670/816/758 651/817/759 672/818/760
f 672/818/760 651/817/759 652/819/761
f 672/818/760 652/819/761 675/820/762
f 675/820/762 652/819/761 653/821/763
f 675/820/762 653/821/763 680/822/764
f 680/822/764 653/821/763 654/823/765
f 680/822/764 654/823/765 667/824/766
f 667/824/766 654/823/765 655/825/767
f 667/824/766 655/825/767 701/826/768
f 701/826/768 655/825/767 702/827/769
f 701/826/768 702/827/769 703/828/770
f 703/828/770 702/827/769 710/829/771
f 703/828/770 710/829/771 711/830/772
f 711/830/772 710/829/771 716/831/773
f 711/830/772 716/831/773 717/832/774
f 717/832/774 716/831/773 720/833/775
f 717/832/774 720/833/775 404/834/440
f 404/834/440 720/833/775 405/835/441
f 405/835/441 720/833/775 719/836/776
f 405/835/441 719/836/776 384/837/409
f 384/837/409 719/836/776 658/838/777
f 658/838/777 719/836/776 715/839/778
f 658/838/777 715/839/778 657/840/779
f 657/840/779 715/839/778 709/841/780
f 657/840/779 709/841/780 656/842/781
f 656/842/781 709/841/780 702/827/769
f 656/842/781 702/827/769 655/825/767
f 404/834/440 403/843/439 717/832/774
f 717/832/774 403/843/439 718/844/782
f 717/832/774 718/844/782 712/845/783
f 712/845/783 718/844/782 402/846/438
f 712/845/783 402/846/438 713/847/784
f 713/847/784 402/846/438 401/848/437
f 713/847/784 401/848/437 714/849/785
f 714/849/785 401/848/437 400/850/436
f 714/849/785 400/850/436 707/851/786
f 707/851/786 400/850/436 708/852/787
f 707/851/786 708/852/787 696/853/788
f 696/853/788 708/852/787 695/854/789
f 696/853/788 695/854/789 691/855/790
f 691/855/790 695/854/789 692/856/791
f 691/855/790 692/856/791 685/857/792
f 685/857/792 692/856/791 686/858/793
f 685/857/792 686/858/793 661/859/794
f 661/859/794 686/858/793 660/860/795
f 660/860/795 686/858/793 692/856/791
f 660/860/795 692/856/791 693/861/796
f 693/861/796 692/856/791 694/862/797
f 693/861/796 694/862/797 397/863/432
f 397/863/432 694/862/797 398/864/433
f 398/864/433 694/862/797 708/852/787
f 398/864/433 708/852/787 399/865/435
f 399/865/435 708/852/787 400/850/436
f 403/843/439 402/846/438 718/844/782
f 397/863/432 659/866/798 693/861/796
f 693/861/796 659/866/798 660/860/795
f 685/857/792 661/859/794 679/867/799
f 679/867/799 661/859/794 662/868/800
f 679/867/799 662/868/800 668/869/801
f 668/869/801 662/868/800 663/870/802
f 668/869/801 663/870/802 674/871/803
f 674/871/803 663/870/802 664/872/804
f 674/871/803 664/872/804 669/873/805
f 669/873/805 664/872/804 665/874/806
f 669/873/805 665/874/806 671/875/807
f 671/875/807 665/874/806 666/814/756
f 671/875/807 666/814/756 670/816/758
f 671/875/807 670/816/758 673/876/808
f 673/876/808 670/816/758 672/818/760
f 673/876/808 672/818/760 676/877/809
f 676/877/809 672/818/760 675/820/762
f 676/877/809 675/820/762 681/878/810
f 681/878/810 675/820/762 680/822/764
f 681/878/810 680/822/764 687/879/811
f 687/879/811 680/822/764 667/824/766
f 687/879/811 667/824/766 700/880/812
f 700/880/812 667/824/766 701/826/768
f 700/880/812 701/826/768 703/828/770
f 671/875/807 673/876/808 669/873/805
f 669/873/805 673/876/808 677/881/813
f 669/873/805 677/881/813 678/882/814
f 678/882/814 677/881/813 683/883/815
f 678/882/814 683/883/815 684/884/816
f 684/884/816 683/883/815 690/885/817
f 684/884/816 690/885/817 691/855/790
f 691/855/790 690/885/817 696/853/788
f 677/881/813 673/876/808 676/877/809
f 668/869/801 674/871/803 678/882/814
f 678/882/814 674/871/803 669/873/805
f 677/881/813 676/877/809 682/886/818
f 682/886/818 676/877/809 681/878/810
f 682/886/818 681/878/810 688/887/819
f 688/887/819 681/878/810 687/879/811
f 688/887/819 687/879/811 699/888/820
f 699/888/820 687/879/811 700/880/812
f 699/888/820 700/880/812 704/889/821
f 704/889/821 700/880/812 703/828/770
f 704/889/821 703/828/770 711/830/772
f 685/857/792 679/867/799 668/869/801
f 685/857/792 668/869/801 684/884/816
f 684/884/816 668/869/801 678/882/814
f 677/881/813 682/886/818 683/883/815
f 683/883/815 682/886/818 689/890/822
f 683/883/815 689/890/822 690/885/817
f 690/885/817 689/890/822 697/891/823
f 690/885/817 697/891/823 696/853/788
f 696/853/788 697/891/823 707/851/786
f 689/890/822 682/886/818 688/887/819
f 691/855/790 685/857/792 684/884/816
f 689/890/822 688/887/819 698/892/824
f 698/892/824 688/887/819 699/888/820
f 698/892/824 699/888/820 705/893/825
f 705/893/825 699/888/820 704/889/821
f 705/893/825 704/889/821 712/845/783
f 712/845/783 704/889/821 711/830/772
f 712/845/783 711/830/772 717/832/774
f 694/862/797 692/856/791 695/854/789
f 694/862/797 695/854/789 708/852/787
f 697/891/823 698/892/824 706/894/826
f 706/894/826 698/892/824 705/893/825
f 706/894/826 705/893/825 713/847/784
f 713/847/784 705/893/825 712/845/783
f 698/892/824 697/891/823 689/890/822
f 714/849/785 707/851/786 706/894/826
f 706/894/826 707/851/786 697/891/823
f 714/849/785 706/894/826 713/847/784
f 702/827/769 709/841/780 710/829/771
f 710/829/771 709/841/780 715/839/778
f 710/829/771 715/839/778 716/831/773
f 716/831/773 715/839/778 719/836/776
f 716/831/773 719/836/776 720/833/775
f 730/895/827 721/896/828 731/897/829
f 731/897/829 721/896/828 650/898/757
f 731/897/829 650/898/757 666/899/756
f 731/897/829 666/899/756 732/900/830
f 732/900/830 666/899/756 665/901/806
f 732/900/830 665/901/806 733/902/831
f 733/902/831 665/901/806 664/903/804
f 733/902/831 664/903/804 734/904/832
f 734/904/832 664/903/804 663/905/802
f 734/904/832 663/905/802 735/906/833
f 735/906/833 663/905/802 662/907/800
f 735/906/833 662/907/800 736/908/834
f 736/908/834 662/907/800 661/909/794
f 736/908/834 661/909/794 737/910/835
f 737/910/835 661/909/794 660/911/795
f 737/910/835 660/911/795 738/912/836
f 738/912/836 660/911/795 659/913/798
f 738/912/836 659/913/798 397/914/432
f 397/914/432 722/915/837 738/912/836
f 738/912/836 722/915/837 723/916/838
f 738/912/836 723/916/838 737/910/835
f 737/910/835 723/916/838 724/917/839
f 737/910/835 724/917/839 736/908/834
f 736/908/834 724/917/839 725/918/840
f 736/908/834 725/918/840 735/906/833
f 735/906/833 725/918/840 726/919/841
f 735/906/833 726/919/841 734/904/832
f 734/904/832 726/919/841 727/920/842
f 734/904/832 727/920/842 733/902/831
f 733/902/831 727/920/842 728/921/843
f 733/902/831 728/921/843 732/900/830
f 732/900/830 728/921/843 729/922/844
f 732/900/830 729/922/844 731/897/829
f 731/897/829 729/922/844 730/895/827
f 740/923/845 748/924/846 739/925/847
f 739/925/847 748/924/846 753/926/848
f 739/925/847 753/926/848 747/927/849
f 747/927/849 753/926/848 771/928/850
f 747/927/849 771/928/850 746/929/851
f 746/929/851 771/928/850 770/930/852
f 746/929/851 770/930/852 650/931/757
f 650/931/757 770/930/852 769/932/853
f 650/931/757 769/932/853 651/933/759
f 651/933/759 769/932/853 652/934/761
f 652/934/761 769/932/853 751/935/854
f 652/934/761 751/935/854 653/936/763
f 653/936/763 751/935/854 750/937/855
f 653/936/763 750/937/855 654/938/765
f 654/938/765 750/937/855 756/939/856
f 654/938/765 756/939/856 655/940/767
f 655/940/767 756/939/856 759/941/857
f 655/940/767 759/941/857 656/942/781
f 656/942/781 759/941/857 762/943/858
f 656/942/781 762/943/858 657/944/779
f 657/944/779 762/943/858 765/945/859
f 657/944/779 765/945/859 658/946/777
f 658/946/777 765/945/859 768/947/860
f 658/946/777 768/947/860 384/948/409
f 384/948/409 768/947/860 767/949/861
f 384/948/409 767/949/861 766/950/862
f 766/950/862 767/949/861 763/951/863
f 766/950/862 763/951/863 744/952/864
f 744/952/864 763/951/863 743/953/865
f 743/953/865 763/951/863 760/954/866
f 743/953/865 760/954/866 742/955/867
f 742/955/867 760/954/866 757/956/868
f 742/955/867 757/956/868 741/957/869
f 741/957/869 757/956/868 754/958/870
f 741/957/869 754/958/870 740/923/845
f 740/923/845 754/958/870 748/924/846
f 744/952/864 745/959/871 766/950/862
f 766/950/862 745/959/871 384/948/409
f 745/959/871 385/960/410 384/948/409
f 748/924/846 749/961/872 753/926/848
f 753/926/848 749/961/872 752/962/873
f 753/926/848 752/962/873 771/928/850
f 771/928/850 752/962/873 770/930/852
f 749/961/872 750/937/855 752/962/873
f 752/962/873 750/937/855 751/935/854
f 752/962/873 751/935/854 770/930/852
f 770/930/852 751/935/854 769/932/853
f 749/961/872 748/924/846 755/963/874
f 755/963/874 748/924/846 754/958/870
f 755/963/874 754/958/870 758/964/875
f 758/964/875 754/958/870 757/956/868
f 758/964/875 757/956/868 761/965/876
f 761/965/876 757/956/868 760/954/866
f 761/965/876 760/954/866 764/966/877
f 764/966/877 760/954/866 763/951/863
f 764/966/877 763/951/863 767/949/861
f 750/937/855 749/961/872 756/939/856
f 756/939/856 749/961/872 755/963/874
f 756/939/856 755/963/874 759/941/857
f 759/941/857 755/963/874 758/964/875
f 759/941/857 758/964/875 762/943/858
f 762/943/858 758/964/875 761/965/876
f 762/943/858 761/965/876 765/945/859
f 765/945/859 761/965/876 764/966/877
f 765/945/859 764/966/877 768/947/860
f 768/947/860 764/966/877 767/949/861
f 640/967/878 721/968/879 641/969/880
f 641/969/880 721/968/879 730/970/881
f 641/969/880 730/970/881 642/971/882
f 642/971/882 730/970/881 729/972/883
f 642/971/882 729/972/883 643/973/884
f 643/973/884 729/972/883 728/974/885
f 643/973/884 728/974/885 644/975/886
f 644/975/886 728/974/885 727/976/887
f 644/975/886 727/976/887 645/977/888
f 645/977/888 727/976/887 726/978/889
f 645/977/888 726/978/889 646/979/890
f 646/979/890 726/978/889 725/980/891
f 646/979/890 725/980/891 647/981/892
f 647/981/892 725/980/891 724/982/893
f 647/981/892 724/982/893 648/983/894
f 648/983/894 724/982/893 723/984/895
f 648/983/894 723/984/895 649/985/754
f 649/985/754 723/984/895 722/986/837
f 639/987/755 649/988/754 396/989/434
f 396/989/434 649/988/754 722/990/837
f 396/989/434 722/990/837 397/991/432
f 373/992/896 372/993/897 386/994/898
f 386/994/898 372/993/897 396/995/899
f 386/994/898 396/995/899 387/996/900
f 387/996/900 396/995/899 388/997/901
f 388/997/901 396/995/899 389/998/902
f 389/998/902 396/995/899 390/999/903
f 390/999/903 396/995/899 391/1000/904
f 391/1000/904 396/995/899 392/1001/905
f 392/1001/905 396/995/899 393/1002/906
f 393/1002/906 396/995/899 394/1003/907
f 394/1003/907 396/995/899 395/1004/908
f 396/995/899 372/993/897 363/1005/909
f 363/1005/909 372/993/897 371/1006/910
f 363/1005/909 371/1006/910 370/1007/911
f 370/1007/911 369/1008/912 363/1005/909
f 363/1005/909 369/1008/912 368/1009/913
f 363/1005/909 368/1009/913 367/1010/914
f 367/1010/914 366/1011/915 363/1005/909
f 363/1005/909 366/1011/915 365/1012/916
f 363/1005/909 365/1012/916 364/1013/917
f 363/1005/909 362/1014/918 396/995/899
f 396/995/899 362/1014/918 639/1015/736
f 639/1015/736 362/1014/918 612/1016/735
f 772/1017/919 773/1018/920 775/1019/921
f 775/1019/921 773/1018/920 774/1020/922
f 776/1021/923 777/1022/924 775/1023/925
f 775/1023/925 777/1022/924 772/1024/926
f 773/1025/927 772/1026/928 782/1027/929
f 782/1027/929 772/1026/928 777/1028/930
f 782/1027/929 777/1028/930 781/1029/931
f 781/1029/931 777/1028/930 778/1030/932
f 781/1029/931 778/1030/932 779/1031/933
f 779/1031/933 780/1032/934 781/1029/931
f 777/1033/935 776/1034/936 778/1035/937
f 778/1035/937 776/1034/936 784/1036/938
f 784/1036/938 776/1034/936 783/1037/939
f 786/1038/940 787/1039/941 785/1040/942
f 785/1040/942 787/1039/941 788/1041/943
f 788/1042/944 789/1043/945 785/1044/946
f 785/1044/946 789/1043/945 790/1045/947
f 794/1046/948 774/1047/949 793/1048/950
f 793/1048/950 774/1047/949 786/1049/951
f 793/1048/950 786/1049/951 792/1050/952
f 792/1050/952 786/1049/951 791/1051/953
f 791/1051/953 786/1049/951 785/1052/954
f 785/1053/955 790/1054/956 791/1055/957
f 791/1055/957 790/1054/956 797/1056/958
f 797/1056/958 790/1054/956 796/1057/959
f 796/1057/959 790/1054/956 795/1058/960
f 789/1059/961 798/1060/962 790/1061/963
f 790/1061/963 798/1060/962 799/1062/964
f 790/1061/963 799/1062/964 795/1063/965
f 800/1064/966 801/1065/967 803/1066/968
f 803/1066/968 801/1065/967 802/1067/969
f 804/1068/970 805/1069/971 803/1070/972
f 803/1070/972 805/1069/971 800/1071/973
f 801/1072/974 806/1073/975 802/1074/976
f 802/1074/976 806/1073/975 807/1075/977
f 802/1074/976 807/1075/977 808/1076/978
f 800/1077/979 809/1078/980 801/1079/981
f 801/1079/981 809/1078/980 810/1080/982
f 801/1079/981 810/1080/982 806/1081/983
f 806/1081/983 810/1080/982 812/1082/984
f 812/1082/984 810/1080/982 811/1083/985
f 800/1077/979 805/1084/986 809/1078/980
f 813/1085/987 814/1086/988 816/1087/989
f 816/1087/989 814/1086/988 815/1088/990
f 817/1089/991 818/1090/992 816/1091/993
f 816/1091/993 818/1090/992 813/1092/994
f 814/1093/995 813/1094/996 823/1095/997
f 823/1095/997 813/1094/996 818/1096/998
f 823/1095/997 818/1096/998 822/1097/999
f 822/1097/999 818/1096/998 819/1098/1000
f 822/1097/999 819/1098/1000 820/1099/1001
f 820/1099/1001 821/1100/1002 822/1097/999
f 818/1101/1003 817/1102/1004 819/1103/1005
f 819/1103/1005 817/1102/1004 825/1104/1006
f 825/1104/1006 817/1102/1004 824/1105/1007
f 804/1106/1008 815/1107/1009 805/1108/1010
f 805/1108/1010 815/1107/1009 814/1109/1011
f 805/1108/1010 814/1109/1011 823/1110/1012
f 823/1110/1012 809/1111/1013 805/1108/1010
f 823/1112/1014 822/1113/1015 809/1114/1016
f 809/1114/1016 822/1113/1015 810/1115/1017
f 782/1116/1018 787/1117/1019 773/1118/1020
f 773/1118/1020 787/1117/1019 786/1119/1021
f 773/1118/1020 786/1119/1021 774/1120/1022
f 782/1116/1018 826/1121/1023 787/1117/1019
f 819/1122/1024 825/1123/1025 806/1124/1026
f 806/1124/1026 825/1123/1025 807/1125/1027
f 819/1126/1028 806/1127/1029 820/1128/1030
f 820/1128/1030 806/1127/1029 812/1129/1031
f 803/1130/1032 802/1131/1033 834/1132/1034
f 834/1132/1034 802/1131/1033 833/1133/1035
f 833/1133/1035 802/1131/1033 808/1134/1036
f 833/1133/1035 808/1134/1036 827/1135/1037
f 833/1133/1035 827/1135/1037 832/1136/1038
f 832/1136/1038 827/1135/1037 828/1137/1039
f 832/1136/1038 828/1137/1039 831/1138/1040
f 831/1138/1040 828/1137/1039 829/1139/1041
f 831/1138/1040 829/1139/1041 830/1140/1042
f 784/1141/1043 799/1142/1044 778/1143/1045
f 778/1143/1045 799/1142/1044 798/1144/1046
f 778/1145/1047 798/1146/1048 779/1147/1049
f 779/1147/1049 798/1146/1048 835/1148/1050
f 787/1149/1051 826/1150/1052 788/1151/1053
f 788/1151/1053 826/1150/1052 789/1152/1054
f 789/1152/1054 826/1150/1052 836/1153/1055
f 789/1152/1054 836/1153/1055 798/1154/1056
f 798/1154/1056 836/1153/1055 835/1155/1057
f 835/1155/1057 836/1153/1055 837/1156/1058
f 838/1157/1059 839/1158/1060 605/1159/1061
f 605/1159/1061 839/1158/1060 606/1160/1062
f 606/1160/1062 839/1158/1060 840/1161/1063
f 606/1160/1062 840/1161/1063 607/1162/1064
f 607/1162/1064 840/1161/1063 841/1163/1065
f 607/1162/1064 841/1163/1065 608/1164/1066
f 842/1165/1067 843/1166/1068 605/1167/1069
f 605/1167/1069 843/1166/1068 838/1168/1070
f 879/1169/1071 844/1170/1072 1063/1171/1073
f 1063/1171/1073 844/1170/1072 845/1172/1074
f 1063/1171/1073 845/1172/1074 846/1173/1075
f 1063/1171/1073 846/1173/1075 1048/1174/1076
f 1048/1174/1076 846/1173/1075 847/1175/1077
f 1048/1174/1076 847/1175/1077 848/1176/1078
f 848/1176/1078 849/1177/1079 1048/1174/1076
f 1048/1174/1076 849/1177/1079 850/1178/1080
f 1048/1174/1076 850/1178/1080 851/1179/1081
f 1048/1174/1076 851/1179/1081 1047/1180/1082
f 1047/1180/1082 851/1179/1081 852/1181/1083
f 1047/1180/1082 852/1181/1083 853/1182/1084
f 853/1182/1084 854/1183/1085 1047/1180/1082
f 1047/1180/1082 854/1183/1085 855/1184/1086
f 1047/1180/1082 855/1184/1086 856/1185/1087
f 856/1185/1087 857/1186/1088 1047/1180/1082
f 1047/1180/1082 857/1186/1088 1046/1187/1089
f 1046/1187/1089 857/1186/1088 1045/1188/1090
f 1045/1188/1090 857/1186/1088 1044/1189/1091
f 1044/1189/1091 857/1186/1088 858/1190/1092
f 1044/1189/1091 858/1190/1092 1043/1191/1093
f 1043/1191/1093 858/1190/1092 1042/1192/1094
f 1042/1192/1094 858/1190/1092 1041/1193/1095
f 1041/1193/1095 858/1190/1092 1040/1194/1096
f 1040/1194/1096 858/1190/1092 859/1195/1097
f 1040/1194/1096 859/1195/1097 1039/1196/1098
f 1039/1196/1098 859/1195/1097 1038/1197/1099
f 1038/1197/1099 859/1195/1097 860/1198/1100
f 1038/1197/1099 860/1198/1100 861/1199/1101
f 861/1199/1101 862/1200/1102 1038/1197/1099
f 1038/1197/1099 862/1200/1102 863/1201/1103
f 1038/1197/1099 863/1201/1103 1037/1202/1104
f 1037/1202/1104 863/1201/1103 864/1203/1105
f 1037/1202/1104 864/1203/1105 865/1204/1106
f 865/1204/1106 866/1205/1107 1037/1202/1104
f 1037/1202/1104 866/1205/1107 867/1206/1108
f 1037/1202/1104 867/1206/1108 868/1207/1109
f 1037/1202/1104 868/1207/1109 385/1208/1110
f 385/1208/1110 868/1207/1109 869/1209/1111
f 385/1208/1110 869/1209/1111 870/1210/1112
f 385/1208/1110 870/1210/1112 333/1211/1113
f 333/1211/1113 870/1210/1112 871/1212/1114
f 333/1211/1113 871/1212/1114 872/1213/1115
f 333/1211/1113 872/1213/1115 1060/1214/1116
f 1060/1214/1116 872/1213/1115 873/1215/1117
f 1060/1214/1116 873/1215/1117 874/1216/1118
f 874/1216/1118 875/1217/1119 1060/1214/1116
f 1060/1214/1116 875/1217/1119 1063/1171/1073
f 1060/1214/1116 1063/1171/1073 1065/1218/1120
f 1065/1218/1120 1063/1171/1073 1048/1174/1076
f 1065/1218/1120 1048/1174/1076 986/1219/1121
f 986/1219/1121 1048/1174/1076 985/1220/1122
f 985/1220/1122 1048/1174/1076 984/1221/1123
f 984/1221/1123 1048/1174/1076 983/1222/1124
f 983/1222/1124 1048/1174/1076 982/1223/1125
f 982/1223/1125 1048/1174/1076 981/1224/1126
f 981/1224/1126 1048/1174/1076 1049/1225/1127
f 981/1224/1126 1049/1225/1127 980/1226/1128
f 980/1226/1128 1049/1225/1127 979/1227/1129
f 979/1227/1129 1049/1225/1127 978/1228/1130
f 978/1228/1130 1049/1225/1127 977/1229/1131
f 977/1229/1131 1049/1225/1127 976/1230/1132
f 976/1230/1132 1049/1225/1127 975/1231/1133
f 975/1231/1133 1049/1225/1127 1050/1232/1134
f 975/1231/1133 1050/1232/1134 1051/1233/1135
f 875/1217/1119 876/1234/1136 1063/1171/1073
f 1063/1171/1073 876/1234/1136 877/1235/1137
f 1063/1171/1073 877/1235/1137 878/1236/1138
f 878/1236/1138 879/1169/1071 1063/1171/1073
f 915/1237/1139 880/1238/1140 1066/1239/1141
f 1066/1239/1141 880/1238/1140 881/1240/1142
f 1066/1239/1141 881/1240/1142 882/1241/1143
f 1066/1239/1141 882/1241/1143 1068/1242/1144
f 1068/1242/1144 882/1241/1143 883/1243/1145
f 1068/1242/1144 883/1243/1145 884/1244/1146
f 884/1244/1146 885/1245/1147 1068/1242/1144
f 1068/1242/1144 885/1245/1147 886/1246/1148
f 1068/1242/1144 886/1246/1148 887/1247/1149
f 887/1247/1149 888/1248/1150 1068/1242/1144
f 1068/1242/1144 888/1248/1150 1021/1249/1151
f 1068/1242/1144 1021/1249/1151 1022/1250/1152
f 888/1248/1150 889/1251/1153 1021/1249/1151
f 1021/1249/1151 889/1251/1153 890/1252/1154
f 1021/1249/1151 890/1252/1154 891/1253/1155
f 891/1253/1155 892/1254/1156 1021/1249/1151
f 1021/1249/1151 892/1254/1156 893/1255/1157
f 1021/1249/1151 893/1255/1157 894/1256/1158
f 894/1256/1158 895/1257/1159 1021/1249/1151
f 1021/1249/1151 895/1257/1159 896/1258/1160
f 1021/1249/1151 896/1258/1160 897/1259/1161
f 897/1259/1161 898/1260/1162 1021/1249/1151
f 1021/1249/1151 898/1260/1162 1020/1261/1163
f 1020/1261/1163 898/1260/1162 899/1262/1164
f 1020/1261/1163 899/1262/1164 900/1263/1165
f 900/1263/1165 901/1264/1166 1020/1261/1163
f 1020/1261/1163 901/1264/1166 902/1265/1167
f 1020/1261/1163 902/1265/1167 903/1266/1168
f 903/1266/1168 904/1267/1169 1020/1261/1163
f 1020/1261/1163 904/1267/1169 905/1268/1170
f 1020/1261/1163 905/1268/1170 906/1269/1171
f 1020/1261/1163 906/1269/1171 1011/1270/1172
f 1011/1270/1172 906/1269/1171 907/1271/1173
f 1011/1270/1172 907/1271/1173 908/1272/1174
f 908/1272/1174 909/1273/1175 1011/1270/1172
f 1011/1270/1172 909/1273/1175 1066/1239/1141
f 1011/1270/1172 1066/1239/1141 1010/1274/1176
f 1010/1274/1176 1066/1239/1141 1067/1275/1177
f 1010/1274/1176 1067/1275/1177 1009/1276/1178
f 1009/1276/1178 1067/1275/1177 923/1277/1179
f 1009/1276/1178 923/1277/1179 924/1278/1180
f 909/1273/1175 910/1279/1181 1066/1239/1141
f 1066/1239/1141 910/1279/1181 911/1280/1182
f 1066/1239/1141 911/1280/1182 912/1281/1183
f 912/1281/1183 913/1282/1184 1066/1239/1141
f 1066/1239/1141 913/1282/1184 914/1283/1185
f 1066/1239/1141 914/1283/1185 915/1237/1139
f 951/1284/1186 916/1285/1187 1067/1275/1177
f 1067/1275/1177 916/1285/1187 917/1286/1188
f 1067/1275/1177 917/1286/1188 918/1287/1189
f 918/1287/1189 919/1288/1190 1067/1275/1177
f 1067/1275/1177 919/1288/1190 920/1289/1191
f 1067/1275/1177 920/1289/1191 921/1290/1192
f 921/1290/1192 922/1291/1193 1067/1275/1177
f 1067/1275/1177 922/1291/1193 923/1277/1179
f 924/1278/1180 925/1292/1194 1009/1276/1178
f 1009/1276/1178 925/1292/1194 926/1293/1195
f 1009/1276/1178 926/1293/1195 1000/1294/1196
f 1000/1294/1196 926/1293/1195 927/1295/1197
f 1000/1294/1196 927/1295/1197 928/1296/1198
f 928/1296/1198 929/1297/1199 1000/1294/1196
f 1000/1294/1196 929/1297/1199 930/1298/1200
f 1000/1294/1196 930/1298/1200 931/1299/1201
f 931/1299/1201 932/1300/1202 1000/1294/1196
f 1000/1294/1196 932/1300/1202 933/1301/1203
f 1000/1294/1196 933/1301/1203 934/1302/1204
f 1000/1294/1196 934/1302/1204 999/1303/1205
f 999/1303/1205 934/1302/1204 935/1304/1206
f 999/1303/1205 935/1304/1206 936/1305/1207
f 936/1305/1207 937/1306/1208 999/1303/1205
f 999/1303/1205 937/1306/1208 938/1307/1209
f 999/1303/1205 938/1307/1209 939/1308/1210
f 939/1308/1210 940/1309/1211 999/1303/1205
f 999/1303/1205 940/1309/1211 941/1310/1212
f 999/1303/1205 941/1310/1212 942/1311/1213
f 942/1311/1213 943/1312/1214 999/1303/1205
f 999/1303/1205 943/1312/1214 944/1313/1215
f 999/1303/1205 944/1313/1215 1061/1314/1216
f 1061/1314/1216 944/1313/1215 945/1315/1217
f 1061/1314/1216 945/1315/1217 946/1316/1218
f 946/1316/1218 947/1317/1219 1061/1314/1216
f 1061/1314/1216 947/1317/1219 948/1318/1220
f 1061/1314/1216 948/1318/1220 949/1319/1221
f 949/1319/1221 950/1320/1222 1061/1314/1216
f 1061/1314/1216 950/1320/1222 1067/1275/1177
f 1061/1314/1216 1067/1275/1177 1066/1239/1141
f 950/1320/1222 951/1284/1186 1067/1275/1177
f 987/1321/1223 952/1322/1224 1065/1218/1120
f 1065/1218/1120 952/1322/1224 953/1323/1225
f 1065/1218/1120 953/1323/1225 954/1324/1226
f 954/1324/1226 955/1325/1227 1065/1218/1120
f 1065/1218/1120 955/1325/1227 956/1326/1228
f 1065/1218/1120 956/1326/1228 957/1327/1229
f 1065/1218/1120 957/1327/1229 1064/1328/1230
f 1064/1328/1230 957/1327/1229 958/1329/1231
f 1064/1328/1230 958/1329/1231 959/1330/1232
f 959/1330/1232 960/1331/1233 1064/1328/1230
f 1064/1328/1230 960/1331/1233 358/1332/1234
f 1064/1328/1230 358/1332/1234 1069/1333/1235
f 1069/1333/1235 358/1332/1234 840/1334/1236
f 1069/1333/1235 840/1334/1236 1071/1335/1237
f 1071/1335/1237 840/1334/1236 839/1336/1238
f 1071/1335/1237 839/1336/1238 1062/1337/1239
f 1062/1337/1239 839/1336/1238 989/1338/1240
f 1062/1337/1239 989/1338/1240 990/1339/1241
f 960/1331/1233 961/1340/1242 358/1332/1234
f 358/1332/1234 961/1340/1242 962/1341/1243
f 358/1332/1234 962/1341/1243 359/1342/1244
f 359/1342/1244 962/1341/1243 963/1343/1245
f 359/1342/1244 963/1343/1245 964/1344/1246
f 359/1342/1244 964/1344/1246 1059/1345/1247
f 1059/1345/1247 964/1344/1246 965/1346/1248
f 1059/1345/1247 965/1346/1248 966/1347/1249
f 966/1347/1249 967/1348/1250 1059/1345/1247
f 1059/1345/1247 967/1348/1250 968/1349/1251
f 1059/1345/1247 968/1349/1251 969/1350/1252
f 1059/1345/1247 969/1350/1252 1058/1351/1253
f 1058/1351/1253 969/1350/1252 970/1352/1254
f 1058/1351/1253 970/1352/1254 971/1353/1255
f 971/1353/1255 972/1354/1256 1058/1351/1253
f 1058/1351/1253 972/1354/1256 973/1355/1257
f 1058/1351/1253 973/1355/1257 1057/1356/1258
f 1057/1356/1258 973/1355/1257 1056/1357/1259
f 1056/1357/1259 973/1355/1257 974/1358/1260
f 1056/1357/1259 974/1358/1260 1055/1359/1261
f 1055/1359/1261 974/1358/1260 1054/1360/1262
f 1054/1360/1262 974/1358/1260 1053/1361/1263
f 1053/1361/1263 974/1358/1260 1052/1362/1264
f 1052/1362/1264 974/1358/1260 975/1231/1133
f 1052/1362/1264 975/1231/1133 1051/1233/1135
f 986/1219/1121 987/1321/1223 1065/1218/1120
f 841/1363/1265 840/1334/1236 358/1332/1234
f 989/1338/1240 839/1336/1238 988/1364/1266
f 988/1364/1266 839/1336/1238 838/1365/1267
f 988/1364/1266 838/1365/1267 843/1366/1268
f 990/1339/1241 991/1367/1269 1062/1337/1239
f 1062/1337/1239 991/1367/1269 992/1368/1270
f 1062/1337/1239 992/1368/1270 993/1369/1271
f 993/1369/1271 994/1370/1272 1062/1337/1239
f 1062/1337/1239 994/1370/1272 995/1371/1273
f 1062/1337/1239 995/1371/1273 996/1372/1274
f 996/1372/1274 997/1373/1275 1062/1337/1239
f 1062/1337/1239 997/1373/1275 1074/1374/1276
f 1062/1337/1239 1074/1374/1276 1075/1375/1277
f 1075/1375/1277 1074/1374/1276 1068/1242/1144
f 1075/1375/1277 1068/1242/1144 1022/1250/1152
f 997/1373/1275 998/1376/1278 1074/1374/1276
f 1074/1374/1276 998/1376/1278 1061/1314/1216
f 1074/1374/1276 1061/1314/1216 1068/1242/1144
f 1068/1242/1144 1061/1314/1216 1066/1239/1141
f 998/1376/1278 999/1303/1205 1061/1314/1216
f 1001/1377/1279 1002/1378/1280 1000/1294/1196
f 1000/1294/1196 1002/1378/1280 1003/1379/1281
f 1000/1294/1196 1003/1379/1281 1004/1380/1282
f 1004/1380/1282 1005/1381/1283 1000/1294/1196
f 1000/1294/1196 1005/1381/1283 1006/1382/1284
f 1000/1294/1196 1006/1382/1284 1007/1383/1285
f 1007/1383/1285 1008/1384/1286 1000/1294/1196
f 1000/1294/1196 1008/1384/1286 1009/1276/1178
f 1011/1270/1172 1012/1385/1287 1020/1261/1163
f 1020/1261/1163 1012/1385/1287 1013/1386/1288
f 1020/1261/1163 1013/1386/1288 1014/1387/1289
f 1014/1387/1289 1015/1388/1290 1020/1261/1163
f 1020/1261/1163 1015/1388/1290 1016/1389/1291
f 1020/1261/1163 1016/1389/1291 1017/1390/1292
f 1017/1390/1292 1018/1391/1293 1020/1261/1163
f 1020/1261/1163 1018/1391/1293 1019/1392/1294
f 1022/1250/1152 1023/1393/1295 1075/1375/1277
f 1075/1375/1277 1023/1393/1295 1073/1394/1296
f 1075/1375/1277 1073/1394/1296 1062/1337/1239
f 1062/1337/1239 1073/1394/1296 1071/1335/1237
f 1023/1393/1295 1024/1395/1297 1073/1394/1296
f 1073/1394/1296 1024/1395/1297 1025/1396/1298
f 1073/1394/1296 1025/1396/1298 1026/1397/1299
f 1026/1397/1299 1027/1398/1300 1073/1394/1296
f 1073/1394/1296 1027/1398/1300 1028/1399/1301
f 1073/1394/1296 1028/1399/1301 1029/1400/1302
f 1029/1400/1302 1030/1401/1303 1073/1394/1296
f 1073/1394/1296 1030/1401/1303 1031/1402/1304
f 1073/1394/1296 1031/1402/1304 1035/1403/1305
f 1035/1403/1305 1031/1402/1304 1032/1404/1306
f 1035/1403/1305 1032/1404/1306 1034/1405/1307
f 1034/1405/1307 1032/1404/1306 1033/1406/1308
f 1073/1394/1296 1035/1403/1305 1072/1407/1309
f 1072/1407/1309 1035/1403/1305 1036/1408/1310
f 1072/1407/1309 1036/1408/1310 1070/1409/1311
f 1070/1409/1311 1036/1408/1310 333/1211/1113
f 1070/1409/1311 333/1211/1113 1060/1214/1116
f 1036/1408/1310 334/1410/1312 333/1211/1113
f 385/1208/1110 745/1411/1313 1037/1202/1104
f 1037/1202/1104 745/1411/1313 744/1412/1314
f 1037/1202/1104 744/1412/1314 743/1413/1315
f 743/1413/1315 742/1414/1316 1037/1202/1104
f 1037/1202/1104 742/1414/1316 741/1415/1317
f 1037/1202/1104 741/1415/1317 740/1416/1318
f 740/1416/1318 739/1417/1319 1037/1202/1104
f 550/1418/1320 558/1419/1321 1059/1345/1247
f 1059/1345/1247 558/1419/1321 557/1420/1322
f 1059/1345/1247 557/1420/1322 556/1421/1323
f 556/1421/1323 555/1422/1324 1059/1345/1247
f 1059/1345/1247 555/1422/1324 554/1423/1325
f 1059/1345/1247 554/1423/1325 553/1424/1326
f 553/1424/1326 359/1342/1244 1059/1345/1247
f 1070/1409/1311 1060/1214/1116 1064/1328/1230
f 1064/1328/1230 1060/1214/1116 1065/1218/1120
f 1070/1409/1311 1064/1328/1230 1069/1333/1235
f 1072/1407/1309 1070/1409/1311 1069/1333/1235
f 1073/1394/1296 1072/1407/1309 1071/1335/1237
f 1071/1335/1237 1072/1407/1309 1069/1333/1235
f 1034/1425/1327 1076/1426/1328 1035/1427/1329
f 1035/1427/1329 1076/1426/1328 1077/1428/1330
f 1035/1427/1329 1077/1428/1330 1036/1429/1331
f 1036/1429/1331 1077/1428/1330 1078/1430/1332
f 1036/1429/1331 1078/1430/1332 334/1431/1333
f 334/1431/1333 1078/1430/1332 335/1432/1334
f 1034/1433/1335 1033/1434/1336 1076/1435/1337
f 1076/1435/1337 1033/1434/1336 1079/1436/1338
f 323/1437/709 322/1438/1339 613/1439/710
f 613/1439/710 322/1438/1339 640/1440/737
f 613/1439/710 640/1440/737 630/1441/718
f 322/1438/1339 335/1442/1340 640/1440/737
f 640/1440/737 335/1442/1340 830/1443/1341
f 830/1443/1341 335/1442/1340 831/1444/1342
f 831/1444/1342 335/1442/1340 1078/1445/1343
f 831/1444/1342 1078/1445/1343 832/1446/1344
f 832/1446/1344 1078/1445/1343 1077/1447/1345
f 832/1446/1344 1077/1447/1345 833/1448/1346
f 833/1448/1346 1077/1447/1345 1076/1449/1347
f 1079/1450/1348 834/1451/1349 1076/1452/1350
f 1076/1452/1350 834/1451/1349 833/1453/1351
f 1059/1454/1352 1058/1455/1353 1081/1456/1354
f 1081/1456/1354 1058/1455/1353 1080/1457/1355
f 610/1458/1356 552/1459/1357 1081/1460/1358
f 1081/1460/1358 552/1459/1357 551/1461/1359
f 1081/1460/1358 551/1461/1359 1059/1462/1360
f 1059/1462/1360 551/1461/1359 550/1463/1361
f 1049/1464/1362 1082/1465/1363 1050/1466/1364
f 1050/1466/1364 1082/1465/1363 1083/1467/1365
f 1050/1466/1364 1083/1467/1365 1051/1468/1366
f 1051/1468/1366 1083/1467/1365 1084/1469/1367
f 1051/1468/1366 1084/1469/1367 1052/1470/1368
f 1052/1470/1368 1084/1469/1367 1085/1471/1369
f 1052/1470/1368 1085/1471/1369 1053/1472/1370
f 1053/1472/1370 1085/1471/1369 1086/1473/1371
f 1053/1472/1370 1086/1473/1371 1054/1474/1372
f 1054/1474/1372 1086/1473/1371 1087/1475/1373
f 1054/1474/1372 1087/1475/1373 1055/1476/1374
f 1055/1476/1374 1087/1475/1373 1088/1477/1375
f 1055/1476/1374 1088/1477/1375 1056/1478/1376
f 1056/1478/1376 1088/1477/1375 1089/1479/1377
f 1056/1478/1376 1089/1479/1377 1057/1480/1378
f 1057/1480/1378 1089/1479/1377 1090/1481/1379
f 1057/1480/1378 1090/1481/1379 1058/1482/1353
f 1058/1482/1353 1090/1481/1379 1080/1483/1355
f 1049/1484/1362 1048/1485/1380 1082/1486/1363
f 1082/1486/1363 1048/1485/1380 1092/1487/1381
f 1092/1487/1381 1048/1485/1380 1047/1488/1382
f 1092/1487/1381 1047/1488/1382 1091/1489/1383
f 1038/1490/1384 1093/1491/1385 1039/1492/1386
f 1039/1492/1386 1093/1491/1385 1094/1493/1387
f 1039/1492/1386 1094/1493/1387 1040/1494/1388
f 1040/1494/1388 1094/1493/1387 1095/1495/1389
f 1040/1494/1388 1095/1495/1389 1041/1496/1390
f 1041/1496/1390 1095/1495/1389 1096/1497/1391
f 1041/1496/1390 1096/1497/1391 1042/1498/1392
f 1042/1498/1392 1096/1497/1391 1097/1499/1393
f 1042/1498/1392 1097/1499/1393 1043/1500/1394
f 1043/1500/1394 1097/1499/1393 1098/1501/1395
f 1043/1500/1394 1098/1501/1395 1044/1502/1396
f 1044/1502/1396 1098/1501/1395 1099/1503/1397
f 1044/1502/1396 1099/1503/1397 1045/1504/1398
f 1045/1504/1398 1099/1503/1397 1100/1505/1399
f 1045/1504/1398 1100/1505/1399 1046/1506/1400
f 1046/1506/1400 1100/1505/1399 1101/1507/1401
f 1046/1506/1400 1101/1507/1401 1047/1508/1382
f 1047/1508/1382 1101/1507/1401 1091/1509/1383
f 1093/1510/1385 1038/1511/1384 1102/1512/1402
f 1102/1512/1402 1038/1511/1384 1037/1513/1403
f 739/1514/1404 747/1515/1405 1037/1516/1406
f 1037/1516/1406 747/1515/1405 1102/1517/1407
f 1102/1517/1407 747/1515/1405 746/1518/1408
f 1102/1517/1407 746/1518/1408 1103/1519/1409
f 1081/1520/1410 1104/1521/1411 610/1522/1412
f 610/1522/1412 1104/1521/1411 611/1523/1413
f 1080/1524/1414 1105/1525/1415 1081/1526/1416
f 1081/1526/1416 1105/1525/1415 1104/1527/1417
f 1105/1528/1415 1080/1529/1414 1114/1530/1418
f 1114/1530/1418 1080/1529/1414 1090/1531/1419
f 1114/1530/1418 1090/1531/1419 1113/1532/1420
f 1113/1532/1420 1090/1531/1419 1089/1533/1421
f 1113/1532/1420 1089/1533/1421 1112/1534/1422
f 1112/1534/1422 1089/1533/1421 1088/1535/1423
f 1112/1534/1422 1088/1535/1423 1111/1536/1424
f 1111/1536/1424 1088/1535/1423 1087/1537/1425
f 1111/1536/1424 1087/1537/1425 1110/1538/1426
f 1110/1538/1426 1087/1537/1425 1086/1539/1427
f 1110/1538/1426 1086/1539/1427 1109/1540/1428
f 1109/1540/1428 1086/1539/1427 1085/1541/1429
f 1109/1540/1428 1085/1541/1429 1108/1542/1430
f 1108/1542/1430 1085/1541/1429 1084/1543/1431
f 1108/1542/1430 1084/1543/1431 1107/1544/1432
f 1107/1544/1432 1084/1543/1431 1083/1545/1433
f 1107/1544/1432 1083/1545/1433 1106/1546/1434
f 1106/1546/1434 1083/1545/1433 1082/1547/1435
f 1082/1548/1435 1092/1549/1436 1106/1550/1434
f 1106/1550/1434 1092/1549/1436 1116/1551/1437
f 1116/1551/1437 1092/1549/1436 1091/1552/1438
f 1116/1551/1437 1091/1552/1438 1115/1553/1439
f 1115/1554/1439 1091/1555/1438 1125/1556/1440
f 1125/1556/1440 1091/1555/1438 1101/1557/1441
f 1125/1556/1440 1101/1557/1441 1124/1558/1442
f 1124/1558/1442 1101/1557/1441 1100/1559/1443
f 1124/1558/1442 1100/1559/1443 1123/1560/1444
f 1123/1560/1444 1100/1559/1443 1099/1561/1445
f 1123/1560/1444 1099/1561/1445 1122/1562/1446
f 1122/1562/1446 1099/1561/1445 1098/1563/1447
f 1122/1562/1446 1098/1563/1447 1121/1564/1448
f 1121/1564/1448 1098/1563/1447 1097/1565/1449
f 1121/1564/1448 1097/1565/1449 1120/1566/1450
f 1120/1566/1450 1097/1565/1449 1096/1567/1451
f 1120/1566/1450 1096/1567/1451 1119/1568/1452
f 1119/1568/1452 1096/1567/1451 1095/1569/1453
f 1119/1568/1452 1095/1569/1453 1118/1570/1454
f 1118/1570/1454 1095/1569/1453 1094/1571/1455
f 1118/1570/1454 1094/1571/1455 1117/1572/1456
f 1117/1572/1456 1094/1571/1455 1093/1573/1457
f 1102/1574/1458 1126/1575/1459 1093/1576/1457
f 1093/1576/1457 1126/1575/1459 1117/1577/1456
f 1103/1578/1460 1127/1579/1461 1102/1580/1462
f 1102/1580/1462 1127/1579/1461 1126/1581/1463
f 1128/1582/1464 830/1583/1465 1129/1584/1466
f 1129/1584/1466 830/1583/1465 829/1585/1467
f 1130/1586/1468 1127/1587/1469 1129/1588/1470
f 1129/1588/1470 1127/1587/1469 1128/1589/1471
f 1131/1590/1472 1126/1591/1473 1130/1592/1474
f 1130/1592/1474 1126/1591/1473 1127/1593/1475
f 1105/1594/1476 1132/1595/1477 1104/1596/1478
f 1104/1596/1478 1132/1595/1477 1133/1597/1479
f 1133/1598/1480 1134/1599/1481 1104/1600/1482
f 1104/1600/1482 1134/1599/1481 611/1601/1483
f 1134/1602/1484 1135/1603/1485 611/1604/1486
f 611/1604/1486 1135/1603/1485 609/1605/1487
f 1136/1606/1488 601/1607/1489 1135/1608/1490
f 1135/1608/1490 601/1607/1489 609/1609/1491
f 1106/1610/1492 1137/1611/1493 1107/1612/1494
f 1107/1612/1494 1137/1611/1493 1138/1613/1495
f 1107/1612/1494 1138/1613/1495 1108/1614/1496
f 1108/1614/1496 1138/1613/1495 1139/1615/1497
f 1108/1614/1496 1139/1615/1497 1109/1616/1498
f 1109/1616/1498 1139/1615/1497 1140/1617/1499
f 1109/1616/1498 1140/1617/1499 1110/1618/1500
f 1110/1618/1500 1140/1617/1499 1141/1619/1501
f 1110/1618/1500 1141/1619/1501 1111/1620/1502
f 1111/1620/1502 1141/1619/1501 1142/1621/1503
f 1111/1620/1502 1142/1621/1503 1112/1622/1504
f 1112/1622/1504 1142/1621/1503 1143/1623/1505
f 1112/1622/1504 1143/1623/1505 1113/1624/1506
f 1113/1624/1506 1143/1623/1505 1144/1625/1507
f 1113/1624/1506 1144/1625/1507 1114/1626/1508
f 1114/1626/1508 1144/1625/1507 1145/1627/1509
f 1114/1626/1508 1145/1627/1509 1105/1628/1476
f 1105/1628/1476 1145/1627/1509 1132/1629/1477
f 1146/1630/1510 1147/1631/1511 1115/1632/1512
f 1115/1632/1512 1147/1631/1511 1116/1633/1513
f 1116/1633/1513 1147/1631/1511 1137/1634/1493
f 1116/1633/1513 1137/1634/1493 1106/1635/1492
f 1117/1636/1514 1148/1637/1515 1118/1638/1516
f 1118/1638/1516 1148/1637/1515 1149/1639/1517
f 1118/1638/1516 1149/1639/1517 1119/1640/1518
f 1119/1640/1518 1149/1639/1517 1150/1641/1519
f 1119/1640/1518 1150/1641/1519 1120/1642/1520
f 1120/1642/1520 1150/1641/1519 1151/1643/1521
f 1120/1642/1520 1151/1643/1521 1121/1644/1522
f 1121/1644/1522 1151/1643/1521 1152/1645/1523
f 1121/1644/1522 1152/1645/1523 1122/1646/1524
f 1122/1646/1524 1152/1645/1523 1153/1647/1525
f 1122/1646/1524 1153/1647/1525 1123/1648/1526
f 1123/1648/1526 1153/1647/1525 1154/1649/1527
f 1123/1648/1526 1154/1649/1527 1124/1650/1528
f 1124/1650/1528 1154/1649/1527 1155/1651/1529
f 1124/1650/1528 1155/1651/1529 1125/1652/1530
f 1125/1652/1530 1155/1651/1529 1156/1653/1531
f 1125/1652/1530 1156/1653/1531 1115/1654/1512
f 1115/1654/1512 1156/1653/1531 1146/1655/1510
f 1131/1656/1532 1148/1657/1515 1126/1658/1533
f 1126/1658/1533 1148/1657/1515 1117/1659/1514
f 640/1660/878 830/1661/1534 721/1662/879
f 721/1662/879 830/1661/1534 1128/1663/1535
f 746/1664/851 650/1665/757 1103/1666/1536
f 1103/1666/1536 650/1665/757 721/1667/828
f 1103/1666/1536 721/1667/828 1128/1668/1537
f 1128/1668/1537 1127/1669/1538 1103/1666/1536
f 794/1670/1539 793/1671/1540 1158/1672/1541
f 1158/1672/1541 793/1671/1540 1157/1673/1542
f 1159/1674/1543 1160/1675/1544 1158/1676/1545
f 1158/1676/1545 1160/1675/1544 794/1677/1546
f 1161/1678/1547 1162/1679/1548 1164/1680/1549
f 1164/1680/1549 1162/1679/1548 1163/1681/1550
f 1165/1682/1551 1166/1683/1552 1162/1684/1553
f 1162/1684/1553 1166/1683/1552 1163/1685/1554
f 1164/1686/1555 1167/1687/1556 1161/1688/1557
f 1161/1688/1557 1167/1687/1556 1168/1689/1558
f 1169/1690/1559 1170/1691/1560 1186/1692/1561
f 1186/1692/1561 1170/1691/1560 1171/1693/1562
f 1186/1692/1561 1171/1693/1562 1185/1694/1563
f 1185/1694/1563 1171/1693/1562 1172/1695/1564
f 1185/1694/1563 1172/1695/1564 1184/1696/1565
f 1184/1696/1565 1172/1695/1564 1173/1697/1566
f 1184/1696/1565 1173/1697/1566 1183/1698/1567
f 1183/1698/1567 1173/1697/1566 1174/1699/1568
f 1183/1698/1567 1174/1699/1568 1182/1700/1569
f 1182/1700/1569 1174/1699/1568 1175/1701/1570
f 1182/1700/1569 1175/1701/1570 1181/1702/1571
f 1181/1702/1571 1175/1701/1570 1176/1703/1572
f 1181/1702/1571 1176/1703/1572 1180/1704/1573
f 1180/1704/1573 1176/1703/1572 1177/1705/1574
f 1180/1704/1573 1177/1705/1574 1179/1706/1575
f 1179/1706/1575 1177/1705/1574 1178/1707/1576
f 1179/1706/1575 1178/1707/1576 1167/1708/1556
f 1167/1708/1556 1178/1707/1576 1168/1709/1558
f 1170/1710/1560 1169/1711/1559 1192/1712/1577
f 1192/1712/1577 1169/1711/1559 1187/1713/1578
f 1192/1712/1577 1187/1713/1578 1191/1714/1579
f 1191/1714/1579 1187/1713/1578 1188/1715/1580
f 1191/1714/1579 1188/1715/1580 1190/1716/1581
f 1190/1716/1581 1188/1715/1580 1189/1717/1582
f 1193/1718/1583 1194/1719/1584 1210/1720/1585
f 1210/1720/1585 1194/1719/1584 1195/1721/1586
f 1210/1720/1585 1195/1721/1586 1209/1722/1587
f 1209/1722/1587 1195/1721/1586 1196/1723/1588
f 1209/1722/1587 1196/1723/1588 1208/1724/1589
f 1208/1724/1589 1196/1723/1588 1197/1725/1590
f 1208/1724/1589 1197/1725/1590 1207/1726/1591
f 1207/1726/1591 1197/1725/1590 1198/1727/1592
f 1207/1726/1591 1198/1727/1592 1206/1728/1593
f 1206/1728/1593 1198/1727/1592 1199/1729/1594
f 1206/1728/1593 1199/1729/1594 1205/1730/1595
f 1205/1730/1595 1199/1729/1594 1200/1731/1596
f 1205/1730/1595 1200/1731/1596 1204/1732/1597
f 1204/1732/1597 1200/1731/1596 1201/1733/1598
f 1204/1732/1597 1201/1733/1598 1203/1734/1599
f 1203/1734/1599 1201/1733/1598 1202/1735/1600
f 1203/1734/1599 1202/1735/1600 1189/1736/1582
f 1189/1736/1582 1202/1735/1600 1190/1737/1581
f 1193/1738/1583 1211/1739/1601 1194/1740/1584
f 1194/1740/1584 1211/1739/1601 1214/1741/1602
f 1214/1741/1602 1211/1739/1601 1212/1742/1603
f 1214/1741/1602 1212/1742/1603 1213/1743/1604
f 1213/1744/1604 1212/1745/1603 1232/1746/1605
f 1232/1746/1605 1212/1745/1603 1215/1747/1606
f 1232/1746/1605 1215/1747/1606 1231/1748/1607
f 1231/1748/1607 1215/1747/1606 1216/1749/1608
f 1231/1748/1607 1216/1749/1608 1230/1750/1609
f 1230/1750/1609 1216/1749/1608 1217/1751/1610
f 1230/1750/1609 1217/1751/1610 1229/1752/1611
f 1229/1752/1611 1217/1751/1610 1218/1753/1612
f 1229/1752/1611 1218/1753/1612 1228/1754/1613
f 1228/1754/1613 1218/1753/1612 1219/1755/1614
f 1228/1754/1613 1219/1755/1614 1227/1756/1615
f 1227/1756/1615 1219/1755/1614 1220/1757/1616
f 1227/1756/1615 1220/1757/1616 1226/1758/1617
f 1226/1758/1617 1220/1757/1616 1221/1759/1618
f 1226/1758/1617 1221/1759/1618 1225/1760/1619
f 1225/1760/1619 1221/1759/1618 1222/1761/1620
f 1225/1760/1619 1222/1761/1620 1224/1762/1621
f 1224/1762/1621 1222/1761/1620 1223/1763/1622
f 1233/1764/1623 1234/1765/1624 1238/1766/1625
f 1238/1766/1625 1234/1765/1624 1235/1767/1626
f 1238/1766/1625 1235/1767/1626 1237/1768/1627
f 1237/1768/1627 1235/1767/1626 1236/1769/1628
f 1237/1768/1627 1236/1769/1628 1223/1770/1622
f 1223/1770/1622 1236/1769/1628 1224/1771/1621
f 1234/1772/1624 1233/1773/1623 1256/1774/1629
f 1256/1774/1629 1233/1773/1623 1239/1775/1630
f 1256/1774/1629 1239/1775/1630 1255/1776/1631
f 1255/1776/1631 1239/1775/1630 1240/1777/1632
f 1255/1776/1631 1240/1777/1632 1254/1778/1633
f 1254/1778/1633 1240/1777/1632 1241/1779/1634
f 1254/1778/1633 1241/1779/1634 1253/1780/1635
f 1253/1780/1635 1241/1779/1634 1242/1781/1636
f 1253/1780/1635 1242/1781/1636 1252/1782/1637
f 1252/1782/1637 1242/1781/1636 1243/1783/1638
f 1252/1782/1637 1243/1783/1638 1251/1784/1639
f 1251/1784/1639 1243/1783/1638 1244/1785/1640
f 1251/1784/1639 1244/1785/1640 1250/1786/1641
f 1250/1786/1641 1244/1785/1640 1245/1787/1642
f 1250/1786/1641 1245/1787/1642 1249/1788/1643
f 1249/1788/1643 1245/1787/1642 1246/1789/1644
f 1249/1788/1643 1246/1789/1644 1248/1790/1645
f 1248/1790/1645 1246/1789/1644 1247/1791/1646
f 1248/1792/1645 1247/1793/1646 1159/1794/1647
f 1159/1794/1647 1247/1793/1646 1160/1795/1648
f 1160/1796/1649 842/1797/1650 794/1798/1651
f 794/1798/1651 842/1797/1650 774/1799/1652
f 774/1799/1652 842/1797/1650 775/1800/1653
f 775/1800/1653 842/1797/1650 1257/1801/1654
f 842/1802/1655 1160/1803/1656 843/1804/1657
f 843/1804/1657 1160/1803/1656 1247/1805/1658
f 843/1804/1657 1247/1805/1658 988/1806/1659
f 988/1807/1659 1247/1808/1658 1258/1809/1660
f 1258/1809/1660 1247/1808/1658 1246/1810/1661
f 1258/1809/1660 1246/1810/1661 1259/1811/1662
f 1259/1811/1662 1246/1810/1661 1245/1812/1663
f 1259/1811/1662 1245/1812/1663 1260/1813/1664
f 1260/1813/1664 1245/1812/1663 1244/1814/1665
f 1260/1813/1664 1244/1814/1665 1261/1815/1666
f 1261/1815/1666 1244/1814/1665 1243/1816/1667
f 1261/1815/1666 1243/1816/1667 1262/1817/1668
f 1262/1817/1668 1243/1816/1667 1242/1818/1669
f 1262/1817/1668 1242/1818/1669 1263/1819/1670
f 1263/1819/1670 1242/1818/1669 1241/1820/1671
f 1263/1819/1670 1241/1820/1671 1264/1821/1672
f 1264/1821/1672 1241/1820/1671 1240/1822/1673
f 1264/1821/1672 1240/1822/1673 1265/1823/1674
f 1265/1823/1674 1240/1822/1673 1239/1824/1675
f 1265/1823/1674 1239/1824/1675 1233/1825/1676
f 1233/1825/1676 997/1826/1677 1265/1823/1674
f 1265/1823/1674 997/1826/1677 996/1827/1678
f 1265/1823/1674 996/1827/1678 1264/1821/1672
f 1264/1821/1672 996/1827/1678 995/1828/1679
f 1264/1821/1672 995/1828/1679 1263/1819/1670
f 1263/1819/1670 995/1828/1679 994/1829/1680
f 1263/1819/1670 994/1829/1680 1262/1817/1668
f 1262/1817/1668 994/1829/1680 993/1830/1681
f 1262/1817/1668 993/1830/1681 1261/1815/1666
f 1261/1815/1666 993/1830/1681 992/1831/1682
f 1261/1815/1666 992/1831/1682 1260/1813/1664
f 1260/1813/1664 992/1831/1682 991/1832/1683
f 1260/1813/1664 991/1832/1683 1259/1811/1662
f 1259/1811/1662 991/1832/1683 990/1833/1684
f 1259/1811/1662 990/1833/1684 1258/1809/1660
f 1258/1809/1660 990/1833/1684 989/1834/1685
f 1258/1809/1660 989/1834/1685 988/1807/1659
f 1233/1835/1676 1238/1836/1686 997/1837/1677
f 997/1837/1677 1238/1836/1686 998/1838/1687
f 998/1838/1687 1238/1836/1686 1237/1839/1688
f 998/1838/1687 1237/1839/1688 999/1840/1689
f 999/1840/1689 1237/1839/1688 1223/1841/1690
f 999/1840/1689 1223/1841/1690 1000/1842/1691
f 1000/1843/1691 1223/1844/1690 1001/1845/1692
f 1001/1845/1692 1223/1844/1690 1222/1846/1693
f 1001/1845/1692 1222/1846/1693 1002/1847/1694
f 1002/1847/1694 1222/1846/1693 1221/1848/1695
f 1002/1847/1694 1221/1848/1695 1003/1849/1696
f 1003/1849/1696 1221/1848/1695 1220/1850/1697
f 1003/1849/1696 1220/1850/1697 1004/1851/1698
f 1004/1851/1698 1220/1850/1697 1219/1852/1699
f 1004/1851/1698 1219/1852/1699 1005/1853/1700
f 1005/1853/1700 1219/1852/1699 1218/1854/1701
f 1005/1853/1700 1218/1854/1701 1006/1855/1702
f 1006/1855/1702 1218/1854/1701 1217/1856/1703
f 1006/1855/1702 1217/1856/1703 1007/1857/1704
f 1007/1857/1704 1217/1856/1703 1216/1858/1705
f 1007/1857/1704 1216/1858/1705 1008/1859/1706
f 1008/1859/1706 1216/1858/1705 1215/1860/1707
f 1008/1859/1706 1215/1860/1707 1009/1861/1708
f 1009/1861/1708 1215/1860/1707 1212/1862/1709
f 1212/1863/1709 1211/1864/1710 1009/1865/1708
f 1009/1865/1708 1211/1864/1710 1010/1866/1711
f 1010/1866/1711 1211/1864/1710 1193/1867/1712
f 1010/1866/1711 1193/1867/1712 1011/1868/1713
f 1011/1869/1713 1193/1870/1712 1012/1871/1714
f 1012/1871/1714 1193/1870/1712 1210/1872/1715
f 1012/1871/1714 1210/1872/1715 1013/1873/1716
f 1013/1873/1716 1210/1872/1715 1209/1874/1717
f 1013/1873/1716 1209/1874/1717 1014/1875/1718
f 1014/1875/1718 1209/1874/1717 1208/1876/1719
f 1014/1875/1718 1208/1876/1719 1015/1877/1720
f 1015/1877/1720 1208/1876/1719 1207/1878/1721
f 1015/1877/1720 1207/1878/1721 1016/1879/1722
f 1016/1879/1722 1207/1878/1721 1206/1880/1723
f 1016/1879/1722 1206/1880/1723 1017/1881/1724
f 1017/1881/1724 1206/1880/1723 1205/1882/1725
f 1017/1881/1724 1205/1882/1725 1018/1883/1726
f 1018/1883/1726 1205/1882/1725 1204/1884/1727
f 1018/1883/1726 1204/1884/1727 1019/1885/1728
f 1019/1885/1728 1204/1884/1727 1203/1886/1729
f 1019/1885/1728 1203/1886/1729 1020/1887/1730
f 1020/1887/1730 1203/1886/1729 1189/1888/1731
f 1202/1889/1732 1274/1890/1733 1190/1891/1734
f 1190/1891/1734 1274/1890/1733 1275/1892/1735
f 1190/1891/1734 1275/1892/1735 1191/1893/1736
f 1191/1893/1736 1275/1892/1735 1192/1894/1737
f 1192/1894/1737 1275/1892/1735 821/1895/1738
f 1192/1894/1737 821/1895/1738 820/1896/1739
f 1202/1889/1732 1201/1897/1740 1274/1890/1733
f 1274/1890/1733 1201/1897/1740 1200/1898/1741
f 1274/1890/1733 1200/1898/1741 1273/1899/1742
f 1273/1899/1742 1200/1898/1741 1272/1900/1743
f 1272/1900/1743 1200/1898/1741 1271/1901/1744
f 1271/1901/1744 1200/1898/1741 1270/1902/1745
f 1270/1902/1745 1200/1898/1741 1199/1903/1746
f 1270/1902/1745 1199/1903/1746 1269/1904/1747
f 1269/1904/1747 1199/1903/1746 1268/1905/1748
f 1268/1905/1748 1199/1903/1746 1267/1906/1749
f 1267/1906/1749 1199/1903/1746 1266/1907/1750
f 1266/1907/1750 1199/1903/1746 1198/1908/1751
f 1266/1907/1750 1198/1908/1751 1197/1909/1752
f 1197/1909/1752 1196/1910/1753 1266/1907/1750
f 1266/1907/1750 1196/1910/1753 1195/1911/1754
f 1266/1907/1750 1195/1911/1754 1194/1912/1755
f 1275/1892/1735 1165/1913/1756 821/1895/1738
f 821/1895/1738 1165/1913/1756 811/1914/1757
f 811/1914/1757 1165/1913/1756 1162/1915/1758
f 811/1914/1757 1162/1915/1758 1161/1916/1759
f 1161/1916/1759 1168/1917/1760 811/1914/1757
f 811/1914/1757 1168/1917/1760 812/1918/1761
f 812/1918/1761 1168/1917/1760 1170/1919/1762
f 812/1918/1761 1170/1919/1762 820/1896/1739
f 820/1896/1739 1170/1919/1762 1192/1894/1737
f 1168/1917/1760 1178/1920/1763 1170/1919/1762
f 1170/1919/1762 1178/1920/1763 1177/1921/1764
f 1170/1919/1762 1177/1921/1764 1176/1922/1765
f 1176/1922/1765 1175/1923/1766 1170/1919/1762
f 1170/1919/1762 1175/1923/1766 1174/1924/1767
f 1170/1919/1762 1174/1924/1767 1173/1925/1768
f 1173/1925/1768 1172/1926/1769 1170/1919/1762
f 1170/1919/1762 1172/1926/1769 1171/1927/1770
f 1189/1928/1731 1188/1929/1771 1020/1930/1730
f 1020/1930/1730 1188/1929/1771 1021/1931/1772
f 1021/1931/1772 1188/1929/1771 1187/1932/1773
f 1021/1931/1772 1187/1932/1773 1022/1933/1774
f 1022/1933/1774 1187/1932/1773 1169/1934/1775
f 1022/1933/1774 1169/1934/1775 1023/1935/1776
f 1023/1936/1776 1169/1937/1775 1276/1938/1777
f 1276/1938/1777 1169/1937/1775 1186/1939/1778
f 1276/1938/1777 1186/1939/1778 1277/1940/1779
f 1277/1940/1779 1186/1939/1778 1185/1941/1780
f 1277/1940/1779 1185/1941/1780 1278/1942/1781
f 1278/1942/1781 1185/1941/1780 1184/1943/1782
f 1278/1942/1781 1184/1943/1782 1279/1944/1783
f 1279/1944/1783 1184/1943/1782 1183/1945/1784
f 1279/1944/1783 1183/1945/1784 1280/1946/1785
f 1280/1946/1785 1183/1945/1784 1182/1947/1786
f 1280/1946/1785 1182/1947/1786 1281/1948/1787
f 1281/1948/1787 1182/1947/1786 1181/1949/1788
f 1281/1948/1787 1181/1949/1788 1282/1950/1789
f 1282/1950/1789 1181/1949/1788 1180/1951/1790
f 1282/1950/1789 1180/1951/1790 1283/1952/1791
f 1283/1952/1791 1180/1951/1790 1179/1953/1792
f 1283/1952/1791 1179/1953/1792 1167/1954/1793
f 1167/1954/1793 1032/1955/1794 1283/1952/1791
f 1283/1952/1791 1032/1955/1794 1031/1956/1795
f 1283/1952/1791 1031/1956/1795 1282/1950/1789
f 1282/1950/1789 1031/1956/1795 1030/1957/1796
f 1282/1950/1789 1030/1957/1796 1281/1948/1787
f 1281/1948/1787 1030/1957/1796 1029/1958/1797
f 1281/1948/1787 1029/1958/1797 1280/1946/1785
f 1280/1946/1785 1029/1958/1797 1028/1959/1798
f 1280/1946/1785 1028/1959/1798 1279/1944/1783
f 1279/1944/1783 1028/1959/1798 1027/1960/1799
f 1279/1944/1783 1027/1960/1799 1278/1942/1781
f 1278/1942/1781 1027/1960/1799 1026/1961/1800
f 1278/1942/1781 1026/1961/1800 1277/1940/1779
f 1277/1940/1779 1026/1961/1800 1025/1962/1801
f 1277/1940/1779 1025/1962/1801 1276/1938/1777
f 1276/1938/1777 1025/1962/1801 1024/1963/1802
f 1276/1938/1777 1024/1963/1802 1023/1936/1776
f 1032/1964/1794 1167/1965/1793 1033/1966/1803
f 1033/1966/1803 1167/1965/1793 1164/1967/1804
f 1033/1966/1803 1164/1967/1804 1079/1968/1805
f 1164/1969/1806 1163/1970/1807 1079/1971/1808
f 1079/1971/1808 1163/1970/1807 804/1972/1809
f 1079/1971/1808 804/1972/1809 803/1973/1810
f 803/1973/1810 834/1974/1811 1079/1971/1808
f 804/1975/1812 1166/1976/1813 815/1977/1814
f 815/1977/1814 1166/1976/1813 1284/1978/1815
f 815/1977/1814 1284/1978/1815 1285/1979/1816
f 804/1975/1812 1163/1980/1817 1166/1976/1813
f 1285/1979/1816 816/1981/1818 815/1977/1814
f 1166/1982/1819 1165/1983/1820 1284/1984/1821
f 1284/1984/1821 1165/1983/1820 1275/1985/1822
f 1284/1984/1821 1275/1985/1822 1287/1986/1823
f 1287/1986/1823 1275/1985/1822 1286/1987/1824
f 1286/1987/1824 1275/1985/1822 1274/1988/1825
f 1266/1989/1826 1288/1990/1827 1267/1991/1828
f 1267/1991/1828 1288/1990/1827 1289/1992/1829
f 1267/1991/1828 1289/1992/1829 1268/1993/1830
f 1268/1993/1830 1289/1992/1829 1290/1994/1831
f 1268/1993/1830 1290/1994/1831 1269/1995/1832
f 1269/1995/1832 1290/1994/1831 1291/1996/1833
f 1269/1995/1832 1291/1996/1833 1270/1997/1834
f 1270/1997/1834 1291/1996/1833 1292/1998/1835
f 1270/1997/1834 1292/1998/1835 1271/1999/1836
f 1271/1999/1836 1292/1998/1835 1293/2000/1837
f 1271/1999/1836 1293/2000/1837 1272/2001/1838
f 1272/2001/1838 1293/2000/1837 1294/2002/1839
f 1272/2001/1838 1294/2002/1839 1273/2003/1840
f 1273/2003/1840 1294/2002/1839 1295/2004/1841
f 1273/2003/1840 1295/2004/1841 1274/2005/1825
f 1274/2005/1825 1295/2004/1841 1286/2006/1824
f 1266/2007/1826 1194/2008/1842 1288/2009/1827
f 1288/2009/1827 1194/2008/1842 1298/2010/1843
f 1298/2010/1843 1194/2008/1842 1214/2011/1844
f 1298/2010/1843 1214/2011/1844 1213/2012/1845
f 1296/2013/1846 1297/2014/1847 1213/2012/1845
f 1213/2012/1845 1297/2014/1847 1298/2010/1843
f 1299/2015/1848 1300/2016/1849 1314/2017/1850
f 1314/2017/1850 1300/2016/1849 1301/2018/1851
f 1314/2017/1850 1301/2018/1851 1313/2019/1852
f 1313/2019/1852 1301/2018/1851 1302/2020/1853
f 1313/2019/1852 1302/2020/1853 1312/2021/1854
f 1312/2021/1854 1302/2020/1853 1303/2022/1855
f 1312/2021/1854 1303/2022/1855 1311/2023/1856
f 1311/2023/1856 1303/2022/1855 1304/2024/1857
f 1311/2023/1856 1304/2024/1857 1310/2025/1858
f 1310/2025/1858 1304/2024/1857 1305/2026/1859
f 1310/2025/1858 1305/2026/1859 1309/2027/1860
f 1309/2027/1860 1305/2026/1859 1306/2028/1861
f 1309/2027/1860 1306/2028/1861 1308/2029/1862
f 1308/2029/1862 1306/2028/1861 1307/2030/1863
f 1308/2029/1862 1307/2030/1863 1296/2031/1846
f 1296/2031/1846 1307/2030/1863 1297/2032/1847
f 793/2033/1864 792/2034/1865 1157/2035/1866
f 1157/2035/1866 792/2034/1865 1316/2036/1867
f 1316/2036/1867 792/2034/1865 1315/2037/1868
f 1316/2036/1867 1315/2037/1868 1300/2038/1849
f 1300/2038/1849 1299/2039/1848 1316/2036/1867
f 1159/2040/1869 1158/2041/1870 780/2042/1871
f 780/2042/1871 1158/2041/1870 1157/2043/1872
f 780/2042/1871 1157/2043/1872 837/2044/1873
f 837/2044/1873 1157/2043/1872 1316/2045/1874
f 837/2044/1873 1316/2045/1874 1235/2046/1875
f 1235/2046/1875 1316/2045/1874 1236/2047/1876
f 1236/2047/1876 1316/2045/1874 1224/2048/1877
f 1224/2048/1877 1316/2045/1874 1299/2049/1878
f 1224/2048/1877 1299/2049/1878 1225/2050/1879
f 1225/2050/1879 1299/2049/1878 1226/2051/1880
f 1226/2051/1880 1299/2049/1878 1227/2052/1881
f 1227/2052/1881 1299/2049/1878 1314/2053/1882
f 1227/2052/1881 1314/2053/1882 1313/2054/1883
f 1313/2054/1883 1312/2055/1884 1227/2052/1881
f 1227/2052/1881 1312/2055/1884 1311/2056/1885
f 1227/2052/1881 1311/2056/1885 1228/2057/1886
f 1228/2057/1886 1311/2056/1885 1310/2058/1887
f 1228/2057/1886 1310/2058/1887 1309/2059/1888
f 1309/2059/1888 1308/2060/1889 1228/2057/1886
f 1228/2057/1886 1308/2060/1889 1296/2061/1890
f 1228/2057/1886 1296/2061/1890 1229/2062/1891
f 1229/2062/1891 1296/2061/1890 1230/2063/1892
f 1230/2063/1892 1296/2061/1890 1231/2064/1893
f 1231/2064/1893 1296/2061/1890 1232/2065/1894
f 1232/2065/1894 1296/2061/1890 1213/2066/1895
f 837/2044/1873 1235/2046/1875 835/2067/1896
f 835/2067/1896 1235/2046/1875 1234/2068/1897
f 835/2067/1896 1234/2068/1897 779/2069/1898
f 779/2069/1898 1234/2068/1897 1248/2070/1899
f 779/2069/1898 1248/2070/1899 780/2042/1871
f 780/2042/1871 1248/2070/1899 1159/2040/1869
f 1256/2071/1900 1255/2072/1901 1234/2068/1897
f 1234/2068/1897 1255/2072/1901 1254/2073/1902
f 1234/2068/1897 1254/2073/1902 1253/2074/1903
f 1253/2074/1903 1252/2075/1904 1234/2068/1897
f 1234/2068/1897 1252/2075/1904 1251/2076/1905
f 1234/2068/1897 1251/2076/1905 1250/2077/1906
f 1250/2077/1906 1249/2078/1907 1234/2068/1897
f 1234/2068/1897 1249/2078/1907 1248/2070/1899
f 1317/2079/1908 1318/2080/1909 1322/2081/1910
f 1322/2081/1910 1318/2080/1909 1319/2082/1911
f 1322/2081/1910 1319/2082/1911 1320/2083/1912
f 1320/2083/1912 1321/2084/1913 1322/2081/1910
f 1323/2085/1914 1324/2086/1915 1338/2087/1916
f 1338/2087/1916 1324/2086/1915 1325/2088/1917
f 1338/2087/1916 1325/2088/1917 1337/2089/1918
f 1337/2089/1918 1325/2088/1917 1326/2090/1919
f 1337/2089/1918 1326/2090/1919 1336/2091/1920
f 1336/2091/1920 1326/2090/1919 1327/2092/1921
f 1336/2091/1920 1327/2092/1921 1335/2093/1922
f 1335/2093/1922 1327/2092/1921 1328/2094/1923
f 1335/2093/1922 1328/2094/1923 1334/2095/1924
f 1334/2095/1924 1328/2094/1923 1329/2096/1925
f 1334/2095/1924 1329/2096/1925 1333/2097/1926
f 1333/2097/1926 1329/2096/1925 1330/2098/1927
f 1333/2097/1926 1330/2098/1927 1332/2099/1928
f 1332/2099/1928 1330/2098/1927 1331/2100/1929
f 1332/2099/1928 1331/2100/1929 1320/2101/1912
f 1320/2101/1912 1331/2100/1929 1321/2102/1913
f 1340/2103/1930 1341/2104/1931 1339/2105/1932
f 1339/2105/1932 1341/2104/1931 1342/2106/1933
f 1342/2106/1933 1341/2104/1931 1324/2107/1915
f 1342/2106/1933 1324/2107/1915 1323/2108/1914
f 1343/2109/1934 1344/2110/1935 1358/2111/1936
f 1358/2111/1936 1344/2110/1935 1345/2112/1937
f 1358/2111/1936 1345/2112/1937 1357/2113/1938
f 1357/2113/1938 1345/2112/1937 1346/2114/1939
f 1357/2113/1938 1346/2114/1939 1356/2115/1940
f 1356/2115/1940 1346/2114/1939 1347/2116/1941
f 1356/2115/1940 1347/2116/1941 1355/2117/1942
f 1355/2117/1942 1347/2116/1941 1348/2118/1943
f 1355/2117/1942 1348/2118/1943 1354/2119/1944
f 1354/2119/1944 1348/2118/1943 1349/2120/1945
f 1354/2119/1944 1349/2120/1945 1353/2121/1946
f 1353/2121/1946 1349/2120/1945 1350/2122/1947
f 1353/2121/1946 1350/2122/1947 1352/2123/1948
f 1352/2123/1948 1350/2122/1947 1351/2124/1949
f 1352/2123/1948 1351/2124/1949 1339/2125/1932
f 1339/2125/1932 1351/2124/1949 1340/2126/1930
f 796/2127/1950 1359/2128/1951 797/2129/1952
f 797/2129/1952 1359/2128/1951 1360/2130/1953
f 1360/2130/1953 1359/2128/1951 1343/2131/1934
f 1343/2131/1934 1359/2128/1951 1344/2132/1935
f 1343/2133/1954 1300/2134/1955 1360/2135/1956
f 1360/2135/1956 1300/2134/1955 1315/2136/1957
f 1360/2135/1956 1315/2136/1957 797/2137/1958
f 797/2137/1958 1315/2136/1957 791/2138/1959
f 791/2138/1959 1315/2136/1957 792/2139/1960
f 1339/2140/1961 1297/2141/1962 1361/2142/1963
f 1361/2142/1963 1297/2141/1962 1307/2143/1964
f 1361/2142/1963 1307/2143/1964 1362/2144/1965
f 1362/2144/1965 1307/2143/1964 1306/2145/1966
f 1362/2144/1965 1306/2145/1966 1363/2146/1967
f 1363/2146/1967 1306/2145/1966 1305/2147/1968
f 1363/2146/1967 1305/2147/1968 1364/2148/1969
f 1364/2148/1969 1305/2147/1968 1304/2149/1970
f 1364/2148/1969 1304/2149/1970 1365/2150/1971
f 1365/2150/1971 1304/2149/1970 1303/2151/1972
f 1365/2150/1971 1303/2151/1972 1366/2152/1973
f 1366/2152/1973 1303/2151/1972 1302/2153/1974
f 1366/2152/1973 1302/2153/1974 1367/2154/1975
f 1367/2154/1975 1302/2153/1974 1301/2155/1976
f 1367/2154/1975 1301/2155/1976 1300/2156/1955
f 1300/2156/1955 1343/2157/1954 1367/2154/1975
f 1367/2154/1975 1343/2157/1954 1358/2158/1977
f 1367/2154/1975 1358/2158/1977 1366/2152/1973
f 1366/2152/1973 1358/2158/1977 1357/2159/1978
f 1366/2152/1973 1357/2159/1978 1365/2150/1971
f 1365/2150/1971 1357/2159/1978 1356/2160/1979
f 1365/2150/1971 1356/2160/1979 1364/2148/1969
f 1364/2148/1969 1356/2160/1979 1355/2161/1980
f 1364/2148/1969 1355/2161/1980 1363/2146/1967
f 1363/2146/1967 1355/2161/1980 1354/2162/1981
f 1363/2146/1967 1354/2162/1981 1362/2144/1965
f 1362/2144/1965 1354/2162/1981 1353/2163/1982
f 1362/2144/1965 1353/2163/1982 1361/2142/1963
f 1361/2142/1963 1353/2163/1982 1352/2164/1983
f 1361/2142/1963 1352/2164/1983 1339/2140/1961
f 1288/2165/1984 1298/2166/1985 1323/2167/1986
f 1323/2167/1986 1298/2166/1985 1342/2168/1987
f 1342/2168/1987 1298/2166/1985 1297/2169/1962
f 1342/2168/1987 1297/2169/1962 1339/2170/1961
f 1320/2171/1988 1286/2172/1989 1368/2173/1990
f 1368/2173/1990 1286/2172/1989 1295/2174/1991
f 1368/2173/1990 1295/2174/1991 1369/2175/1992
f 1369/2175/1992 1295/2174/1991 1294/2176/1993
f 1369/2175/1992 1294/2176/1993 1370/2177/1994
f 1370/2177/1994 1294/2176/1993 1293/2178/1995
f 1370/2177/1994 1293/2178/1995 1371/2179/1996
f 1371/2179/1996 1293/2178/1995 1292/2180/1997
f 1371/2179/1996 1292/2180/1997 1372/2181/1998
f 1372/2181/1998 1292/2180/1997 1291/2182/1999
f 1372/2181/1998 1291/2182/1999 1373/2183/2000
f 1373/2183/2000 1291/2182/1999 1290/2184/2001
f 1373/2183/2000 1290/2184/2001 1374/2185/2002
f 1374/2185/2002 1290/2184/2001 1289/2186/2003
f 1374/2185/2002 1289/2186/2003 1288/2187/1984
f 1288/2187/1984 1323/2188/1986 1374/2185/2002
f 1374/2185/2002 1323/2188/1986 1338/2189/2004
f 1374/2185/2002 1338/2189/2004 1373/2183/2000
f 1373/2183/2000 1338/2189/2004 1337/2190/2005
f 1373/2183/2000 1337/2190/2005 1372/2181/1998
f 1372/2181/1998 1337/2190/2005 1336/2191/2006
f 1372/2181/1998 1336/2191/2006 1371/2179/1996
f 1371/2179/1996 1336/2191/2006 1335/2192/2007
f 1371/2179/1996 1335/2192/2007 1370/2177/1994
f 1370/2177/1994 1335/2192/2007 1334/2193/2008
f 1370/2177/1994 1334/2193/2008 1369/2175/1992
f 1369/2175/1992 1334/2193/2008 1333/2194/2009
f 1369/2175/1992 1333/2194/2009 1368/2173/1990
f 1368/2173/1990 1333/2194/2009 1332/2195/2010
f 1368/2173/1990 1332/2195/2010 1320/2171/1988
f 1284/2196/2011 1287/2197/2012 1285/2198/2013
f 1285/2198/2013 1287/2197/2012 1318/2199/2014
f 1318/2199/2014 1287/2197/2012 1319/2200/2015
f 1319/2200/2015 1287/2197/2012 1286/2201/1989
f 1319/2200/2015 1286/2201/1989 1320/2202/1988
f 824/2203/2016 1317/2204/2017 825/2205/2018
f 825/2205/2018 1317/2204/2017 1377/2206/2019
f 825/2205/2018 1377/2206/2019 1380/2207/2020
f 1380/2207/2020 1377/2206/2019 1378/2208/2021
f 1380/2207/2020 1378/2208/2021 1379/2209/2022
f 1379/2209/2022 1378/2208/2021 799/2210/2023
f 1379/2209/2022 799/2210/2023 784/2211/2024
f 1317/2204/2017 1322/2212/2025 1377/2206/2019
f 1377/2206/2019 1322/2212/2025 1321/2213/2026
f 1377/2206/2019 1321/2213/2026 1324/2214/2027
f 1324/2214/2027 1321/2213/2026 1325/2215/2028
f 1325/2215/2028 1321/2213/2026 1326/2216/2029
f 1326/2216/2029 1321/2213/2026 1327/2217/2030
f 1327/2217/2030 1321/2213/2026 1328/2218/2031
f 1328/2218/2031 1321/2213/2026 1329/2219/2032
f 1329/2219/2032 1321/2213/2026 1330/2220/2033
f 1330/2220/2033 1321/2213/2026 1331/2221/2034
f 1324/2214/2027 1341/2222/2035 1377/2206/2019
f 1377/2206/2019 1341/2222/2035 1378/2208/2021
f 1341/2222/2035 1340/2223/2036 1378/2208/2021
f 1378/2208/2021 1340/2223/2036 1344/2224/2037
f 1378/2208/2021 1344/2224/2037 1359/2225/2038
f 1340/2223/2036 1351/2226/2039 1344/2224/2037
f 1344/2224/2037 1351/2226/2039 1350/2227/2040
f 1344/2224/2037 1350/2227/2040 1349/2228/2041
f 1349/2228/2041 1348/2229/2042 1344/2224/2037
f 1344/2224/2037 1348/2229/2042 1347/2230/2043
f 1344/2224/2037 1347/2230/2043 1346/2231/2044
f 1346/2231/2044 1345/2232/2045 1344/2224/2037
f 1359/2225/2038 796/2233/2046 1378/2208/2021
f 1378/2208/2021 796/2233/2046 799/2210/2023
f 796/2233/2046 795/2234/2047 799/2210/2023
f 783/2235/2048 1375/2236/2049 784/2211/2024
f 784/2211/2024 1375/2236/2049 1381/2237/2050
f 784/2211/2024 1381/2237/2050 1379/2209/2022
f 1379/2209/2022 1381/2237/2050 1382/2238/2051
f 1379/2209/2022 1382/2238/2051 1380/2207/2020
f 1380/2207/2020 1382/2238/2051 807/2239/2052
f 1380/2207/2020 807/2239/2052 825/2205/2018
f 1381/2237/2050 1375/2236/2049 1383/2240/2053
f 1383/2240/2053 1375/2236/2049 1376/2241/2054
f 1383/2240/2053 1376/2241/2054 1385/2242/2055
f 1385/2242/2055 1376/2241/2054 1134/2243/2056
f 1385/2242/2055 1134/2243/2056 1133/2244/2057
f 1376/2241/2054 1136/2245/2058 1134/2243/2056
f 1134/2243/2056 1136/2245/2058 1135/2246/2059
f 1132/2247/2060 1137/2248/2061 1133/2244/2057
f 1133/2244/2057 1137/2248/2061 1147/2249/2062
f 1133/2244/2057 1147/2249/2062 1385/2242/2055
f 1385/2242/2055 1147/2249/2062 1386/2250/2063
f 1385/2242/2055 1386/2250/2063 1383/2240/2053
f 1383/2240/2053 1386/2250/2063 1384/2251/2064
f 1383/2240/2053 1384/2251/2064 1381/2237/2050
f 1381/2237/2050 1384/2251/2064 1382/2238/2051
f 1145/2252/2065 1144/2253/2066 1132/2247/2060
f 1132/2247/2060 1144/2253/2066 1143/2254/2067
f 1132/2247/2060 1143/2254/2067 1142/2255/2068
f 1142/2255/2068 1141/2256/2069 1132/2247/2060
f 1132/2247/2060 1141/2256/2069 1140/2257/2070
f 1132/2247/2060 1140/2257/2070 1139/2258/2071
f 1139/2258/2071 1138/2259/2072 1132/2247/2060
f 1132/2247/2060 1138/2259/2072 1137/2248/2061
f 1386/2250/2063 1147/2249/2062 1131/2260/2073
f 1131/2260/2073 1147/2249/2062 1146/2261/2074
f 1131/2260/2073 1146/2261/2074 1148/2262/2075
f 1148/2262/2075 1146/2261/2074 1156/2263/2076
f 1148/2262/2075 1156/2263/2076 1155/2264/2077
f 1155/2264/2077 1154/2265/2078 1148/2262/2075
f 1148/2262/2075 1154/2265/2078 1153/2266/2079
f 1148/2262/2075 1153/2266/2079 1152/2267/2080
f 1152/2267/2080 1151/2268/2081 1148/2262/2075
f 1148/2262/2075 1151/2268/2081 1150/2269/2082
f 1148/2262/2075 1150/2269/2082 1149/2270/2083
f 1131/2260/2073 1130/2271/2084 1386/2250/2063
f 1386/2250/2063 1130/2271/2084 828/2272/2085
f 1386/2250/2063 828/2272/2085 1384/2251/2064
f 1384/2251/2064 828/2272/2085 827/2273/2086
f 1384/2251/2064 827/2273/2086 1382/2238/2051
f 1382/2238/2051 827/2273/2086 807/2239/2052
f 1129/2274/2087 829/2275/2088 1130/2271/2084
f 1130/2271/2084 829/2275/2088 828/2272/2085
f 827/2273/2086 808/2276/2089 807/2239/2052
f 842/2277/2090 605/2278/2091 1257/2279/2092
f 1257/2279/2092 605/2278/2091 604/2280/2093
f 816/2281/2094 1285/2282/2095 817/2283/2096
f 817/2283/2096 1285/2282/2095 1318/2284/2097
f 817/2283/2096 1318/2284/2097 1317/2285/2098
f 1317/2285/2098 824/2286/2099 817/2283/2096
f 775/2287/2100 1257/2288/2101 776/2289/2102
f 776/2289/2102 1257/2288/2101 604/2290/2103
f 776/2289/2102 604/2290/2103 783/2291/2104
f 783/2291/2104 604/2290/2103 1375/2292/2105
f 1375/2292/2105 604/2290/2103 603/2293/2106
f 1375/2292/2105 603/2293/2106 1376/2294/2107
f 1376/2294/2107 603/2293/2106 602/2295/2108
f 1376/2294/2107 602/2295/2108 1136/2296/2109
f 1136/2296/2109 602/2295/2108 601/2297/2110
f 782/2298/2111 781/2299/2112 826/2300/2113
f 826/2300/2113 781/2299/2112 836/2301/2114
f 362/2302/376 311/2303/378 612/2304/691
f 612/2304/691 311/2303/378 332/2305/693
f 348/2306/2115 347/2307/2116 349/2308/2117
f 349/2308/2117 347/2307/2116 346/2309/2118
f 349/2308/2117 346/2309/2118 345/2310/2119
f 345/2310/2119 344/2311/2120 349/2308/2117
f 349/2308/2117 344/2311/2120 343/2312/2121
f 349/2308/2117 343/2312/2121 342/2313/2122
f 342/2313/2122 341/2314/2123 349/2308/2117
f 349/2308/2117 341/2314/2123 340/2315/2124
f 349/2308/2117 340/2315/2124 339/2316/2125
f 338/2317/2126 541/2318/2127 339/2316/2125
f 339/2316/2125 541/2318/2127 349/2308/2117
f 349/2308/2117 541/2318/2127 532/2319/2128
f 532/2319/2128 541/2318/2127 540/2320/2129
f 532/2319/2128 540/2320/2129 539/2321/2130
f 539/2321/2130 538/2322/2131 532/2319/2128
f 532/2319/2128 538/2322/2131 537/2323/2132
f 532/2319/2128 537/2323/2132 536/2324/2133
f 536/2324/2133 535/2325/2134 532/2319/2128
f 532/2319/2128 535/2325/2134 534/2326/2135
f 532/2319/2128 534/2326/2135 533/2327/2136
f 532/2319/2128 531/2328/2137 349/2308/2117
f 349/2308/2117 531/2328/2137 361/2329/468
f 361/2329/468 531/2328/2137 431/2330/469
f 431/2331/487 531/2332/606 441/2333/488
f 441/2333/488 531/2332/606 583/2334/641
f 583/2334/641 531/2332/606 460/2335/545
f 36/2336/2138 1422/2337/2139 1/2338/2140
f 1/2338/2140 1422/2337/2139 1387/2339/2141
f 1/2340/2140 1387/2341/2141 2/2342/2142
f 2/2342/2142 1387/2341/2141 1388/2343/2143
f 2/2342/2142 1388/2343/2143 3/2344/2144
f 3/2344/2144 1388/2343/2143 1389/2345/2145
f 3/2344/2144 1389/2345/2145 4/2346/2146
f 4/2346/2146 1389/2345/2145 1390/2347/2147
f 4/2346/2146 1390/2347/2147 5/2348/2148
f 5/2348/2148 1390/2347/2147 1391/2349/2149
f 5/2348/2148 1391/2349/2149 6/2350/2150
f 6/2350/2150 1391/2349/2149 1392/2351/2151
f 6/2350/2150 1392/2351/2151 7/2352/2152
f 7/2352/2152 1392/2351/2151 1393/2353/2153
f 7/2352/2152 1393/2353/2153 8/2354/2154
f 8/2354/2154 1393/2353/2153 1394/2355/2155
f 8/2354/2154 1394/2355/2155 9/2356/2156
f 9/2356/2156 1394/2355/2155 1395/2357/2157
f 9/2356/2156 1395/2357/2157 10/2358/2158
f 10/2358/2158 1395/2357/2157 1396/2359/2159
f 10/2358/2158 1396/2359/2159 11/2360/2160
f 11/2360/2160 1396/2359/2159 1397/2361/2161
f 11/2360/2160 1397/2361/2161 12/2362/2162
f 12/2362/2162 1397/2361/2161 1398/2363/2163
f 12/2362/2162 1398/2363/2163 13/2364/2164
f 13/2364/2164 1398/2363/2163 1399/2365/2165
f 13/2364/2164 1399/2365/2165 14/2366/2166
f 14/2366/2166 1399/2365/2165 1400/2367/2167
f 14/2366/2166 1400/2367/2167 15/2368/2168
f 15/2368/2168 1400/2367/2167 1401/2369/2169
f 15/2368/2168 1401/2369/2169 16/2370/2170
f 16/2370/2170 1401/2369/2169 1402/2371/2171
f 16/2370/2170 1402/2371/2171 17/2372/2172
f 17/2372/2172 1402/2371/2171 1403/2373/2173
f 17/2372/2172 1403/2373/2173 18/2374/2174
f 18/2374/2174 1403/2373/2173 1404/2375/2175
f 18/2374/2174 1404/2375/2175 19/2376/2176
f 19/2376/2176 1404/2375/2175 1405/2377/2177
f 19/2376/2176 1405/2377/2177 20/2378/2178
f 20/2378/2178 1405/2377/2177 1406/2379/2179
f 20/2378/2178 1406/2379/2179 21/2380/2180
f 21/2380/2180 1406/2379/2179 1407/2381/2181
f 21/2380/2180 1407/2381/2181 22/2382/2182
f 22/2382/2182 1407/2381/2181 1408/2383/2183
f 22/2382/2182 1408/2383/2183 23/2384/2184
f 23/2384/2184 1408/2383/2183 1409/2385/2185
f 23/2384/2184 1409/2385/2185 24/2386/2186
f 24/2386/2186 1409/2385/2185 1410/2387/2187
f 24/2386/2186 1410/2387/2187 25/2388/2188
f 25/2388/2188 1410/2387/2187 1411/2389/2189
f 25/2388/2188 1411/2389/2189 26/2390/2190
f 26/2390/2190 1411/2389/2189 1412/2391/2191
f 26/2390/2190 1412/2391/2191 27/2392/2192
f 27/2392/2192 1412/2391/2191 1413/2393/2193
f 27/2392/2192 1413/2393/2193 28/2394/2194
f 28/2394/2194 1413/2393/2193 1414/2395/2195
f 28/2394/2194 1414/2395/2195 29/2396/2196
f 29/2396/2196 1414/2395/2195 1415/2397/2197
f 29/2396/2196 1415/2397/2197 30/2398/2198
f 30/2398/2198 1415/2397/2197 1416/2399/2199
f 30/2398/2198 1416/2399/2199 31/2400/2200
f 31/2400/2200 1416/2399/2199 1417/2401/2201
f 31/2400/2200 1417/2401/2201 32/2402/2202
f 32/2402/2202 1417/2401/2201 1418/2403/2203
f 32/2402/2202 1418/2403/2203 33/2404/2204
f 33/2404/2204 1418/2403/2203 1419/2405/2205
f 33/2404/2204 1419/2405/2205 34/2406/2206
f 34/2406/2206 1419/2405/2205 1420/2407/2207
f 34/2406/2206 1420/2407/2207 35/2408/2208
f 35/2408/2208 1420/2407/2207 1421/2409/2209
f 35/2408/2208 1421/2409/2209 36/2336/2138
f 36/2336/2138 1421/2409/2209 1422/2337/2139
f 1422/2410/2210 1406/2411/2211 1387/2412/2212
f 1387/2412/2212 1406/2411/2211 1405/2413/2213
f 1387/2412/2212 1405/2413/2213 1388/2414/2214
f 1388/2414/2214 1405/2413/2213 1404/2415/2215
f 1388/2414/2214 1404/2415/2215 1389/2416/2216
f 1389/2416/2216 1404/2415/2215 1403/2417/2217
f 1389/2416/2216 1403/2417/2217 1390/2418/2218
f 1390/2418/2218 1403/2417/2217 1402/2419/2219
f 1390/2418/2218 1402/2419/2219 1391/2420/2220
f 1391/2420/2220 1402/2419/2219 1401/2421/2221
f 1391/2420/2220 1401/2421/2221 1392/2422/2222
f 1392/2422/2222 1401/2421/2221 1400/2423/2223
f 1392/2422/2222 1400/2423/2223 1393/2424/2224
f 1393/2424/2224 1400/2423/2223 1399/2425/2225
f 1393/2424/2224 1399/2425/2225 1394/2426/2226
f 1394/2426/2226 1399/2425/2225 1398/2427/2227
f 1394/2426/2226 1398/2427/2227 1395/2428/2228
f 1395/2428/2228 1398/2427/2227 1397/2429/2229
f 1395/2428/2228 1397/2429/2229 1396/2430/2230
f 1406/2411/2211 1422/2410/2210 1407/2431/2231
f 1407/2431/2231 1422/2410/2210 1421/2432/2232
f 1407/2431/2231 1421/2432/2232 1408/2433/2233
f 1408/2433/2233 1421/2432/2232 1420/2434/2234
f 1408/2433/2233 1420/2434/2234 1409/2435/2235
f 1409/2435/2235 1420/2434/2234 1419/2436/2236
f 1409/2435/2235 1419/2436/2236 1410/2437/2237
f 1410/2437/2237 1419/2436/2236 1418/2438/2238
f 1410/2437/2237 1418/2438/2238 1411/2439/2239
f 1411/2439/2239 1418/2438/2238 1417/2440/2240
f 1411/2439/2239 1417/2440/2240 1412/2441/2241
f 1412/2441/2241 1417/2440/2240 1416/2442/2242
f 1412/2441/2241 1416/2442/2242 1413/2443/2243
f 1413/2443/2243 1416/2442/2242 1415/2444/2244
f 1413/2443/2243 1415/2444/2244 1414/2445/2245
f 180/2446/2246 1458/2447/2247 145/2448/2248
f 145/2448/2248 1458/2447/2247 1423/2449/2249
f 145/2450/2248 1423/2451/2249 146/2452/2250
f 146/2452/2250 1423/2451/2249 1424/2453/2251
f 146/2452/2250 1424/2453/2251 147/2454/2252
f 147/2454/2252 1424/2453/2251 1425/2455/2253
f 147/2454/2252 1425/2455/2253 148/2456/2254
f 148/2456/2254 1425/2455/2253 1426/2457/2255
f 148/2456/2254 1426/2457/2255 149/2458/2256
f 149/2458/2256 1426/2457/2255 1427/2459/2257
f 149/2458/2256 1427/2459/2257 150/2460/2258
f 150/2460/2258 1427/2459/2257 1428/2461/2259
f 150/2460/2258 1428/2461/2259 151/2462/2260
f 151/2462/2260 1428/2461/2259 1429/2463/2261
f 151/2462/2260 1429/2463/2261 152/2464/2262
f 152/2464/2262 1429/2463/2261 1430/2465/2263
f 152/2464/2262 1430/2465/2263 153/2466/2264
f 153/2466/2264 1430/2465/2263 1431/2467/2265
f 153/2466/2264 1431/2467/2265 154/2468/2266
f 154/2468/2266 1431/2467/2265 1432/2469/2267
f 154/2468/2266 1432/2469/2267 155/2470/2268
f 155/2470/2268 1432/2469/2267 1433/2471/2269
f 155/2470/2268 1433/2471/2269 156/2472/2270
f 156/2472/2270 1433/2471/2269 1434/2473/2271
f 156/2472/2270 1434/2473/2271 157/2474/2272
f 157/2474/2272 1434/2473/2271 1435/2475/2273
f 157/2474/2272 1435/2475/2273 158/2476/2274
f 158/2476/2274 1435/2475/2273 1436/2477/2275
f 158/2476/2274 1436/2477/2275 159/2478/2276
f 159/2478/2276 1436/2477/2275 1437/2479/2277
f 159/2478/2276 1437/2479/2277 160/2480/2278
f 160/2480/2278 1437/2479/2277 1438/2481/2279
f 160/2480/2278 1438/2481/2279 161/2482/2280
f 161/2482/2280 1438/2481/2279 1439/2483/2281
f 161/2482/2280 1439/2483/2281 162/2484/2282
f 162/2484/2282 1439/2483/2281 1440/2485/2283
f 162/2484/2282 1440/2485/2283 163/2486/2284
f 163/2486/2284 1440/2485/2283 1441/2487/2285
f 163/2486/2284 1441/2487/2285 164/2488/2286
f 164/2488/2286 1441/2487/2285 1442/2489/2287
f 164/2488/2286 1442/2489/2287 165/2490/2288
f 165/2490/2288 1442/2489/2287 1443/2491/2289
f 165/2490/2288 1443/2491/2289 166/2492/2290
f 166/2492/2290 1443/2491/2289 1444/2493/2291
f 166/2492/2290 1444/2493/2291 167/2494/2292
f 167/2494/2292 1444/2493/2291 1445/2495/2293
f 167/2494/2292 1445/2495/2293 168/2496/2294
f 168/2496/2294 1445/2495/2293 1446/2497/2295
f 168/2496/2294 1446/2497/2295 169/2498/2296
f 169/2498/2296 1446/2497/2295 1447/2499/2297
f 169/2498/2296 1447/2499/2297 170/2500/2298
f 170/2500/2298 1447/2499/2297 1448/2501/2299
f 170/2500/2298 1448/2501/2299 171/2502/2300
f 171/2502/2300 1448/2501/2299 1449/2503/2301
f 171/2502/2300 1449/2503/2301 172/2504/2302
f 172/2504/2302 1449/2503/2301 1450/2505/2303
f 172/2504/2302 1450/2505/2303 173/2506/2304
f 173/2506/2304 1450/2505/2303 1451/2507/2305
f 173/2506/2304 1451/2507/2305 174/2508/2306
f 174/2508/2306 1451/2507/2305 1452/2509/2307
f 174/2508/2306 1452/2509/2307 175/2510/2308
f 175/2510/2308 1452/2509/2307 1453/2511/2309
f 175/2510/2308 1453/2511/2309 176/2512/2310
f 176/2512/2310 1453/2511/2309 1454/2513/2311
f 176/2512/2310 1454/2513/2311 177/2514/2312
f 177/2514/2312 1454/2513/2311 1455/2515/2313
f 177/2514/2312 1455/2515/2313 178/2516/2314
f 178/2516/2314 1455/2515/2313 1456/2517/2315
f 178/2516/2314 1456/2517/2315 179/2518/2316
f 179/2518/2316 1456/2517/2315 1457/2519/2317
f 179/2518/2316 1457/2519/2317 180/2446/2246
f 180/2446/2246 1457/2519/2317 1458/2447/2247
f 1458/2520/2318 1442/2521/2319 1423/2522/2320
f 1423/2522/2320 1442/2521/2319 1441/2523/2321
f 1423/2522/2320 1441/2523/2321 1424/2524/2322
f 1424/2524/2322 1441/2523/2321 1440/2525/2323
f 1424/2524/2322 1440/2525/2323 1425/2526/2324
f 1425/2526/2324 1440/2525/2323 1439/2527/2325
f 1425/2526/2324 1439/2527/2325 1426/2528/2326
f 1426/2528/2326 1439/2527/2325 1438/2529/2327
f 1426/2528/2326 1438/2529/2327 1427/2530/2328
f 1427/2530/2328 1438/2529/2327 1437/2531/2329
f 1427/2530/2328 1437/2531/2329 1428/2532/2330
f 1428/2532/2330 1437/2531/2329 1436/2533/2331
f 1428/2532/2330 1436/2533/2331 1429/2534/2332
f 1429/2534/2332 1436/2533/2331 1435/2535/2333
f 1429/2534/2332 1435/2535/2333 1430/2536/2334
f 1430/2536/2334 1435/2535/2333 1434/2537/2335
f 1430/2536/2334 1434/2537/2335 1431/2538/2336
f 1431/2538/2336 1434/2537/2335 1433/2539/2337
f 1431/2538/2336 1433/2539/2337 1432/2540/2338
f 1442/2521/2319 1458/2520/2318 1443/2541/2339
f 1443/2541/2339 1458/2520/2318 1457/2542/2340
f 1443/2541/2339 1457/2542/2340 1444/2543/2341
f 1444/2543/2341 1457/2542/2340 1456/2544/2342
f 1444/2543/2341 1456/2544/2342 1445/2545/2343
f 1445/2545/2343 1456/2544/2342 1455/2546/2344
f 1445/2545/2343 1455/2546/2344 1446/2547/2345
f 1446/2547/2345 1455/2546/2344 1454/2548/2346
f 1446/2547/2345 1454/2548/2346 1447/2549/2347
f 1447/2549/2347 1454/2548/2346 1453/2550/2348
f 1447/2549/2347 1453/2550/2348 1448/2551/2349
f 1448/2551/2349 1453/2550/2348 1452/2552/2350
f 1448/2551/2349 1452/2552/2350 1449/2553/2351
f 1449/2553/2351 1452/2552/2350 1451/2554/2352
f 1449/2553/2351 1451/2554/2352 1450/2555/2353
f 216/2556/2354 845/2557/2355 181/2558/2356
f 181/2558/2356 845/2557/2355 844/2559/2357
f 181/2560/2356 844/2561/2357 182/2562/2358
f 182/2562/2358 844/2561/2357 879/2563/2359
f 182/2562/2358 879/2563/2359 183/2564/2360
f 183/2564/2360 879/2563/2359 878/2565/2361
f 183/2564/2360 878/2565/2361 184/2566/2362
f 184/2566/2362 878/2565/2361 877/2567/2363
f 184/2566/2362 877/2567/2363 185/2568/2364
f 185/2568/2364 877/2567/2363 876/2569/2365
f 185/2568/2364 876/2569/2365 186/2570/2366
f 186/2570/2366 876/2569/2365 875/2571/2367
f 186/2570/2366 875/2571/2367 187/2572/2368
f 187/2572/2368 875/2571/2367 874/2573/2369
f 187/2572/2368 874/2573/2369 188/2574/2370
f 188/2574/2370 874/2573/2369 873/2575/2371
f 188/2574/2370 873/2575/2371 189/2576/2372
f 189/2576/2372 873/2575/2371 872/2577/2373
f 189/2576/2372 872/2577/2373 190/2578/2374
f 190/2578/2374 872/2577/2373 871/2579/2375
f 190/2578/2374 871/2579/2375 191/2580/2376
f 191/2580/2376 871/2579/2375 870/2581/2377
f 191/2580/2376 870/2581/2377 192/2582/2378
f 192/2582/2378 870/2581/2377 869/2583/2379
f 192/2582/2378 869/2583/2379 193/2584/2380
f 193/2584/2380 869/2583/2379 868/2585/2381
f 193/2584/2380 868/2585/2381 194/2586/2382
f 194/2586/2382 868/2585/2381 867/2587/2383
f 194/2586/2382 867/2587/2383 195/2588/2384
f 195/2588/2384 867/2587/2383 866/2589/2385
f 195/2588/2384 866/2589/2385 196/2590/2386
f 196/2590/2386 866/2589/2385 865/2591/2387
f 196/2590/2386 865/2591/2387 197/2592/2388
f 197/2592/2388 865/2591/2387 864/2593/2389
f 197/2592/2388 864/2593/2389 198/2594/2390
f 198/2594/2390 864/2593/2389 863/2595/2391
f 198/2594/2390 863/2595/2391 199/2596/2392
f 199/2596/2392 863/2595/2391 862/2597/2393
f 199/2596/2392 862/2597/2393 200/2598/2394
f 200/2598/2394 862/2597/2393 861/2599/2395
f 200/2598/2394 861/2599/2395 201/2600/2396
f 201/2600/2396 861/2599/2395 860/2601/2397
f 201/2600/2396 860/2601/2397 202/2602/2398
f 202/2602/2398 860/2601/2397 859/2603/2399
f 202/2602/2398 859/2603/2399 203/2604/2400
f 203/2604/2400 859/2603/2399 858/2605/2401
f 203/2604/2400 858/2605/2401 204/2606/2402
f 204/2606/2402 858/2605/2401 857/2607/2403
f 204/2606/2402 857/2607/2403 205/2608/2404
f 205/2608/2404 857/2607/2403 856/2609/2405
f 205/2608/2404 856/2609/2405 206/2610/2406
f 206/2610/2406 856/2609/2405 855/2611/2407
f 206/2610/2406 855/2611/2407 207/2612/2408
f 207/2612/2408 855/2611/2407 854/2613/2409
f 207/2612/2408 854/2613/2409 208/2614/2410
f 208/2614/2410 854/2613/2409 853/2615/2411
f 208/2614/2410 853/2615/2411 209/2616/2412
f 209/2616/2412 853/2615/2411 852/2617/2413
f 209/2616/2412 852/2617/2413 210/2618/2414
f 210/2618/2414 852/2617/2413 851/2619/2415
f 210/2618/2414 851/2619/2415 211/2620/2416
f 211/2620/2416 851/2619/2415 850/2621/2417
f 211/2620/2416 850/2621/2417 212/2622/2418
f 212/2622/2418 850/2621/2417 849/2623/2419
f 212/2622/2418 849/2623/2419 213/2624/2420
f 213/2624/2420 849/2623/2419 848/2625/2421
f 213/2624/2420 848/2625/2421 214/2626/2422
f 214/2626/2422 848/2625/2421 847/2627/2423
f 214/2626/2422 847/2627/2423 215/2628/2424
f 215/2628/2424 847/2627/2423 846/2629/2425
f 215/2628/2424 846/2629/2425 216/2556/2354
f 216/2556/2354 846/2629/2425 845/2557/2355
f 72/2630/2426 881/2631/2427 37/2632/2428
f 37/2632/2428 881/2631/2427 880/2633/2429
f 37/2634/2428 880/2635/2429 38/2636/2430
f 38/2636/2430 880/2635/2429 915/2637/2431
f 38/2636/2430 915/2637/2431 39/2638/2432
f 39/2638/2432 915/2637/2431 914/2639/2433
f 39/2638/2432 914/2639/2433 40/2640/2434
f 40/2640/2434 914/2639/2433 913/2641/2435
f 40/2640/2434 913/2641/2435 41/2642/2436
f 41/2642/2436 913/2641/2435 912/2643/2437
f 41/2642/2436 912/2643/2437 42/2644/2438
f 42/2644/2438 912/2643/2437 911/2645/2439
f 42/2644/2438 911/2645/2439 43/2646/2440
f 43/2646/2440 911/2645/2439 910/2647/2441
f 43/2646/2440 910/2647/2441 44/2648/2442
f 44/2648/2442 910/2647/2441 909/2649/2443
f 44/2648/2442 909/2649/2443 45/2650/2444
f 45/2650/2444 909/2649/2443 908/2651/2445
f 45/2650/2444 908/2651/2445 46/2652/2446
f 46/2652/2446 908/2651/2445 907/2653/2447
f 46/2652/2446 907/2653/2447 47/2654/2448
f 47/2654/2448 907/2653/2447 906/2655/2449
f 47/2654/2448 906/2655/2449 48/2656/2450
f 48/2656/2450 906/2655/2449 905/2657/2451
f 48/2656/2450 905/2657/2451 49/2658/2452
f 49/2658/2452 905/2657/2451 904/2659/2453
f 49/2658/2452 904/2659/2453 50/2660/2454
f 50/2660/2454 904/2659/2453 903/2661/2455
f 50/2660/2454 903/2661/2455 51/2662/2456
f 51/2662/2456 903/2661/2455 902/2663/2457
f 51/2662/2456 902/2663/2457 52/2664/2458
f 52/2664/2458 902/2663/2457 901/2665/2459
f 52/2664/2458 901/2665/2459 53/2666/2460
f 53/2666/2460 901/2665/2459 900/2667/2461
f 53/2666/2460 900/2667/2461 54/2668/2462
f 54/2668/2462 900/2667/2461 899/2669/2463
f 54/2668/2462 899/2669/2463 55/2670/2464
f 55/2670/2464 899/2669/2463 898/2671/2465
f 55/2670/2464 898/2671/2465 56/2672/2466
f 56/2672/2466 898/2671/2465 897/2673/2467
f 56/2672/2466 897/2673/2467 57/2674/2468
f 57/2674/2468 897/2673/2467 896/2675/2469
f 57/2674/2468 896/2675/2469 58/2676/2470
f 58/2676/2470 896/2675/2469 895/2677/2471
f 58/2676/2470 895/2677/2471 59/2678/2472
f 59/2678/2472 895/2677/2471 894/2679/2473
f 59/2678/2472 894/2679/2473 60/2680/2474
f 60/2680/2474 894/2679/2473 893/2681/2475
f 60/2680/2474 893/2681/2475 61/2682/2476
f 61/2682/2476 893/2681/2475 892/2683/2477
f 61/2682/2476 892/2683/2477 62/2684/2478
f 62/2684/2478 892/2683/2477 891/2685/2479
f 62/2684/2478 891/2685/2479 63/2686/2480
f 63/2686/2480 891/2685/2479 890/2687/2481
f 63/2686/2480 890/2687/2481 64/2688/2482
f 64/2688/2482 890/2687/2481 889/2689/2483
f 64/2688/2482 889/2689/2483 65/2690/2484
f 65/2690/2484 889/2689/2483 888/2691/2485
f 65/2690/2484 888/2691/2485 66/2692/2486
f 66/2692/2486 888/2691/2485 887/2693/2487
f 66/2692/2486 887/2693/2487 67/2694/2488
f 67/2694/2488 887/2693/2487 886/2695/2489
f 67/2694/2488 886/2695/2489 68/2696/2490
f 68/2696/2490 886/2695/2489 885/2697/2491
f 68/2696/2490 885/2697/2491 69/2698/2492
f 69/2698/2492 885/2697/2491 884/2699/2493
f 69/2698/2492 884/2699/2493 70/2700/2494
f 70/2700/2494 884/2699/2493 883/2701/2495
f 70/2700/2494 883/2701/2495 71/2702/2496
f 71/2702/2496 883/2701/2495 882/2703/2497
f 71/2702/2496 882/2703/2497 72/2630/2426
f 72/2630/2426 882/2703/2497 881/2631/2427
f 821/2704/2498 811/2705/2499 822/2706/2500
f 822/2706/2500 811/2705/2499 810/2707/2501
f 252/2708/2502 1494/2709/2503 217/2710/2504
f 217/2710/2504 1494/2709/2503 1459/2711/2505
f 217/2712/2504 1459/2713/2505 218/2714/2506
f 218/2714/2506 1459/2713/2505 1460/2715/2507
f 218/2714/2506 1460/2715/2507 219/2716/2508
f 219/2716/2508 1460/2715/2507 1461/2717/2509
f 219/2716/2508 1461/2717/2509 220/2718/2510
f 220/2718/2510 1461/2717/2509 1462/2719/2511
f 220/2718/2510 1462/2719/2511 221/2720/2512
f 221/2720/2512 1462/2719/2511 1463/2721/2513
f 221/2720/2512 1463/2721/2513 222/2722/2514
f 222/2722/2514 1463/2721/2513 1464/2723/2515
f 222/2722/2514 1464/2723/2515 223/2724/2516
f 223/2724/2516 1464/2723/2515 1465/2725/2517
f 223/2724/2516 1465/2725/2517 224/2726/2518
f 224/2726/2518 1465/2725/2517 1466/2727/2519
f 224/2726/2518 1466/2727/2519 225/2728/2520
f 225/2728/2520 1466/2727/2519 1467/2729/2521
f 225/2728/2520 1467/2729/2521 226/2730/2522
f 226/2730/2522 1467/2729/2521 1468/2731/2523
f 226/2730/2522 1468/2731/2523 227/2732/2524
f 227/2732/2524 1468/2731/2523 1469/2733/2525
f 227/2732/2524 1469/2733/2525 228/2734/2526
f 228/2734/2526 1469/2733/2525 1470/2735/2527
f 228/2734/2526 1470/2735/2527 229/2736/2528
f 229/2736/2528 1470/2735/2527 1471/2737/2529
f 229/2736/2528 1471/2737/2529 230/2738/2530
f 230/2738/2530 1471/2737/2529 1472/2739/2531
f 230/2738/2530 1472/2739/2531 231/2740/2532
f 231/2740/2532 1472/2739/2531 1473/2741/2533
f 231/2740/2532 1473/2741/2533 232/2742/2534
f 232/2742/2534 1473/2741/2533 1474/2743/2535
f 232/2742/2534 1474/2743/2535 233/2744/2536
f 233/2744/2536 1474/2743/2535 1475/2745/2537
f 233/2744/2536 1475/2745/2537 234/2746/2538
f 234/2746/2538 1475/2745/2537 1476/2747/2539
f 234/2746/2538 1476/2747/2539 235/2748/2540
f 235/2748/2540 1476/2747/2539 1477/2749/2541
f 235/2748/2540 1477/2749/2541 236/2750/2542
f 236/2750/2542 1477/2749/2541 1478/2751/2543
f 236/2750/2542 1478/2751/2543 237/2752/2544
f 237/2752/2544 1478/2751/2543 1479/2753/2545
f 237/2752/2544 1479/2753/2545 238/2754/2546
f 238/2754/2546 1479/2753/2545 1480/2755/2547
f 238/2754/2546 1480/2755/2547 239/2756/2548
f 239/2756/2548 1480/2755/2547 1481/2757/2549
f 239/2756/2548 1481/2757/2549 240/2758/2550
f 240/2758/2550 1481/2757/2549 1482/2759/2551
f 240/2758/2550 1482/2759/2551 241/2760/2552
f 241/2760/2552 1482/2759/2551 1483/2761/2553
f 241/2760/2552 1483/2761/2553 242/2762/2554
f 242/2762/2554 1483/2761/2553 1484/2763/2555
f 242/2762/2554 1484/2763/2555 243/2764/2556
f 243/2764/2556 1484/2763/2555 1485/2765/2557
f 243/2764/2556 1485/2765/2557 244/2766/2558
f 244/2766/2558 1485/2765/2557 1486/2767/2559
f 244/2766/2558 1486/2767/2559 245/2768/2560
f 245/2768/2560 1486/2767/2559 1487/2769/2561
f 245/2768/2560 1487/2769/2561 246/2770/2562
f 246/2770/2562 1487/2769/2561 1488/2771/2563
f 246/2770/2562 1488/2771/2563 247/2772/2564
f 247/2772/2564 1488/2771/2563 1489/2773/2565
f 247/2772/2564 1489/2773/2565 248/2774/2566
f 248/2774/2566 1489/2773/2565 1490/2775/2567
f 248/2774/2566 1490/2775/2567 249/2776/2568
f 249/2776/2568 1490/2775/2567 1491/2777/2569
f 249/2776/2568 1491/2777/2569 250/2778/2570
f 250/2778/2570 1491/2777/2569 1492/2779/2571
f 250/2778/2570 1492/2779/2571 251/2780/2572
f 251/2780/2572 1492/2779/2571 1493/2781/2573
f 251/2780/2572 1493/2781/2573 252/2708/2502
f 252/2708/2502 1493/2781/2573 1494/2709/2503
f 1494/2782/2574 1478/2783/2575 1459/2784/2576
f 1459/2784/2576 1478/2783/2575 1477/2785/2577
f 1459/2784/2576 1477/2785/2577 1460/2786/2578
f 1460/2786/2578 1477/2785/2577 1476/2787/2579
f 1460/2786/2578 1476/2787/2579 1461/2788/2580
f 1461/2788/2580 1476/2787/2579 1475/2789/2581
f 1461/2788/2580 1475/2789/2581 1462/2790/2582
f 1462/2790/2582 1475/2789/2581 1474/2791/2583
f 1462/2790/2582 1474/2791/2583 1463/2792/2584
f 1463/2792/2584 1474/2791/2583 1473/2793/2585
f 1463/2792/2584 1473/2793/2585 1464/2794/2586
f 1464/2794/2586 1473/2793/2585 1472/2795/2587
f 1464/2794/2586 1472/2795/2587 1465/2796/2588
f 1465/2796/2588 1472/2795/2587 1471/2797/2589
f 1465/2796/2588 1471/2797/2589 1466/2798/2590
f 1466/2798/2590 1471/2797/2589 1470/2799/2591
f 1466/2798/2590 1470/2799/2591 1467/2800/2592
f 1467/2800/2592 1470/2799/2591 1469/2801/2593
f 1467/2800/2592 1469/2801/2593 1468/2802/2594
f 1478/2783/2575 1494/2782/2574 1479/2803/2595
f 1479/2803/2595 1494/2782/2574 1493/2804/2596
f 1479/2803/2595 1493/2804/2596 1480/2805/2597
f 1480/2805/2597 1493/2804/2596 1492/2806/2598
f 1480/2805/2597 1492/2806/2598 1481/2807/2599
f 1481/2807/2599 1492/2806/2598 1491/2808/2600
f 1481/2807/2599 1491/2808/2600 1482/2809/2601
f 1482/2809/2601 1491/2808/2600 1490/2810/2602
f 1482/2809/2601 1490/2810/2602 1483/2811/2603
f 1483/2811/2603 1490/2810/2602 1489/2812/2604
f 1483/2811/2603 1489/2812/2604 1484/2813/2605
f 1484/2813/2605 1489/2812/2604 1488/2814/2606
f 1484/2813/2605 1488/2814/2606 1485/2815/2607
f 1485/2815/2607 1488/2814/2606 1487/2816/2608
f 1485/2815/2607 1487/2816/2608 1486/2817/2609
f 108/2818/2610 1530/2819/2611 73/2820/2612
f 73/2820/2612 1530/2819/2611 1495/2821/2613
f 73/2822/2612 1495/2823/2613 74/2824/2614
f 74/2824/2614 1495/2823/2613 1496/2825/2615
f 74/2824/2614 1496/2825/2615 75/2826/2616
f 75/2826/2616 1496/2825/2615 1497/2827/2617
f 75/2826/2616 1497/2827/2617 76/2828/2618
f 76/2828/2618 1497/2827/2617 1498/2829/2619
f 76/2828/2618 1498/2829/2619 77/2830/2620
f 77/2830/2620 1498/2829/2619 1499/2831/2621
f 77/2830/2620 1499/2831/2621 78/2832/2622
f 78/2832/2622 1499/2831/2621 1500/2833/2623
f 78/2832/2622 1500/2833/2623 79/2834/2624
f 79/2834/2624 1500/2833/2623 1501/2835/2625
f 79/2834/2624 1501/2835/2625 80/2836/2626
f 80/2836/2626 1501/2835/2625 1502/2837/2627
f 80/2836/2626 1502/2837/2627 81/2838/2628
f 81/2838/2628 1502/2837/2627 1503/2839/2629
f 81/2838/2628 1503/2839/2629 82/2840/2630
f 82/2840/2630 1503/2839/2629 1504/2841/2631
f 82/2840/2630 1504/2841/2631 83/2842/2632
f 83/2842/2632 1504/2841/2631 1505/2843/2633
f 83/2842/2632 1505/2843/2633 84/2844/2634
f 84/2844/2634 1505/2843/2633 1506/2845/2635
f 84/2844/2634 1506/2845/2635 85/2846/2636
f 85/2846/2636 1506/2845/2635 1507/2847/2637
f 85/2846/2636 1507/2847/2637 86/2848/2638
f 86/2848/2638 1507/2847/2637 1508/2849/2639
f 86/2848/2638 1508/2849/2639 87/2850/2640
f 87/2850/2640 1508/2849/2639 1509/2851/2641
f 87/2850/2640 1509/2851/2641 88/2852/2642
f 88/2852/2642 1509/2851/2641 1510/2853/2643
f 88/2852/2642 1510/2853/2643 89/2854/2644
f 89/2854/2644 1510/2853/2643 1511/2855/2645
f 89/2854/2644 1511/2855/2645 90/2856/2646
f 90/2856/2646 1511/2855/2645 1512/2857/2647
f 90/2856/2646 1512/2857/2647 91/2858/2648
f 91/2858/2648 1512/2857/2647 1513/2859/2649
f 91/2858/2648 1513/2859/2649 92/2860/2650
f 92/2860/2650 1513/2859/2649 1514/2861/2651
f 92/2860/2650 1514/2861/2651 93/2862/2652
f 93/2862/2652 1514/2861/2651 1515/2863/2653
f 93/2862/2652 1515/2863/2653 94/2864/2654
f 94/2864/2654 1515/2863/2653 1516/2865/2655
f 94/2864/2654 1516/2865/2655 95/2866/2656
f 95/2866/2656 1516/2865/2655 1517/2867/2657
f 95/2866/2656 1517/2867/2657 96/2868/2658
f 96/2868/2658 1517/2867/2657 1518/2869/2659
f 96/2868/2658 1518/2869/2659 97/2870/2660
f 97/2870/2660 1518/2869/2659 1519/2871/2661
f 97/2870/2660 1519/2871/2661 98/2872/2662
f 98/2872/2662 1519/2871/2661 1520/2873/2663
f 98/2872/2662 1520/2873/2663 99/2874/2664
f 99/2874/2664 1520/2873/2663 1521/2875/2665
f 99/2874/2664 1521/2875/2665 100/2876/2666
f 100/2876/2666 1521/2875/2665 1522/2877/2667
f 100/2876/2666 1522/2877/2667 101/2878/2668
f 101/2878/2668 1522/2877/2667 1523/2879/2669
f 101/2878/2668 1523/2879/2669 102/2880/2670
f 102/2880/2670 1523/2879/2669 1524/2881/2671
f 102/2880/2670 1524/2881/2671 103/2882/2672
f 103/2882/2672 1524/2881/2671 1525/2883/2673
f 103/2882/2672 1525/2883/2673 104/2884/2674
f 104/2884/2674 1525/2883/2673 1526/2885/2675
f 104/2884/2674 1526/2885/2675 105/2886/2676
f 105/2886/2676 1526/2885/2675 1527/2887/2677
f 105/2886/2676 1527/2887/2677 106/2888/2678
f 106/2888/2678 1527/2887/2677 1528/2889/2679
f 106/2888/2678 1528/2889/2679 107/2890/2680
f 107/2890/2680 1528/2889/2679 1529/2891/2681
f 107/2890/2680 1529/2891/2681 108/2818/2610
f 108/2818/2610 1529/2891/2681 1530/2819/2611
f 1530/2892/2682 1514/2893/2683 1495/2894/2684
f 1495/2894/2684 1514/2893/2683 1513/2895/2685
f 1495/2894/2684 1513/2895/2685 1496/2896/2686
f 1496/2896/2686 1513/2895/2685 1512/2897/2687
f 1496/2896/2686 1512/2897/2687 1497/2898/2688
f 1497/2898/2688 1512/2897/2687 1511/2899/2689
f 1497/2898/2688 1511/2899/2689 1498/2900/2690
f 1498/2900/2690 1511/2899/2689 1510/2901/2691
f 1498/2900/2690 1510/2901/2691 1499/2902/2692
f 1499/2902/2692 1510/2901/2691 1509/2903/2693
f 1499/2902/2692 1509/2903/2693 1500/2904/2694
f 1500/2904/2694 1509/2903/2693 1508/2905/2695
f 1500/2904/2694 1508/2905/2695 1501/2906/2696
f 1501/2906/2696 1508/2905/2695 1507/2907/2697
f 1501/2906/2696 1507/2907/2697 1502/2908/2698
f 1502/2908/2698 1507/2907/2697 1506/2909/2699
f 1502/2908/2698 1506/2909/2699 1503/2910/2700
f 1503/2910/2700 1506/2909/2699 1505/2911/2701
f 1503/2910/2700 1505/2911/2701 1504/2912/2702
f 1514/2893/2683 1530/2892/2682 1515/2913/2703
f 1515/2913/2703 1530/2892/2682 1529/2914/2704
f 1515/2913/2703 1529/2914/2704 1516/2915/2705
f 1516/2915/2705 1529/2914/2704 1528/2916/2706
f 1516/2915/2705 1528/2916/2706 1517/2917/2707
f 1517/2917/2707 1528/2916/2706 1527/2918/2708
f 1517/2917/2707 1527/2918/2708 1518/2919/2709
f 1518/2919/2709 1527/2918/2708 1526/2920/2710
f 1518/2919/2709 1526/2920/2710 1519/2921/2711
f 1519/2921/2711 1526/2920/2710 1525/2922/2712
f 1519/2921/2711 1525/2922/2712 1520/2923/2713
f 1520/2923/2713 1525/2922/2712 1524/2924/2714
f 1520/2923/2713 1524/2924/2714 1521/2925/2715
f 1521/2925/2715 1524/2924/2714 1523/2926/2716
f 1521/2925/2715 1523/2926/2716 1522/2927/2717
f 144/2928/2718 953/2929/2719 109/2930/2720
f 109/2930/2720 953/2929/2719 952/2931/2721
f 109/2932/2720 952/2933/2721 110/2934/2722
f 110/2934/2722 952/2933/2721 987/2935/2723
f 110/2934/2722 987/2935/2723 111/2936/2724
f 111/2936/2724 987/2935/2723 986/2937/2725
f 111/2936/2724 986/2937/2725 112/2938/2726
f 112/2938/2726 986/2937/2725 985/2939/2727
f 112/2938/2726 985/2939/2727 113/2940/2728
f 113/2940/2728 985/2939/2727 984/2941/2729
f 113/2940/2728 984/2941/2729 114/2942/2730
f 114/2942/2730 984/2941/2729 983/2943/2731
f 114/2942/2730 983/2943/2731 115/2944/2732
f 115/2944/2732 983/2943/2731 982/2945/2733
f 115/2944/2732 982/2945/2733 116/2946/2734
f 116/2946/2734 982/2945/2733 981/2947/2735
f 116/2946/2734 981/2947/2735 117/2948/2736
f 117/2948/2736 981/2947/2735 980/2949/2737
f 117/2948/2736 980/2949/2737 118/2950/2738
f 118/2950/2738 980/2949/2737 979/2951/2739
f 118/2950/2738 979/2951/2739 119/2952/2740
f 119/2952/2740 979/2951/2739 978/2953/2741
f 119/2952/2740 978/2953/2741 120/2954/2742
f 120/2954/2742 978/2953/2741 977/2955/2743
f 120/2954/2742 977/2955/2743 121/2956/2744
f 121/2956/2744 977/2955/2743 976/2957/2745
f 121/2956/2744 976/2957/2745 122/2958/2746
f 122/2958/2746 976/2957/2745 975/2959/2747
f 122/2958/2746 975/2959/2747 123/2960/2748
f 123/2960/2748 975/2959/2747 974/2961/2749
f 123/2960/2748 974/2961/2749 124/2962/2750
f 124/2962/2750 974/2961/2749 973/2963/2751
f 124/2962/2750 973/2963/2751 125/2964/2752
f 125/2964/2752 973/2963/2751 972/2965/2753
f 125/2964/2752 972/2965/2753 126/2966/2754
f 126/2966/2754 972/2965/2753 971/2967/2755
f 126/2966/2754 971/2967/2755 127/2968/2756
f 127/2968/2756 971/2967/2755 970/2969/2757
f 127/2968/2756 970/2969/2757 128/2970/2758
f 128/2970/2758 970/2969/2757 969/2971/2759
f 128/2970/2758 969/2971/2759 129/2972/2760
f 129/2972/2760 969/2971/2759 968/2973/2761
f 129/2972/2760 968/2973/2761 130/2974/2762
f 130/2974/2762 968/2973/2761 967/2975/2763
f 130/2974/2762 967/2975/2763 131/2976/2764
f 131/2976/2764 967/2975/2763 966/2977/2765
f 131/2976/2764 966/2977/2765 132/2978/2766
f 132/2978/2766 966/2977/2765 965/2979/2767
f 132/2978/2766 965/2979/2767 133/2980/2768
f 133/2980/2768 965/2979/2767 964/2981/2769
f 133/2980/2768 964/2981/2769 134/2982/2770
f 134/2982/2770 964/2981/2769 963/2983/2771
f 134/2982/2770 963/2983/2771 135/2984/2772
f 135/2984/2772 963/2983/2771 962/2985/2773
f 135/2984/2772 962/2985/2773 136/2986/2774
f 136/2986/2774 962/2985/2773 961/2987/2775
f 136/2986/2774 961/2987/2775 137/2988/2776
f 137/2988/2776 961/2987/2775 960/2989/2777
f 137/2988/2776 960/2989/2777 138/2990/2778
f 138/2990/2778 960/2989/2777 959/2991/2779
f 138/2990/2778 959/2991/2779 139/2992/2780
f 139/2992/2780 959/2991/2779 958/2993/2781
f 139/2992/2780 958/2993/2781 140/2994/2782
f 140/2994/2782 958/2993/2781 957/2995/2783
f 140/2994/2782 957/2995/2783 141/2996/2784
f 141/2996/2784 957/2995/2783 956/2997/2785
f 141/2996/2784 956/2997/2785 142/2998/2786
f 142/2998/2786 956/2997/2785 955/2999/2787
f 142/2998/2786 955/2999/2787 143/3000/2788
f 143/3000/2788 955/2999/2787 954/3001/2789
f 143/3000/2788 954/3001/2789 144/2928/2718
f 144/2928/2718 954/3001/2789 953/2929/2719
f 288/3002/2790 917/3003/2791 253/3004/2792
f 253/3004/2792 917/3003/2791 916/3005/2793
f 253/3006/2792 916/3007/2793 254/3008/2794
f 254/3008/2794 916/3007/2793 951/3009/2795
f 254/3008/2794 951/3009/2795 255/3010/2796
f 255/3010/2796 951/3009/2795 950/3011/2797
f 255/3010/2796 950/3011/2797 256/3012/2798
f 256/3012/2798 950/3011/2797 949/3013/2799
f 256/3012/2798 949/3013/2799 257/3014/2800
f 257/3014/2800 949/3013/2799 948/3015/2801
f 257/3014/2800 948/3015/2801 258/3016/2802
f 258/3016/2802 948/3015/2801 947/3017/2803
f 258/3016/2802 947/3017/2803 259/3018/2804
f 259/3018/2804 947/3017/2803 946/3019/2805
f 259/3018/2804 946/3019/2805 260/3020/2806
f 260/3020/2806 946/3019/2805 945/3021/2807
f 260/3020/2806 945/3021/2807 261/3022/2808
f 261/3022/2808 945/3021/2807 944/3023/2809
f 261/3022/2808 944/3023/2809 262/3024/2810
f 262/3024/2810 944/3023/2809 943/3025/2811
f 262/3024/2810 943/3025/2811 263/3026/2812
f 263/3026/2812 943/3025/2811 942/3027/2813
f 263/3026/2812 942/3027/2813 264/3028/2814
f 264/3028/2814 942/3027/2813 941/3029/2815
f 264/3028/2814 941/3029/2815 265/3030/2816
f 265/3030/2816 941/3029/2815 940/3031/2817
f 265/3030/2816 940/3031/2817 266/3032/2818
f 266/3032/2818 940/3031/2817 939/3033/2819
f 266/3032/2818 939/3033/2819 267/3034/2820
f 267/3034/2820 939/3033/2819 938/3035/2821
f 267/3034/2820 938/3035/2821 268/3036/2822
f 268/3036/2822 938/3035/2821 937/3037/2823
f 268/3036/2822 937/3037/2823 269/3038/2824
f 269/3038/2824 937/3037/2823 936/3039/2825
f 269/3038/2824 936/3039/2825 270/3040/2826
f 270/3040/2826 936/3039/2825 935/3041/2827
f 270/3040/2826 935/3041/2827 271/3042/2828
f 271/3042/2828 935/3041/2827 934/3043/2829
f 271/3042/2828 934/3043/2829 272/3044/2830
f 272/3044/2830 934/3043/2829 933/3045/2831
f 272/3044/2830 933/3045/2831 273/3046/2832
f 273/3046/2832 933/3045/2831 932/3047/2833
f 273/3046/2832 932/3047/2833 274/3048/2834
f 274/3048/2834 932/3047/2833 931/3049/2835
f 274/3048/2834 931/3049/2835 275/3050/2836
f 275/3050/2836 931/3049/2835 930/3051/2837
f 275/3050/2836 930/3051/2837 276/3052/2838
f 276/3052/2838 930/3051/2837 929/3053/2839
f 276/3052/2838 929/3053/2839 277/3054/2840
f 277/3054/2840 929/3053/2839 928/3055/2841
f 277/3054/2840 928/3055/2841 278/3056/2842
f 278/3056/2842 928/3055/2841 927/3057/2843
f 278/3056/2842 927/3057/2843 279/3058/2844
f 279/3058/2844 927/3057/2843 926/3059/2845
f 279/3058/2844 926/3059/2845 280/3060/2846
f 280/3060/2846 926/3059/2845 925/3061/2847
f 280/3060/2846 925/3061/2847 281/3062/2848
f 281/3062/2848 925/3061/2847 924/3063/2849
f 281/3062/2848 924/3063/2849 282/3064/2850
f 282/3064/2850 924/3063/2849 923/3065/2851
f 282/3064/2850 923/3065/2851 283/3066/2852
f 283/3066/2852 923/3065/2851 922/3067/2853
f 283/3066/2852 922/3067/2853 284/3068/2854
f 284/3068/2854 922/3067/2853 921/3069/2855
f 284/3068/2854 921/3069/2855 285/3070/2856
f 285/3070/2856 921/3069/2855 920/3071/2857
f 285/3070/2856 920/3071/2857 286/3072/2858
f 286/3072/2858 920/3071/2857 919/3073/2859
f 286/3072/2858 919/3073/2859 287/3074/2860
f 287/3074/2860 919/3073/2859 918/3075/2861
f 287/3074/2860 918/3075/2861 288/3002/2790
f 288/3002/2790 918/3075/2861 917/3003/2791
f 358/3076/2862 310/3077/2863 841/3078/2864
f 841/3078/2864 310/3077/2863 309/3079/2865
f 841/3078/2864 309/3079/2865 608/3080/2866
f 836/3081/2867 781/3082/2868 837/3083/2869
f 837/3083/2869 781/3082/2868 780/3084/2870
# 1530 vertices
# 3084 texture params
# 2870 normals
# 3064 facets

# 1 groups
